Session,Driver,Team,LapNumber,Stint,Compound,TyreLife,LapTime_sec,Sector1Time_sec,Sector2Time_sec,Sector3Time_sec,PitOutTime_sec,PitInTime_sec,SpeedI1,SpeedI2,SpeedFL,SpeedST,IsPersonalBest,Position,IsAccurate
FP1,NOR,McLaren,1.0,1.0,MEDIUM,1.0,,,23.812,62.768,1014.076,,234.0,234.0,102.0,96.0,0,,0
FP1,NOR,McLaren,2.0,1.0,MEDIUM,2.0,,40.404,20.046,,,1255.812,249.0,291.0,,176.0,0,,0
FP1,NOR,McLaren,3.0,2.0,MEDIUM,3.0,,43.538,22.121,,1783.009,1889.117,232.0,276.0,,190.0,0,,0
FP1,NOR,McLaren,4.0,3.0,MEDIUM,4.0,101.411,40.252,20.724,40.435,2207.809,,237.0,263.0,293.0,189.0,0,,0
FP1,NOR,McLaren,5.0,3.0,MEDIUM,5.0,84.906,29.609,18.321,36.976,,,262.0,265.0,276.0,282.0,1,,1
FP1,NOR,McLaren,6.0,3.0,MEDIUM,6.0,84.391,29.862,18.361,36.168,,,264.0,289.0,286.0,233.0,1,,1
FP1,NOR,McLaren,7.0,3.0,MEDIUM,7.0,,29.637,25.959,,,2578.242,195.0,193.0,,260.0,0,,0
FP1,VER,Red Bull Racing,1.0,1.0,MEDIUM,1.0,124.309,58.007,22.645,43.657,929.473,,234.0,254.0,274.0,146.0,0,,0
FP1,VER,Red Bull Racing,2.0,1.0,MEDIUM,2.0,104.573,31.865,18.298,54.41,,,244.0,277.0,116.0,213.0,1,,0
FP1,VER,Red Bull Racing,3.0,1.0,MEDIUM,3.0,115.581,46.488,23.017,46.076,,,210.0,246.0,274.0,147.0,0,,0
FP1,VER,Red Bull Racing,4.0,1.0,MEDIUM,4.0,82.92,29.225,17.878,35.817,,,246.0,280.0,287.0,291.0,1,,1
FP1,VER,Red Bull Racing,5.0,1.0,MEDIUM,5.0,,68.827,23.938,58.213,,,216.0,205.0,275.0,207.0,0,,0
FP1,VER,Red Bull Racing,6.0,1.0,MEDIUM,6.0,82.305,29.148,17.841,35.316,,,246.0,282.0,284.0,282.0,1,,1
FP1,VER,Red Bull Racing,7.0,1.0,MEDIUM,7.0,129.341,41.316,27.488,60.537,,,189.0,128.0,276.0,215.0,0,,1
FP1,VER,Red Bull Racing,8.0,1.0,MEDIUM,8.0,97.97,33.394,23.27,41.306,,,207.0,235.0,278.0,294.0,0,,1
FP1,VER,Red Bull Racing,9.0,1.0,MEDIUM,9.0,82.307,28.936,17.887,35.484,,,244.0,279.0,284.0,293.0,0,,1
FP1,VER,Red Bull Racing,10.0,1.0,MEDIUM,10.0,,82.771,27.15,70.169,,2046.567,188.0,143.0,,210.0,0,,0
FP1,VER,Red Bull Racing,11.0,2.0,MEDIUM,11.0,105.58,39.142,20.656,45.782,2076.821,,240.0,260.0,278.0,168.0,0,,0
FP1,VER,Red Bull Racing,12.0,2.0,MEDIUM,12.0,81.403,28.648,17.806,34.949,,,245.0,280.0,287.0,296.0,1,,1
FP1,VER,Red Bull Racing,13.0,2.0,MEDIUM,13.0,,34.656,21.523,,,2356.872,234.0,252.0,,237.0,0,,0
FP1,VER,Red Bull Racing,14.0,3.0,SOFT,1.0,103.147,39.606,22.331,41.21,2872.307,,240.0,266.0,279.0,188.0,0,,0
FP1,VER,Red Bull Racing,15.0,3.0,SOFT,2.0,80.908,28.394,17.739,34.775,,,252.0,286.0,290.0,295.0,1,,1
FP1,VER,Red Bull Racing,16.0,3.0,SOFT,3.0,133.564,42.072,26.164,65.328,,3168.807,193.0,234.0,,196.0,0,,0
FP1,VER,Red Bull Racing,17.0,4.0,SOFT,4.0,111.234,41.522,21.415,48.297,3189.983,,228.0,265.0,279.0,145.0,0,,0
FP1,VER,Red Bull Racing,18.0,4.0,SOFT,5.0,80.789,28.362,17.673000000000002,34.754,,,250.0,288.0,293.0,296.0,1,,1
FP1,VER,Red Bull Racing,19.0,4.0,SOFT,6.0,,35.845,21.604,,,3476.178,227.0,258.0,,193.0,0,,0
FP1,VER,Red Bull Racing,20.0,5.0,MEDIUM,14.0,102.63,40.394,18.757,43.479,3988.626,,227.0,293.0,289.0,193.0,0,,0
FP1,VER,Red Bull Racing,21.0,5.0,MEDIUM,15.0,85.753,30.613,18.583,36.557,,,251.0,294.0,295.0,281.0,0,,1
FP1,VER,Red Bull Racing,22.0,5.0,MEDIUM,16.0,84.846,29.728,18.556,36.562,,,245.0,295.0,302.0,287.0,0,,1
FP1,VER,Red Bull Racing,23.0,5.0,MEDIUM,17.0,84.843,29.671,18.528,36.644,,,243.0,293.0,291.0,299.0,0,,1
FP1,VER,Red Bull Racing,24.0,5.0,MEDIUM,18.0,84.894,29.991,18.272,36.631,,,243.0,297.0,290.0,283.0,0,,1
FP1,VER,Red Bull Racing,25.0,5.0,MEDIUM,19.0,84.621,29.757,18.362,36.502,,,243.0,298.0,295.0,284.0,0,,1
FP1,VER,Red Bull Racing,26.0,5.0,MEDIUM,20.0,,39.06,25.294,,,,201.0,209.0,58.0,200.0,0,,0
FP1,VER,Red Bull Racing,27.0,5.0,MEDIUM,21.0,,35.853,19.851,,,4785.629,234.0,282.0,,205.0,0,,0
FP1,BOR,Audi,1.0,1.0,MEDIUM,1.0,,62.348,23.116,,1000.413,1140.826,177.0,214.0,,130.0,0,,0
FP1,BOR,Audi,2.0,2.0,MEDIUM,2.0,125.572,56.725,21.014,47.833,1634.365,,236.0,244.0,271.0,142.0,0,,0
FP1,BOR,Audi,3.0,2.0,MEDIUM,3.0,96.091,32.727,20.39,42.974,,,248.0,240.0,279.0,248.0,1,,1
FP1,BOR,Audi,4.0,2.0,MEDIUM,4.0,84.332,29.499,18.396,36.437,,,271.0,279.0,296.0,289.0,1,,1
FP1,BOR,Audi,5.0,2.0,MEDIUM,5.0,108.334,40.496,23.467,44.371,,,215.0,271.0,278.0,242.0,0,,1
FP1,BOR,Audi,6.0,2.0,MEDIUM,6.0,82.802,28.921,18.049,35.832,,,272.0,280.0,295.0,290.0,1,,1
FP1,BOR,Audi,7.0,2.0,MEDIUM,7.0,117.702,44.017,23.561,50.124,,,154.0,234.0,282.0,224.0,0,,1
FP1,BOR,Audi,8.0,2.0,MEDIUM,8.0,108.424,29.235,18.331,60.858,,2330.873,268.0,281.0,,293.0,0,,0
FP1,BOR,Audi,9.0,3.0,MEDIUM,9.0,117.562,42.426,25.233,49.903,2356.116,,164.0,212.0,276.0,143.0,0,,0
FP1,BOR,Audi,10.0,3.0,MEDIUM,10.0,82.826,28.966,18.039,35.821,,,273.0,281.0,297.0,289.0,0,,1
FP1,BOR,Audi,11.0,3.0,MEDIUM,11.0,,36.019,23.597,,,2654.271,230.0,167.0,,219.0,0,,0
FP1,BOR,Audi,12.0,4.0,SOFT,1.0,105.683,38.494,20.474,46.715,3233.528,,232.0,232.0,283.0,199.0,0,,0
FP1,BOR,Audi,13.0,4.0,SOFT,2.0,82.245,28.671,18.247,35.327,,,271.0,278.0,291.0,294.0,1,,1
FP1,BOR,Audi,14.0,4.0,SOFT,3.0,121.364,45.658,34.625,41.081,,,124.0,205.0,280.0,236.0,0,,1
FP1,BOR,Audi,15.0,4.0,SOFT,4.0,81.696,28.432,17.955,35.309,,,273.0,280.0,294.0,290.0,1,,1
FP1,BOR,Audi,16.0,4.0,SOFT,5.0,,38.678,20.714,,,3719.048,229.0,249.0,,270.0,0,,0
FP1,BOR,Audi,17.0,5.0,MEDIUM,12.0,121.843,54.691,18.892,48.26,4012.436,4119.562,242.0,265.0,,203.0,0,,0
FP1,BOR,Audi,18.0,6.0,MEDIUM,13.0,115.773,60.049,18.347,37.377,4134.306,,246.0,289.0,284.0,210.0,0,,0
FP1,BOR,Audi,19.0,6.0,MEDIUM,14.0,85.242,30.121,18.202,36.919,,,259.0,284.0,289.0,276.0,0,,1
FP1,BOR,Audi,20.0,6.0,MEDIUM,15.0,85.384,30.065,18.221,37.098,,,266.0,290.0,287.0,283.0,0,,1
FP1,BOR,Audi,21.0,6.0,MEDIUM,16.0,85.102,29.888,18.129,37.085,,,268.0,289.0,303.0,280.0,0,,1
FP1,BOR,Audi,22.0,6.0,MEDIUM,17.0,,42.983,23.58,94.147,,,156.0,231.0,37.0,279.0,0,,0
FP1,BOR,Audi,23.0,6.0,MEDIUM,18.0,,39.856,28.611,,,4775.857,153.0,177.0,,216.0,0,,0
FP1,HAD,Red Bull Racing,1.0,1.0,MEDIUM,1.0,129.144,62.292,22.072,44.78,933.533,,225.0,269.0,279.0,144.0,0,,0
FP1,HAD,Red Bull Racing,2.0,1.0,MEDIUM,2.0,135.787,33.445,34.367,67.975,,,166.0,75.0,199.0,253.0,1,,0
FP1,HAD,Red Bull Racing,3.0,1.0,MEDIUM,3.0,110.429,42.23,22.872,45.327,,,200.0,247.0,278.0,203.0,1,,0
FP1,HAD,Red Bull Racing,4.0,1.0,MEDIUM,4.0,84.147,29.713,18.115,36.319,,,241.0,285.0,284.0,290.0,1,,1
FP1,HAD,Red Bull Racing,5.0,1.0,MEDIUM,5.0,140.85,50.576,35.534,54.74,,,132.0,103.0,275.0,237.0,0,,1
FP1,HAD,Red Bull Racing,6.0,1.0,MEDIUM,6.0,82.9,29.366,17.872,35.662,,,241.0,285.0,290.0,294.0,1,,1
FP1,HAD,Red Bull Racing,7.0,1.0,MEDIUM,7.0,,58.206,38.074,58.21,,,131.0,206.0,280.0,208.0,0,,0
FP1,HAD,Red Bull Racing,8.0,1.0,MEDIUM,8.0,81.888,28.927,17.756,35.205,,,245.0,286.0,287.0,301.0,1,,1
FP1,HAD,Red Bull Racing,9.0,1.0,MEDIUM,9.0,149.235,53.361,29.252,66.622,,1974.373,151.0,220.0,,231.0,0,,0
FP1,HAD,Red Bull Racing,10.0,2.0,MEDIUM,10.0,113.861,45.025,21.021,47.815,1998.384,,232.0,269.0,281.0,145.0,0,,0
FP1,HAD,Red Bull Racing,11.0,2.0,MEDIUM,11.0,81.46,28.729,17.724,35.007,,,247.0,284.0,290.0,300.0,1,,1
FP1,HAD,Red Bull Racing,12.0,2.0,MEDIUM,12.0,,55.02,21.202,,,2309.105,184.0,256.0,,218.0,0,,0
FP1,HAD,Red Bull Racing,13.0,3.0,SOFT,1.0,112.217,44.844,23.708,43.665,2905.339,,206.0,230.0,277.0,161.0,0,,0
FP1,HAD,Red Bull Racing,14.0,3.0,SOFT,2.0,81.087,28.621,17.62,34.846,,,249.0,286.0,282.0,297.0,1,,1
FP1,HAD,Red Bull Racing,15.0,3.0,SOFT,3.0,,54.159,31.519,70.422,,3229.429,158.0,156.0,,206.0,0,,0
FP1,HAD,Red Bull Racing,16.0,4.0,SOFT,4.0,123.207,54.533,25.485,43.189,3255.256,,203.0,276.0,281.0,92.0,0,,0
FP1,HAD,Red Bull Racing,17.0,4.0,SOFT,5.0,,48.119,29.99,,,3507.253,190.0,159.0,,299.0,0,,0
FP1,HAD,Red Bull Racing,18.0,5.0,MEDIUM,13.0,116.251,59.596,18.874,37.781,4119.019,,258.0,289.0,286.0,212.0,0,,0
FP1,HAD,Red Bull Racing,19.0,5.0,MEDIUM,14.0,85.276,30.126,18.312,36.838,,,240.0,298.0,293.0,281.0,0,,1
FP1,HAD,Red Bull Racing,20.0,5.0,MEDIUM,15.0,85.702,29.787,18.32,37.595,,,241.0,299.0,299.0,289.0,0,,1
FP1,HAD,Red Bull Racing,21.0,5.0,MEDIUM,16.0,84.879,29.92,18.096,36.863,,,244.0,304.0,294.0,298.0,0,,1
FP1,HAD,Red Bull Racing,22.0,5.0,MEDIUM,17.0,85.112,29.838,18.077,37.197,,,245.0,306.0,301.0,293.0,0,,1
FP1,HAD,Red Bull Racing,23.0,5.0,MEDIUM,18.0,,51.344,30.036,,,,164.0,221.0,105.0,218.0,0,,0
FP1,HAD,Red Bull Racing,24.0,5.0,MEDIUM,19.0,,32.141,19.916,,,4835.968,249.0,201.0,,246.0,0,,0
FP1,GAS,Alpine,1.0,1.0,MEDIUM,1.0,125.377,51.392,21.802,52.183,1041.275,,175.0,227.0,168.0,100.0,0,,0
FP1,GAS,Alpine,2.0,1.0,MEDIUM,2.0,122.316,43.369,20.627,58.32,,,243.0,282.0,257.0,141.0,1,,0
FP1,GAS,Alpine,3.0,1.0,MEDIUM,3.0,88.397,31.852,18.425,38.12,,,250.0,297.0,281.0,249.0,1,,1
FP1,GAS,Alpine,4.0,1.0,MEDIUM,4.0,106.631,36.49,23.071,47.07,,,224.0,262.0,292.0,213.0,0,,1
FP1,GAS,Alpine,5.0,1.0,MEDIUM,5.0,86.13,30.342,18.762,37.026,,,259.0,260.0,284.0,287.0,1,,1
FP1,GAS,Alpine,6.0,1.0,MEDIUM,6.0,122.577,42.684,29.71,50.183,,,189.0,209.0,316.0,216.0,0,,1
FP1,GAS,Alpine,7.0,1.0,MEDIUM,7.0,85.477,29.657,19.182,36.638,,,258.0,263.0,282.0,298.0,1,,1
FP1,GAS,Alpine,8.0,1.0,MEDIUM,8.0,121.103,43.045,25.192,52.866,,,151.0,243.0,286.0,212.0,0,,1
FP1,GAS,Alpine,9.0,1.0,MEDIUM,9.0,104.567,37.816,21.448,45.303,,,247.0,293.0,267.0,296.0,0,,1
FP1,GAS,Alpine,10.0,1.0,MEDIUM,10.0,85.499,29.721,18.81,36.968,,,266.0,261.0,289.0,276.0,0,,1
FP1,GAS,Alpine,11.0,1.0,MEDIUM,11.0,,38.688,22.638,98.395,,2195.263,235.0,176.0,,218.0,0,,0
FP1,GAS,Alpine,12.0,2.0,MEDIUM,12.0,118.288,41.016,19.058,58.214,2248.943,,234.0,290.0,270.0,128.0,0,,0
FP1,GAS,Alpine,13.0,2.0,MEDIUM,13.0,,32.341,20.674,,,2457.506,238.0,273.0,,270.0,0,,0
FP1,GAS,Alpine,14.0,3.0,SOFT,1.0,104.902,38.635,19.338,46.929,3026.371,,224.0,286.0,279.0,201.0,0,,0
FP1,GAS,Alpine,15.0,3.0,SOFT,2.0,115.639,40.546,26.105,48.988,,,126.0,240.0,281.0,293.0,0,,1
FP1,GAS,Alpine,16.0,3.0,SOFT,3.0,85.386,29.79,18.89,36.706,,,260.0,260.0,286.0,299.0,1,,1
FP1,GAS,Alpine,17.0,3.0,SOFT,4.0,123.201,46.002,25.377,51.822,,,207.0,270.0,277.0,261.0,0,,1
FP1,GAS,Alpine,18.0,3.0,SOFT,5.0,105.499,39.65,23.203,42.646,,,190.0,248.0,315.0,290.0,0,,1
FP1,GAS,Alpine,19.0,3.0,SOFT,6.0,84.794,29.331,18.946,36.517,,,270.0,262.0,280.0,313.0,1,,1
FP1,GAS,Alpine,20.0,3.0,SOFT,7.0,120.222,46.557,25.794,47.871,,,186.0,222.0,289.0,217.0,0,,1
FP1,GAS,Alpine,21.0,3.0,SOFT,8.0,102.365,29.308,18.109,54.948,,,265.0,269.0,193.0,304.0,0,,0
FP1,GAS,Alpine,22.0,3.0,SOFT,9.0,124.763,41.318,26.365,57.08,,,174.0,265.0,198.0,191.0,0,,0
FP1,GAS,Alpine,23.0,3.0,SOFT,10.0,114.319,40.498,26.335,47.486,,,199.0,192.0,273.0,202.0,0,,0
FP1,GAS,Alpine,24.0,3.0,SOFT,11.0,84.271,29.576999999999998,18.452,36.242,,,268.0,258.0,295.0,290.0,1,,1
FP1,GAS,Alpine,25.0,3.0,SOFT,12.0,118.898,44.031,27.122,47.745,,,128.0,218.0,286.0,241.0,0,,1
FP1,GAS,Alpine,26.0,3.0,SOFT,13.0,84.035,28.982,18.597,36.456,,,284.0,262.0,295.0,311.0,1,,1
FP1,GAS,Alpine,27.0,3.0,SOFT,14.0,,42.343,30.441,,,4518.441,150.0,176.0,,225.0,0,,0
FP1,PER,Cadillac,1.0,1.0,MEDIUM,1.0,128.844,47.838,24.897,56.109,1183.822,,206.0,122.0,274.0,144.0,0,,0
FP1,PER,Cadillac,2.0,1.0,MEDIUM,2.0,90.437,32.908,18.694,38.835,,,265.0,299.0,296.0,236.0,1,,1
FP1,PER,Cadillac,3.0,1.0,MEDIUM,3.0,119.128,44.395,25.572,49.161,,,152.0,247.0,284.0,224.0,0,,1
FP1,PER,Cadillac,4.0,1.0,MEDIUM,4.0,87.407,31.222,18.409,37.776,,,272.0,287.0,297.0,255.0,1,,1
FP1,PER,Cadillac,5.0,1.0,MEDIUM,5.0,,49.088,22.916,,,1722.43,116.0,259.0,,204.0,0,,0
FP1,PER,Cadillac,6.0,2.0,MEDIUM,6.0,107.583,40.008,20.692,46.883,2844.384,,240.0,273.0,284.0,162.0,0,,0
FP1,PER,Cadillac,7.0,2.0,MEDIUM,7.0,86.132,30.245,18.912,36.975,,,263.0,284.0,302.0,264.0,1,,1
FP1,PER,Cadillac,8.0,2.0,MEDIUM,8.0,,42.089,21.89,,,3140.687,181.0,279.0,,195.0,0,,0
FP1,PER,Cadillac,9.0,3.0,SOFT,1.0,104.19,40.57,20.735,42.885,3518.058,,234.0,275.0,285.0,185.0,0,,0
FP1,PER,Cadillac,10.0,3.0,SOFT,2.0,84.62,29.655,18.329,36.636,,,261.0,289.0,303.0,283.0,1,,1
FP1,PER,Cadillac,11.0,3.0,SOFT,3.0,114.585,39.846,26.066,48.673,,,168.0,222.0,280.0,216.0,0,,1
FP1,PER,Cadillac,12.0,3.0,SOFT,4.0,136.984,42.271,27.743,66.97,,3944.938,216.0,183.0,,298.0,0,,0
FP1,PER,Cadillac,13.0,4.0,SOFT,5.0,127.152,59.624,22.64,44.888,3959.859,,179.0,299.0,282.0,195.0,0,,0
FP1,PER,Cadillac,14.0,4.0,SOFT,6.0,,44.381,27.582,,,4198.438,144.0,224.0,,297.0,0,,0
FP1,ANT,Mercedes,1.0,1.0,MEDIUM,1.0,,,22.79,71.116,923.677,1132.656,226.0,216.0,,35.0,0,,0
FP1,ANT,Mercedes,2.0,2.0,MEDIUM,2.0,123.516,50.749,21.172,51.595,1160.877,,250.0,229.0,277.0,189.0,0,,0
FP1,ANT,Mercedes,3.0,2.0,MEDIUM,3.0,84.363,29.885,18.27,36.208,,,261.0,270.0,285.0,278.0,1,,1
FP1,ANT,Mercedes,4.0,2.0,MEDIUM,4.0,111.05,41.08,26.408,43.562,,,178.0,220.0,281.0,242.0,0,,1
FP1,ANT,Mercedes,5.0,2.0,MEDIUM,5.0,82.812,29.042,18.425,35.345,,,271.0,261.0,300.0,293.0,1,,1
FP1,ANT,Mercedes,6.0,2.0,MEDIUM,6.0,123.07,45.264,31.021,46.785,,,156.0,181.0,269.0,258.0,0,,1
FP1,ANT,Mercedes,7.0,2.0,MEDIUM,7.0,82.495,28.996,18.059,35.44,,,274.0,268.0,280.0,281.0,1,,1
FP1,ANT,Mercedes,8.0,2.0,MEDIUM,8.0,138.477,68.418,23.429,46.63,,,174.0,244.0,284.0,267.0,0,,1
FP1,ANT,Mercedes,9.0,2.0,MEDIUM,9.0,112.701,37.455,23.537,51.709,,2000.588,136.0,248.0,,238.0,0,,0
FP1,ANT,Mercedes,10.0,3.0,MEDIUM,10.0,,93.603,20.153,,2014.451,2172.27,246.0,293.0,,76.0,0,,0
FP1,ANT,Mercedes,11.0,4.0,SOFT,1.0,113.635,49.236,21.289,43.11,2960.055,,228.0,259.0,264.0,161.0,0,,0
FP1,ANT,Mercedes,12.0,4.0,SOFT,2.0,106.772,40.598,23.113,43.061,,,216.0,255.0,277.0,272.0,0,,1
FP1,ANT,Mercedes,13.0,4.0,SOFT,3.0,81.376,28.49,17.976,34.91,,,269.0,268.0,278.0,296.0,1,,1
FP1,ANT,Mercedes,14.0,4.0,SOFT,4.0,,36.801,23.662,,,3359.962,206.0,243.0,,253.0,0,,0
FP1,ANT,Mercedes,15.0,5.0,MEDIUM,11.0,138.506,73.743,18.673000000000002,46.09,3706.801,,244.0,266.0,213.0,192.0,0,,0
FP1,ANT,Mercedes,16.0,5.0,MEDIUM,12.0,126.245,42.493,26.892,56.86,,,231.0,188.0,265.0,167.0,0,,0
FP1,ANT,Mercedes,17.0,5.0,MEDIUM,13.0,91.368,34.929,19.11,37.329,,,229.0,294.0,285.0,252.0,0,,0
FP1,ANT,Mercedes,18.0,5.0,MEDIUM,14.0,84.991,29.707,18.703,36.581,,,262.0,257.0,278.0,270.0,0,,1
FP1,ANT,Mercedes,19.0,5.0,MEDIUM,15.0,84.301,29.615,18.413,36.273,,,266.0,282.0,285.0,266.0,0,,1
FP1,ANT,Mercedes,20.0,5.0,MEDIUM,16.0,84.181,29.284,18.647,36.25,,,270.0,279.0,277.0,275.0,0,,1
FP1,ANT,Mercedes,21.0,5.0,MEDIUM,17.0,107.88,29.245,18.352,60.283,,4399.754,277.0,282.0,,276.0,0,,0
FP1,ANT,Mercedes,22.0,6.0,SOFT,5.0,145.106,87.934,20.701,36.471,4425.687,,235.0,292.0,275.0,128.0,0,,0
FP1,ANT,Mercedes,23.0,6.0,SOFT,6.0,,39.888,23.17,,,,220.0,233.0,115.0,233.0,0,,0
FP1,ANT,Mercedes,24.0,6.0,SOFT,7.0,,36.562,21.204,,,4843.899,229.0,261.0,,213.0,0,,0
FP1,LEC,Ferrari,1.0,1.0,MEDIUM,1.0,131.323,65.432,21.905,43.986,945.036,,231.0,251.0,300.0,110.0,0,,0
FP1,LEC,Ferrari,2.0,1.0,MEDIUM,2.0,132.77,31.973,30.634,70.163,,,266.0,151.0,292.0,209.0,1,,0
FP1,LEC,Ferrari,3.0,1.0,MEDIUM,3.0,91.362,31.39,19.571,40.401,,,245.0,287.0,264.0,266.0,1,,1
FP1,LEC,Ferrari,4.0,1.0,MEDIUM,4.0,84.176,29.548000000000002,18.134,36.494,,,275.0,288.0,316.0,261.0,1,,1
FP1,LEC,Ferrari,5.0,1.0,MEDIUM,5.0,109.737,36.682,21.376,51.679,,,206.0,269.0,282.0,230.0,0,,1
FP1,LEC,Ferrari,6.0,1.0,MEDIUM,6.0,82.322,28.993,17.919,35.41,,,242.0,295.0,302.0,285.0,1,,1
FP1,LEC,Ferrari,7.0,1.0,MEDIUM,7.0,115.578,38.889,27.682,49.007,,,158.0,203.0,279.0,235.0,0,,1
FP1,LEC,Ferrari,8.0,1.0,MEDIUM,8.0,82.08,28.793,17.819,35.468,,,242.0,295.0,300.0,285.0,1,,1
FP1,LEC,Ferrari,9.0,1.0,MEDIUM,9.0,101.914,39.078,20.755,42.081,,,212.0,275.0,280.0,222.0,0,,1
FP1,LEC,Ferrari,10.0,1.0,MEDIUM,10.0,81.635,28.346,17.985,35.304,,,281.0,280.0,303.0,286.0,1,,1
FP1,LEC,Ferrari,11.0,1.0,MEDIUM,11.0,112.299,37.376,21.492,53.431,,,192.0,236.0,276.0,235.0,0,,1
FP1,LEC,Ferrari,12.0,1.0,MEDIUM,12.0,99.296,30.038,19.985,49.273,,,246.0,280.0,278.0,287.0,0,,1
FP1,LEC,Ferrari,13.0,1.0,MEDIUM,13.0,102.789,29.925,20.963,51.901,,,230.0,235.0,279.0,287.0,0,,1
FP1,LEC,Ferrari,14.0,1.0,MEDIUM,14.0,81.227,28.512,17.632,35.083,,,247.0,296.0,309.0,287.0,1,,1
FP1,LEC,Ferrari,15.0,1.0,MEDIUM,15.0,104.56,34.854,24.11,45.596,,,169.0,167.0,307.0,231.0,0,,1
FP1,LEC,Ferrari,16.0,1.0,MEDIUM,16.0,,28.453,18.199,,,2536.583,244.0,281.0,,313.0,0,,0
FP1,LEC,Ferrari,17.0,2.0,SOFT,1.0,107.887,46.848,20.147,40.892,3017.161,,242.0,275.0,273.0,127.0,0,,0
FP1,LEC,Ferrari,18.0,2.0,SOFT,2.0,80.829,28.375,17.627,34.827,,,248.0,295.0,298.0,286.0,1,,1
FP1,LEC,Ferrari,19.0,2.0,SOFT,3.0,125.205,37.522,22.031,65.652,,3304.505,197.0,234.0,,250.0,0,,0
FP1,LEC,Ferrari,20.0,3.0,SOFT,4.0,142.251,63.689,19.824,58.738,3329.942,,239.0,281.0,282.0,108.0,0,,0
FP1,LEC,Ferrari,21.0,3.0,SOFT,5.0,98.037,32.25,20.154,45.633,,,240.0,276.0,276.0,227.0,0,,1
FP1,LEC,Ferrari,22.0,3.0,SOFT,6.0,80.96,28.278,17.749,34.933,,,251.0,289.0,303.0,285.0,0,,1
FP1,LEC,Ferrari,23.0,3.0,SOFT,7.0,108.032,37.474,27.147,43.411,,,197.0,182.0,274.0,241.0,0,,1
FP1,LEC,Ferrari,24.0,3.0,SOFT,8.0,109.995,28.989,22.244,58.762,,3854.641,201.0,226.0,,289.0,0,,0
FP1,LEC,Ferrari,25.0,4.0,SOFT,9.0,,73.226,23.774,55.88,3869.161,,226.0,246.0,275.0,151.0,0,,0
FP1,LEC,Ferrari,26.0,4.0,SOFT,10.0,93.586,28.937,19.961,44.688,,,245.0,277.0,281.0,290.0,0,,1
FP1,LEC,Ferrari,27.0,4.0,SOFT,11.0,82.452,28.403,17.518,36.531,,,266.0,304.0,302.0,291.0,0,,1
FP1,LEC,Ferrari,28.0,4.0,SOFT,12.0,103.175,32.869,20.504,49.802,,,221.0,269.0,283.0,280.0,0,,1
FP1,LEC,Ferrari,29.0,4.0,SOFT,13.0,94.189,30.964,20.511,42.714,,,236.0,275.0,279.0,262.0,0,,1
FP1,LEC,Ferrari,30.0,4.0,SOFT,14.0,80.267,28.205,17.472,34.59,,,247.0,302.0,309.0,289.0,1,,1
FP1,LEC,Ferrari,31.0,4.0,SOFT,15.0,112.678,33.308,27.409,51.961,,,182.0,205.0,198.0,264.0,0,,1
FP1,LEC,Ferrari,32.0,4.0,SOFT,16.0,,40.573,26.877,,,,190.0,152.0,212.0,163.0,0,,0
FP1,LEC,Ferrari,33.0,4.0,SOFT,17.0,,34.306,21.826999999999998,,,4865.899,224.0,273.0,,220.0,0,,0
FP1,STR,Aston Martin,1.0,1.0,HARD,1.0,,76.843,23.748,58.539,976.407,,219.0,161.0,247.0,39.0,0,,0
FP1,STR,Aston Martin,2.0,1.0,HARD,2.0,110.334,41.721,22.777,45.836,,,230.0,165.0,261.0,100.0,1,,0
FP1,STR,Aston Martin,3.0,1.0,HARD,3.0,,34.022,20.454,,,1336.839,243.0,251.0,,209.0,0,,0
FP1,ALB,Williams,1.0,1.0,MEDIUM,1.0,147.461,77.782,24.5,45.179,951.332,,212.0,249.0,277.0,85.0,0,,0
FP1,ALB,Williams,2.0,1.0,MEDIUM,2.0,130.215,42.425,25.848,61.942,,,143.0,253.0,78.0,218.0,1,,0
FP1,ALB,Williams,3.0,1.0,MEDIUM,3.0,124.08,51.681,24.877,47.522,,,234.0,259.0,259.0,70.0,1,,1
FP1,ALB,Williams,4.0,1.0,MEDIUM,4.0,89.23,31.069,20.362,37.799,,,245.0,280.0,272.0,257.0,1,,1
FP1,ALB,Williams,5.0,1.0,MEDIUM,5.0,87.316,30.119,20.047,37.15,,,255.0,281.0,276.0,279.0,1,,1
FP1,ALB,Williams,6.0,1.0,MEDIUM,6.0,106.084,34.418,25.966,45.7,,,135.0,212.0,275.0,241.0,0,,1
FP1,ALB,Williams,7.0,1.0,MEDIUM,7.0,84.436,29.959,18.225,36.252,,,266.0,271.0,290.0,273.0,1,,1
FP1,ALB,Williams,8.0,1.0,MEDIUM,8.0,112.123,39.727,27.892,44.504,,,174.0,225.0,274.0,277.0,0,,1
FP1,ALB,Williams,9.0,1.0,MEDIUM,9.0,85.063,30.037,18.301,36.725,,,262.0,268.0,279.0,283.0,0,,1
FP1,ALB,Williams,10.0,1.0,MEDIUM,10.0,121.34,47.579,29.047,44.714,,,159.0,189.0,271.0,191.0,0,,1
FP1,ALB,Williams,11.0,1.0,MEDIUM,11.0,84.243,29.761,18.469,36.013,,,261.0,258.0,297.0,281.0,1,,1
FP1,ALB,Williams,12.0,1.0,MEDIUM,12.0,114.321,42.375,28.499,43.447,,,163.0,185.0,269.0,235.0,0,,1
FP1,ALB,Williams,13.0,1.0,MEDIUM,13.0,83.67,29.408,18.178,36.084,,,266.0,268.0,291.0,280.0,1,,1
FP1,ALB,Williams,14.0,1.0,MEDIUM,14.0,109.973,42.659,25.302,42.012,,,148.0,266.0,271.0,267.0,0,,1
FP1,ALB,Williams,15.0,1.0,MEDIUM,15.0,83.144,29.126,18.308,35.71,,,268.0,260.0,303.0,283.0,1,,1
FP1,ALB,Williams,16.0,1.0,MEDIUM,16.0,113.206,38.842,28.913,45.451,,,175.0,191.0,263.0,265.0,0,,1
FP1,ALB,Williams,17.0,1.0,MEDIUM,17.0,83.663,29.561,18.28,35.822,,,255.0,271.0,291.0,276.0,0,,1
FP1,ALB,Williams,18.0,1.0,MEDIUM,18.0,,34.149,25.695,,,2804.052,199.0,200.0,,273.0,0,,0
FP1,ALB,Williams,19.0,2.0,SOFT,1.0,106.161,41.632,21.681,42.848,3178.659,,239.0,245.0,266.0,167.0,0,,0
FP1,ALB,Williams,20.0,2.0,SOFT,2.0,83.13,29.116,18.373,35.641,,,263.0,260.0,286.0,281.0,1,,1
FP1,ALB,Williams,21.0,2.0,SOFT,3.0,117.874,50.515,22.342,45.017,,,192.0,219.0,262.0,218.0,0,,1
FP1,ALB,Williams,22.0,2.0,SOFT,4.0,103.661,29.27,23.961,50.43,,,265.0,233.0,269.0,278.0,0,,1
FP1,ALB,Williams,23.0,2.0,SOFT,5.0,104.671,34.61,21.336,48.725,,,199.0,291.0,268.0,283.0,0,,1
FP1,ALB,Williams,24.0,2.0,SOFT,6.0,,29.094,25.103,,,4878.03,265.0,106.0,,281.0,0,,0
FP1,HUL,Audi,1.0,1.0,MEDIUM,1.0,,,24.754,45.67,902.982,,216.0,198.0,218.0,152.0,0,,0
FP1,HUL,Audi,2.0,1.0,MEDIUM,2.0,,37.025,23.85,,,1123.496,218.0,217.0,,194.0,0,,0
FP1,HUL,Audi,3.0,2.0,MEDIUM,3.0,116.443,54.584,20.656,41.203,1838.128,,204.0,256.0,253.0,152.0,0,,0
FP1,HUL,Audi,4.0,2.0,MEDIUM,4.0,85.935,30.553,18.444,36.938,,,268.0,288.0,295.0,263.0,1,,1
FP1,HUL,Audi,5.0,2.0,MEDIUM,5.0,110.302,40.611,27.73,41.961,,,222.0,207.0,263.0,199.0,0,,1
FP1,HUL,Audi,6.0,2.0,MEDIUM,6.0,83.555,29.44,18.134,35.981,,,272.0,281.0,302.0,283.0,1,,1
FP1,HUL,Audi,7.0,2.0,MEDIUM,7.0,127.205,41.554,32.505,53.146,,,162.0,168.0,264.0,208.0,0,,1
FP1,HUL,Audi,8.0,2.0,MEDIUM,8.0,100.144,34.604,21.347,44.193,,,176.0,255.0,263.0,275.0,0,,1
FP1,HUL,Audi,9.0,2.0,MEDIUM,9.0,83.014,28.845,18.508,35.661,,,272.0,273.0,296.0,292.0,1,,1
FP1,HUL,Audi,10.0,2.0,MEDIUM,10.0,,33.149,19.029,,,2628.063,265.0,271.0,,208.0,0,,0
FP1,HUL,Audi,11.0,3.0,SOFT,1.0,103.624,39.945,20.022,43.657,3008.942,,253.0,263.0,245.0,174.0,0,,0
FP1,HUL,Audi,12.0,3.0,SOFT,2.0,82.462,29.101,17.972,35.389,,,274.0,277.0,295.0,286.0,1,,1
FP1,HUL,Audi,13.0,3.0,SOFT,3.0,112.777,41.233,27.077,44.467,,,159.0,237.0,232.0,232.0,0,,1
FP1,HUL,Audi,14.0,3.0,SOFT,4.0,81.969,28.902,17.972,35.095,,,274.0,284.0,296.0,297.0,1,,1
FP1,HUL,Audi,15.0,3.0,SOFT,5.0,,37.135,19.624,,,3480.808,227.0,284.0,,215.0,0,,0
FP1,HUL,Audi,16.0,4.0,SOFT,6.0,132.97,60.578,21.242,51.15,4090.417,4206.466,225.0,302.0,,188.0,0,,0
FP1,HUL,Audi,17.0,5.0,SOFT,7.0,122.555,51.608,20.627,50.32,4222.711,4328.975,242.0,237.0,,216.0,0,,0
FP1,HUL,Audi,18.0,6.0,SOFT,8.0,124.698,52.958,20.758,50.982,4345.728,4453.148,239.0,226.0,,218.0,0,,0
FP1,HUL,Audi,19.0,7.0,SOFT,9.0,113.475,54.064,20.822,38.589,4470.911,,215.0,265.0,264.0,185.0,0,,0
FP1,HUL,Audi,20.0,7.0,SOFT,10.0,,37.247,27.976,,,,184.0,206.0,136.0,231.0,0,,0
FP1,HUL,Audi,21.0,7.0,SOFT,11.0,,39.473,20.657,,,4851.58,210.0,268.0,,145.0,0,,0
FP1,LAW,Racing Bulls,1.0,1.0,MEDIUM,1.0,130.079,63.449,22.685,43.945,941.942,,218.0,252.0,275.0,134.0,0,,0
FP1,LAW,Racing Bulls,2.0,1.0,MEDIUM,2.0,118.73,31.419,26.608,60.703,,,232.0,54.0,216.0,247.0,1,,0
FP1,LAW,Racing Bulls,3.0,1.0,MEDIUM,3.0,109.192,37.373,22.02,49.799,,,224.0,237.0,268.0,163.0,1,,0
FP1,LAW,Racing Bulls,4.0,1.0,MEDIUM,4.0,85.538,30.394,18.38,36.764,,,239.0,284.0,290.0,277.0,1,,1
FP1,LAW,Racing Bulls,5.0,1.0,MEDIUM,5.0,117.045,36.938,25.308,54.799,,,204.0,217.0,275.0,238.0,0,,1
FP1,LAW,Racing Bulls,6.0,1.0,MEDIUM,6.0,83.993,29.721,18.185,36.087,,,239.0,280.0,280.0,290.0,1,,1
FP1,LAW,Racing Bulls,7.0,1.0,MEDIUM,7.0,120.628,36.886,29.056,54.686,,,174.0,207.0,272.0,253.0,0,,1
FP1,LAW,Racing Bulls,8.0,1.0,MEDIUM,8.0,83.153,29.371,18.026,35.756,,,242.0,281.0,278.0,291.0,1,,1
FP1,LAW,Racing Bulls,9.0,1.0,MEDIUM,9.0,125.71,40.568,30.473,54.669,,,172.0,185.0,277.0,250.0,0,,1
FP1,LAW,Racing Bulls,10.0,1.0,MEDIUM,10.0,83.495,29.391,18.147,35.957,,,242.0,278.0,284.0,294.0,0,,1
FP1,LAW,Racing Bulls,11.0,1.0,MEDIUM,11.0,110.713,35.486,26.95,48.277,,,220.0,195.0,275.0,266.0,0,,1
FP1,LAW,Racing Bulls,12.0,1.0,MEDIUM,12.0,82.613,29.136,18.008,35.469,,,245.0,279.0,293.0,294.0,1,,1
FP1,LAW,Racing Bulls,13.0,1.0,MEDIUM,13.0,,34.758,21.482,,,2282.012,236.0,256.0,,268.0,0,,0
FP1,LAW,Racing Bulls,14.0,2.0,MEDIUM,14.0,116.947,59.697,18.863,38.387,2793.276,,240.0,287.0,272.0,213.0,0,,0
FP1,LAW,Racing Bulls,15.0,2.0,MEDIUM,15.0,87.439,30.823,19.034,37.582,,,235.0,264.0,301.0,281.0,0,,1
FP1,LAW,Racing Bulls,16.0,2.0,MEDIUM,16.0,86.563,30.545,18.673000000000002,37.345,,,237.0,273.0,291.0,303.0,0,,1
FP1,LAW,Racing Bulls,17.0,2.0,MEDIUM,17.0,86.088,30.131,18.633,37.324,,,238.0,273.0,290.0,295.0,0,,1
FP1,LAW,Racing Bulls,18.0,2.0,MEDIUM,18.0,86.168,30.222,18.665,37.281,,,238.0,273.0,302.0,285.0,0,,1
FP1,LAW,Racing Bulls,19.0,2.0,MEDIUM,19.0,87.134,30.304,18.655,38.175,,,237.0,276.0,296.0,302.0,0,,1
FP1,LAW,Racing Bulls,20.0,2.0,MEDIUM,20.0,87.067,30.677,18.599,37.791,,,238.0,282.0,296.0,289.0,0,,1
FP1,LAW,Racing Bulls,21.0,2.0,MEDIUM,21.0,,35.573,24.025,,,3528.288,199.0,262.0,,258.0,0,,0
FP1,LAW,Racing Bulls,22.0,3.0,SOFT,1.0,111.428,42.487,20.529,48.412,4001.023,,228.0,278.0,275.0,177.0,0,,0
FP1,LAW,Racing Bulls,23.0,3.0,SOFT,2.0,89.789,28.846,18.223,42.72,,,276.0,273.0,217.0,293.0,0,,1
FP1,LAW,Racing Bulls,24.0,3.0,SOFT,3.0,124.074,39.944,34.301,49.829,,,175.0,137.0,273.0,187.0,0,,1
FP1,LAW,Racing Bulls,25.0,3.0,SOFT,4.0,111.43,39.955,24.294,47.181,,,204.0,221.0,274.0,291.0,0,,1
FP1,LAW,Racing Bulls,26.0,3.0,SOFT,5.0,99.002,29.104,18.326,51.572,,,272.0,214.0,199.0,291.0,0,,1
FP1,LAW,Racing Bulls,27.0,3.0,SOFT,6.0,,41.643,26.461,98.767,,,201.0,211.0,92.0,189.0,0,,0
FP1,LAW,Racing Bulls,28.0,3.0,SOFT,7.0,,39.901,28.752,,,4819.218,176.0,175.0,,229.0,0,,0
FP1,OCO,Haas F1 Team,1.0,1.0,MEDIUM,1.0,,,21.734,49.355,908.447,,237.0,239.0,278.0,150.0,0,,0
FP1,OCO,Haas F1 Team,2.0,1.0,MEDIUM,2.0,94.589,32.36,18.687,43.542,,,274.0,277.0,115.0,257.0,1,,0
FP1,OCO,Haas F1 Team,3.0,1.0,MEDIUM,3.0,,43.393,24.4,,,1227.44,205.0,226.0,,158.0,0,,0
FP1,OCO,Haas F1 Team,4.0,2.0,MEDIUM,4.0,109.051,40.329,20.712,48.01,1357.445,,266.0,276.0,280.0,145.0,0,,0
FP1,OCO,Haas F1 Team,5.0,2.0,MEDIUM,5.0,84.853,29.789,18.398,36.666,,,272.0,279.0,303.0,294.0,1,,1
FP1,OCO,Haas F1 Team,6.0,2.0,MEDIUM,6.0,110.36,38.373,26.946,45.041,,,189.0,202.0,264.0,169.0,0,,1
FP1,OCO,Haas F1 Team,7.0,2.0,MEDIUM,7.0,93.615,29.528,18.4,45.687,,,235.0,257.0,227.0,291.0,0,,1
FP1,OCO,Haas F1 Team,8.0,2.0,MEDIUM,8.0,105.27,37.912,23.245,44.113,,,206.0,232.0,275.0,221.0,0,,1
FP1,OCO,Haas F1 Team,9.0,2.0,MEDIUM,9.0,83.879,29.395,18.397,36.087,,,276.0,277.0,302.0,300.0,1,,1
FP1,OCO,Haas F1 Team,10.0,2.0,MEDIUM,10.0,112.521,40.649,24.398,47.474,,,203.0,222.0,268.0,213.0,0,,1
FP1,OCO,Haas F1 Team,11.0,2.0,MEDIUM,11.0,83.312,29.042,18.416,35.854,,,260.0,275.0,298.0,296.0,1,,1
FP1,OCO,Haas F1 Team,12.0,2.0,MEDIUM,12.0,113.563,40.363,22.655,50.545,,,225.0,232.0,265.0,225.0,0,,1
FP1,OCO,Haas F1 Team,13.0,2.0,MEDIUM,13.0,82.997,28.963,18.347,35.687,,,276.0,278.0,298.0,296.0,1,,1
FP1,OCO,Haas F1 Team,14.0,2.0,MEDIUM,14.0,109.974,37.871,24.156,47.947,,,200.0,234.0,269.0,245.0,0,,1
FP1,OCO,Haas F1 Team,15.0,2.0,MEDIUM,15.0,82.794,28.894,18.348,35.552,,,269.0,275.0,298.0,297.0,1,,1
FP1,OCO,Haas F1 Team,16.0,2.0,MEDIUM,16.0,107.42,38.667,25.555,43.198,,,194.0,199.0,274.0,236.0,0,,1
FP1,OCO,Haas F1 Team,17.0,2.0,MEDIUM,17.0,82.556,28.789,18.363,35.404,,,266.0,274.0,300.0,300.0,1,,1
FP1,OCO,Haas F1 Team,18.0,2.0,MEDIUM,18.0,,34.528,24.334,,,2818.434,198.0,223.0,,257.0,0,,0
FP1,OCO,Haas F1 Team,19.0,3.0,MEDIUM,19.0,116.508,40.77,20.754,54.984,3345.477,,259.0,279.0,258.0,153.0,0,,0
FP1,OCO,Haas F1 Team,20.0,3.0,MEDIUM,20.0,83.711,29.559,18.181,35.971,,,270.0,280.0,302.0,294.0,0,,1
FP1,OCO,Haas F1 Team,21.0,3.0,MEDIUM,21.0,,33.6,22.482,,,3639.796,213.0,240.0,,247.0,0,,0
FP1,OCO,Haas F1 Team,22.0,4.0,SOFT,1.0,100.715,39.076,20.41,41.229,4067.748,,263.0,279.0,280.0,166.0,0,,0
FP1,OCO,Haas F1 Team,23.0,4.0,SOFT,2.0,82.248,29.144,17.709,35.395,,,250.0,306.0,303.0,307.0,1,,1
FP1,OCO,Haas F1 Team,24.0,4.0,SOFT,3.0,116.432,44.382,20.499,51.551,,4354.054,224.0,290.0,,220.0,0,,0
FP1,OCO,Haas F1 Team,25.0,5.0,SOFT,4.0,133.626,70.274,21.125,42.227,4368.585,,196.0,266.0,267.0,147.0,0,,0
FP1,OCO,Haas F1 Team,26.0,5.0,SOFT,5.0,82.161,29.123,17.704,35.334,,,265.0,301.0,303.0,296.0,1,,1
FP1,OCO,Haas F1 Team,27.0,5.0,SOFT,6.0,,40.284,26.324,,,,194.0,202.0,203.0,189.0,0,,0
FP1,OCO,Haas F1 Team,28.0,5.0,SOFT,7.0,,30.985,22.877,,,4863.728,273.0,218.0,,257.0,0,,0
FP1,LIN,Racing Bulls,1.0,2.0,SOFT,1.0,,,,,960.061,1220.683,,,,,0,,0
FP1,LIN,Racing Bulls,2.0,2.0,SOFT,2.0,120.536,47.839,22.114,50.583,2446.516,,206.0,238.0,270.0,117.0,0,,0
FP1,LIN,Racing Bulls,3.0,2.0,SOFT,3.0,86.804,31.279,18.609,36.916,,,241.0,319.0,312.0,249.0,1,,1
FP1,LIN,Racing Bulls,4.0,2.0,SOFT,4.0,103.81,34.485,22.419,46.906,,,226.0,253.0,265.0,246.0,0,,1
FP1,LIN,Racing Bulls,5.0,2.0,SOFT,5.0,84.823,29.806,18.327,36.69,,,247.0,288.0,301.0,274.0,1,,1
FP1,LIN,Racing Bulls,6.0,2.0,SOFT,6.0,103.364,36.115,22.616,44.633,,,218.0,253.0,271.0,238.0,0,,1
FP1,LIN,Racing Bulls,7.0,2.0,SOFT,7.0,83.667,29.365,18.482,35.82,,,249.0,281.0,307.0,289.0,1,,1
FP1,LIN,Racing Bulls,8.0,2.0,SOFT,8.0,107.892,34.573,22.017,51.302,,,227.0,241.0,265.0,258.0,0,,1
FP1,LIN,Racing Bulls,9.0,2.0,SOFT,9.0,82.799,28.951999999999998,18.356,35.491,,,249.0,282.0,301.0,287.0,1,,1
FP1,LIN,Racing Bulls,10.0,2.0,SOFT,10.0,106.416,35.17,21.978,49.268,,,233.0,241.0,274.0,271.0,0,,1
FP1,LIN,Racing Bulls,11.0,2.0,SOFT,11.0,82.587,28.429,18.594,35.564,,,296.0,270.0,297.0,293.0,1,,1
FP1,LIN,Racing Bulls,12.0,2.0,SOFT,12.0,,34.777,22.145,,,3501.875,225.0,265.0,,270.0,0,,0
FP1,LIN,Racing Bulls,13.0,2.0,SOFT,13.0,105.191,43.204,21.035,40.952,3701.024,,229.0,253.0,275.0,155.0,0,,0
FP1,LIN,Racing Bulls,14.0,2.0,SOFT,14.0,117.486,36.99,26.244,54.252,,,150.0,238.0,227.0,292.0,0,,0
FP1,LIN,Racing Bulls,15.0,2.0,SOFT,15.0,113.069,38.611,33.015,41.443,,,210.0,247.0,274.0,211.0,0,,0
FP1,LIN,Racing Bulls,16.0,2.0,SOFT,16.0,99.943,29.844,19.729,50.37,,,226.0,196.0,274.0,293.0,0,,1
FP1,LIN,Racing Bulls,17.0,2.0,SOFT,17.0,81.372,28.49,17.639,35.243,,,264.0,287.0,304.0,295.0,1,,1
FP1,LIN,Racing Bulls,18.0,2.0,SOFT,18.0,114.326,38.558,29.263,46.505,,,124.0,221.0,275.0,236.0,0,,1
FP1,LIN,Racing Bulls,19.0,2.0,SOFT,19.0,81.313,28.681,17.444,35.188,,,249.0,295.0,290.0,294.0,1,,1
FP1,LIN,Racing Bulls,20.0,2.0,SOFT,20.0,107.309,33.236,23.616,50.457,,,230.0,227.0,242.0,266.0,0,,1
FP1,LIN,Racing Bulls,21.0,2.0,SOFT,21.0,,38.537,23.484,,,,201.0,251.0,77.0,209.0,0,,0
FP1,LIN,Racing Bulls,22.0,2.0,SOFT,22.0,,32.024,25.259,,,4779.409,237.0,246.0,,251.0,0,,0
FP1,COL,Alpine,1.0,1.0,MEDIUM,1.0,125.448,60.452,21.483,43.513,989.825,,230.0,273.0,240.0,41.0,0,,0
FP1,COL,Alpine,2.0,1.0,MEDIUM,2.0,116.228,41.916,25.436,48.876,,,242.0,229.0,254.0,150.0,1,,0
FP1,COL,Alpine,3.0,1.0,MEDIUM,3.0,87.466,31.266,18.365,37.835,,,244.0,288.0,282.0,252.0,1,,1
FP1,COL,Alpine,4.0,1.0,MEDIUM,4.0,110.894,40.414,23.58,46.9,,,233.0,203.0,249.0,176.0,0,,1
FP1,COL,Alpine,5.0,1.0,MEDIUM,5.0,85.819,30.286,18.835,36.698,,,261.0,260.0,289.0,270.0,1,,1
FP1,COL,Alpine,6.0,1.0,MEDIUM,6.0,,63.735,24.859,,,1666.61,175.0,165.0,,217.0,0,,0
FP1,COL,Alpine,7.0,2.0,MEDIUM,7.0,103.487,41.725,18.682,43.08,2050.654,,234.0,279.0,275.0,166.0,0,,0
FP1,COL,Alpine,8.0,2.0,MEDIUM,8.0,85.654,30.328,18.29,37.036,,,267.0,268.0,288.0,260.0,1,,1
FP1,COL,Alpine,9.0,2.0,MEDIUM,9.0,87.89,31.548000000000002,18.484,37.858,,,242.0,291.0,290.0,241.0,0,,1
FP1,COL,Alpine,10.0,2.0,MEDIUM,10.0,84.446,29.639,18.184,36.623,,,269.0,291.0,291.0,278.0,1,,1
FP1,COL,Alpine,11.0,2.0,MEDIUM,11.0,,34.288,19.396,,,2502.216,247.0,261.0,,292.0,0,,0
FP1,COL,Alpine,12.0,3.0,SOFT,1.0,127.81,57.486,23.435,46.889,2854.647,,150.0,272.0,272.0,153.0,0,,0
FP1,COL,Alpine,13.0,3.0,SOFT,2.0,104.9,33.489,19.949,51.462,,,247.0,274.0,255.0,259.0,0,,1
FP1,COL,Alpine,14.0,3.0,SOFT,3.0,85.491,29.804,19.143,36.544,,,265.0,287.0,317.0,283.0,0,,1
FP1,COL,Alpine,15.0,3.0,SOFT,4.0,121.695,46.263,30.246,45.186,,,197.0,204.0,278.0,176.0,0,,1
FP1,COL,Alpine,16.0,3.0,SOFT,5.0,83.325,29.105,18.16,36.06,,,267.0,291.0,306.0,304.0,1,,1
FP1,COL,Alpine,17.0,3.0,SOFT,6.0,140.362,48.847,38.734,52.781,,,121.0,213.0,256.0,156.0,0,,1
FP1,COL,Alpine,18.0,3.0,SOFT,7.0,,30.579,25.005,,,3610.552,240.0,241.0,,287.0,0,,0
FP1,COL,Alpine,19.0,4.0,MEDIUM,12.0,110.403,43.192,22.294,44.917,4004.578,,234.0,264.0,258.0,123.0,0,,0
FP1,COL,Alpine,20.0,4.0,MEDIUM,13.0,90.433,32.135,20.251,38.047,,,253.0,286.0,278.0,225.0,0,,1
FP1,COL,Alpine,21.0,4.0,MEDIUM,14.0,88.019,30.768,20.017,37.234,,,254.0,285.0,277.0,275.0,0,,1
FP1,COL,Alpine,22.0,4.0,MEDIUM,15.0,87.097,30.251,19.595,37.251,,,258.0,284.0,275.0,270.0,0,,1
FP1,COL,Alpine,23.0,4.0,MEDIUM,16.0,87.007,30.319,19.572,37.116,,,254.0,283.0,272.0,283.0,0,,1
FP1,COL,Alpine,24.0,4.0,MEDIUM,17.0,86.929,30.276,19.496,37.157,,,254.0,289.0,277.0,282.0,0,,1
FP1,COL,Alpine,25.0,4.0,MEDIUM,18.0,,34.21,23.331,,,,203.0,229.0,119.0,275.0,0,,0
FP1,COL,Alpine,26.0,4.0,MEDIUM,19.0,,32.175,18.772,,,4809.006,246.0,280.0,,231.0,0,,0
FP1,HAM,Ferrari,1.0,1.0,MEDIUM,1.0,121.722,56.747,20.851,44.124,922.972,,200.0,257.0,273.0,127.0,0,,0
FP1,HAM,Ferrari,2.0,1.0,MEDIUM,2.0,102.82,29.969,18.09,54.761,,,271.0,283.0,190.0,266.0,1,,0
FP1,HAM,Ferrari,3.0,1.0,MEDIUM,3.0,107.519,42.566,21.631,43.322,,,210.0,276.0,284.0,79.0,0,,0
FP1,HAM,Ferrari,4.0,1.0,MEDIUM,4.0,102.28,31.552,20.546,50.182,,,239.0,278.0,285.0,304.0,1,,1
FP1,HAM,Ferrari,5.0,1.0,MEDIUM,5.0,83.813,29.243,18.135,36.435,,,237.0,288.0,283.0,309.0,1,,1
FP1,HAM,Ferrari,6.0,1.0,MEDIUM,6.0,115.184,46.741,24.59,43.853,,,193.0,256.0,268.0,224.0,0,,1
FP1,HAM,Ferrari,7.0,1.0,MEDIUM,7.0,83.032,29.27,17.997,35.765,,,241.0,291.0,298.0,277.0,1,,1
FP1,HAM,Ferrari,8.0,1.0,MEDIUM,8.0,117.384,48.774,25.461,43.149,,,146.0,257.0,271.0,216.0,0,,1
FP1,HAM,Ferrari,9.0,1.0,MEDIUM,9.0,82.692,28.936,17.957,35.799,,,241.0,292.0,301.0,279.0,1,,1
FP1,HAM,Ferrari,10.0,1.0,MEDIUM,10.0,126.428,48.558,35.985,41.885,,,121.0,234.0,275.0,219.0,0,,1
FP1,HAM,Ferrari,11.0,1.0,MEDIUM,11.0,81.966,28.825,17.834,35.307,,,244.0,292.0,299.0,280.0,1,,1
FP1,HAM,Ferrari,12.0,1.0,MEDIUM,12.0,115.106,45.002,29.349,40.755,,,130.0,250.0,276.0,233.0,0,,1
FP1,HAM,Ferrari,13.0,1.0,MEDIUM,13.0,81.698,28.646,17.642,35.41,,,250.0,302.0,312.0,281.0,1,,1
FP1,HAM,Ferrari,14.0,1.0,MEDIUM,14.0,108.438,38.32,25.463,44.655,,,163.0,251.0,269.0,265.0,0,,1
FP1,HAM,Ferrari,15.0,1.0,MEDIUM,15.0,105.147,29.73,22.826,52.591,,,233.0,223.0,280.0,278.0,0,,1
FP1,HAM,Ferrari,16.0,1.0,MEDIUM,16.0,,28.855,17.919,,,2538.548,279.0,291.0,,291.0,0,,0
FP1,HAM,Ferrari,17.0,2.0,SOFT,1.0,109.874,46.896,21.116,41.862,3035.345,,216.0,250.0,275.0,140.0,0,,0
FP1,HAM,Ferrari,18.0,2.0,SOFT,2.0,81.295,28.699,17.743,34.853,,,242.0,293.0,300.0,281.0,1,,1
FP1,HAM,Ferrari,19.0,2.0,SOFT,3.0,128.01,50.376,34.987,42.647,,,107.0,203.0,276.0,229.0,0,,1
FP1,HAM,Ferrari,20.0,2.0,SOFT,4.0,81.162,28.573,17.694,34.895,,,245.0,294.0,298.0,281.0,1,,1
FP1,HAM,Ferrari,21.0,2.0,SOFT,5.0,148.892,56.899,41.814,50.179,,,92.0,120.0,280.0,206.0,0,,1
FP1,HAM,Ferrari,22.0,2.0,SOFT,6.0,103.234,34.854,19.93,48.45,,,178.0,289.0,280.0,287.0,0,,1
FP1,HAM,Ferrari,23.0,2.0,SOFT,7.0,80.736,28.448,17.607,34.681,,,246.0,299.0,307.0,288.0,1,,1
FP1,HAM,Ferrari,24.0,2.0,SOFT,8.0,,39.638,23.892,,,3876.425,227.0,164.0,,226.0,0,,0
FP1,HAM,Ferrari,25.0,3.0,MEDIUM,17.0,119.842,57.808,18.286,43.748,4175.104,,251.0,289.0,262.0,221.0,0,,0
FP1,HAM,Ferrari,26.0,3.0,MEDIUM,18.0,90.97,33.283,19.005,38.682,,,207.0,276.0,296.0,253.0,0,,1
FP1,HAM,Ferrari,27.0,3.0,MEDIUM,19.0,83.446,29.203,17.861,36.382,,,270.0,295.0,293.0,289.0,0,,1
FP1,HAM,Ferrari,28.0,3.0,MEDIUM,20.0,84.79,29.996,18.213,36.581,,,271.0,292.0,292.0,283.0,0,,1
FP1,HAM,Ferrari,29.0,3.0,MEDIUM,21.0,,46.658,26.716,,,,148.0,273.0,157.0,221.0,0,,0
FP1,HAM,Ferrari,30.0,3.0,MEDIUM,22.0,,35.005,22.084,,,4828.332,215.0,271.0,,255.0,0,,0
FP1,SAI,Williams,1.0,1.0,HARD,1.0,,70.532,27.63,,954.752,1083.722,245.0,178.0,,104.0,0,,0
FP1,SAI,Williams,2.0,2.0,HARD,2.0,108.209,38.581,20.709,48.919,1598.655,,246.0,261.0,283.0,181.0,0,,0
FP1,SAI,Williams,3.0,2.0,HARD,3.0,85.677,30.216,18.71,36.751,,,252.0,257.0,289.0,271.0,1,,1
FP1,SAI,Williams,4.0,2.0,HARD,4.0,100.792,30.158,21.679,48.955,,,238.0,255.0,260.0,271.0,0,,1
FP1,SAI,Williams,5.0,2.0,HARD,5.0,83.808,29.461,18.438,35.909,,,259.0,262.0,300.0,277.0,1,,1
FP1,SAI,Williams,6.0,2.0,HARD,6.0,106.832,38.863,25.105,42.864,,,199.0,216.0,273.0,214.0,0,,1
FP1,SAI,Williams,7.0,2.0,HARD,7.0,83.629,29.396,18.176,36.057,,,259.0,271.0,290.0,285.0,1,,1
FP1,SAI,Williams,8.0,2.0,HARD,8.0,107.157,38.202,24.56,44.395,,,222.0,219.0,276.0,204.0,0,,1
FP1,SAI,Williams,9.0,2.0,HARD,9.0,98.218,32.646,21.005,44.567,,,220.0,266.0,276.0,287.0,0,,1
FP1,SAI,Williams,10.0,2.0,HARD,10.0,92.482,29.277,18.209,44.996,,,263.0,273.0,278.0,288.0,0,,1
FP1,SAI,Williams,11.0,2.0,HARD,11.0,94.237,31.086,19.433,43.718,,,256.0,285.0,280.0,287.0,0,,1
FP1,SAI,Williams,12.0,2.0,HARD,12.0,82.827,29.081,18.119,35.627,,,263.0,267.0,300.0,290.0,1,,1
FP1,SAI,Williams,13.0,2.0,HARD,13.0,107.756,37.617,24.845,45.294,,,188.0,197.0,274.0,229.0,0,,1
FP1,SAI,Williams,14.0,2.0,HARD,14.0,83.141,29.021,18.178,35.942,,,258.0,263.0,309.0,284.0,0,,1
FP1,SAI,Williams,15.0,2.0,HARD,15.0,,37.232,26.195,,,2935.238,198.0,235.0,,245.0,0,,0
FP1,SAI,Williams,16.0,3.0,SOFT,1.0,108.257,42.304,20.936,45.017,3213.154,,246.0,269.0,277.0,141.0,0,,0
FP1,SAI,Williams,17.0,3.0,SOFT,2.0,82.638,29.009,18.089,35.54,,,258.0,268.0,288.0,287.0,1,,1
FP1,SAI,Williams,18.0,3.0,SOFT,3.0,121.72,40.614,30.981,50.125,,,165.0,165.0,270.0,186.0,0,,1
FP1,SAI,Williams,19.0,3.0,SOFT,4.0,102.672,31.987,23.545,47.14,,,217.0,229.0,277.0,285.0,0,,1
FP1,SAI,Williams,20.0,3.0,SOFT,5.0,82.323,28.868,18.091,35.364,,,260.0,268.0,292.0,289.0,1,,1
FP1,SAI,Williams,21.0,3.0,SOFT,6.0,,35.59,21.918,,,3807.773,217.0,256.0,,232.0,0,,0
FP1,SAI,Williams,22.0,4.0,SOFT,7.0,149.548,81.829,26.674,41.045,3915.778,,185.0,254.0,272.0,179.0,0,,0
FP1,SAI,Williams,23.0,4.0,SOFT,8.0,86.805,29.708,19.671,37.426,,,259.0,283.0,270.0,280.0,0,,1
FP1,SAI,Williams,24.0,4.0,SOFT,9.0,87.405,29.681,19.609,38.115,,,262.0,287.0,275.0,277.0,0,,1
FP1,SAI,Williams,25.0,4.0,SOFT,10.0,86.258,29.805,19.776,36.677,,,256.0,288.0,273.0,275.0,0,,1
FP1,SAI,Williams,26.0,4.0,SOFT,11.0,85.76,29.506,19.769,36.485,,,255.0,281.0,273.0,282.0,0,,1
FP1,SAI,Williams,27.0,4.0,SOFT,12.0,85.566,29.433,19.648,36.485,,,255.0,282.0,272.0,283.0,0,,1
FP1,SAI,Williams,28.0,4.0,SOFT,13.0,85.811,29.73,19.615,36.466,,,259.0,283.0,271.0,277.0,0,,1
FP1,SAI,Williams,29.0,4.0,SOFT,14.0,,43.444,32.07,,,,164.0,122.0,141.0,201.0,0,,0
FP1,SAI,Williams,30.0,4.0,SOFT,15.0,,34.784,23.739,,,4825.446,192.0,269.0,,257.0,0,,0
FP1,RUS,Mercedes,1.0,1.0,MEDIUM,1.0,,,20.576999999999998,45.715,1001.068,,208.0,285.0,206.0,126.0,0,,0
FP1,RUS,Mercedes,2.0,1.0,MEDIUM,2.0,111.21,41.845,25.581,43.784,,,235.0,245.0,271.0,118.0,1,,0
FP1,RUS,Mercedes,3.0,1.0,MEDIUM,3.0,86.483,30.317,18.527,37.639,,,245.0,287.0,279.0,280.0,1,,1
FP1,RUS,Mercedes,4.0,1.0,MEDIUM,4.0,118.425,41.816,27.834,48.775,,,177.0,150.0,272.0,216.0,0,,1
FP1,RUS,Mercedes,5.0,1.0,MEDIUM,5.0,85.178,30.154,18.325,36.699,,,248.0,283.0,290.0,281.0,1,,1
FP1,RUS,Mercedes,6.0,1.0,MEDIUM,6.0,113.619,41.873,26.536,45.21,,,202.0,156.0,273.0,186.0,0,,1
FP1,RUS,Mercedes,7.0,1.0,MEDIUM,7.0,83.878,29.405,18.28,36.193,,,259.0,267.0,287.0,290.0,1,,1
FP1,RUS,Mercedes,8.0,1.0,MEDIUM,8.0,114.26,38.528,25.888,49.844,,,191.0,228.0,272.0,220.0,0,,1
FP1,RUS,Mercedes,9.0,1.0,MEDIUM,9.0,82.706,28.924,18.142,35.64,,,277.0,264.0,293.0,295.0,1,,1
FP1,RUS,Mercedes,10.0,1.0,MEDIUM,10.0,107.844,32.652,21.762,53.43,,2018.737,243.0,247.0,,256.0,0,,0
FP1,RUS,Mercedes,11.0,2.0,MEDIUM,11.0,,76.039,19.955,,2067.408,2168.327,256.0,290.0,,181.0,0,,0
FP1,RUS,Mercedes,12.0,3.0,SOFT,1.0,128.799,68.161,19.16,41.478,2560.307,,250.0,286.0,276.0,188.0,0,,0
FP1,RUS,Mercedes,13.0,3.0,SOFT,2.0,82.117,28.591,18.063,35.463,,,269.0,265.0,292.0,295.0,1,,1
FP1,RUS,Mercedes,14.0,3.0,SOFT,3.0,139.408,43.564,28.427,67.417,,2887.232,158.0,212.0,,196.0,0,,0
FP1,RUS,Mercedes,15.0,4.0,SOFT,4.0,115.836,43.871,25.012,46.953,2909.645,,225.0,162.0,277.0,224.0,0,,0
FP1,RUS,Mercedes,16.0,4.0,SOFT,5.0,81.371,28.517,17.87,34.984,,,271.0,271.0,297.0,299.0,1,,1
FP1,RUS,Mercedes,17.0,4.0,SOFT,6.0,,35.179,21.146,,,3197.782,122.0,283.0,,231.0,0,,0
FP1,RUS,Mercedes,18.0,5.0,MEDIUM,12.0,,72.861,27.21,49.961,3811.375,,197.0,234.0,267.0,188.0,0,,0
FP1,RUS,Mercedes,19.0,5.0,MEDIUM,13.0,97.157,39.391,19.862,37.904,,,217.0,284.0,283.0,245.0,0,,0
FP1,RUS,Mercedes,20.0,5.0,MEDIUM,14.0,85.205,29.828,18.486,36.891,,,251.0,268.0,275.0,266.0,0,,1
FP1,RUS,Mercedes,21.0,5.0,MEDIUM,15.0,84.43,29.53,18.506,36.394,,,275.0,268.0,287.0,262.0,0,,1
FP1,RUS,Mercedes,22.0,5.0,MEDIUM,16.0,84.293,29.631,18.371,36.291,,,267.0,282.0,289.0,275.0,0,,1
FP1,RUS,Mercedes,23.0,5.0,MEDIUM,17.0,101.375,29.744,18.409,53.222,,4393.828,257.0,280.0,,282.0,0,,0
FP1,RUS,Mercedes,24.0,6.0,SOFT,7.0,119.925,62.701,18.874,38.35,4414.425,,257.0,264.0,282.0,215.0,0,,0
FP1,RUS,Mercedes,25.0,6.0,SOFT,8.0,148.431,29.34,18.494,,,,276.0,246.0,3.0,270.0,0,,0
FP1,RUS,Mercedes,26.0,6.0,SOFT,9.0,,32.256,19.624,,,4769.738,253.0,255.0,,249.0,0,,0
FP1,BOT,Cadillac,1.0,1.0,MEDIUM,1.0,118.679,52.863,22.216,43.6,1756.84,,215.0,266.0,283.0,119.0,0,,0
FP1,BOT,Cadillac,2.0,1.0,MEDIUM,2.0,89.969,31.511,19.893,38.565,,,271.0,280.0,286.0,267.0,1,,1
FP1,BOT,Cadillac,3.0,1.0,MEDIUM,3.0,104.625,35.441,21.388,47.796,,,213.0,273.0,279.0,209.0,0,,1
FP1,BOT,Cadillac,4.0,1.0,MEDIUM,4.0,,30.156,18.605,,,2174.331,268.0,285.0,,290.0,0,,0
FP1,BOT,Cadillac,5.0,2.0,MEDIUM,5.0,111.943,44.72,21.033,46.19,2241.05,,267.0,244.0,286.0,97.0,0,,0
FP1,BOT,Cadillac,6.0,2.0,MEDIUM,6.0,86.071,30.051,18.718,37.302,,,270.0,277.0,300.0,304.0,1,,1
FP1,BOT,Cadillac,7.0,2.0,MEDIUM,7.0,112.7,37.009,28.165,47.526,,,140.0,169.0,286.0,256.0,0,,1
FP1,BOT,Cadillac,8.0,2.0,MEDIUM,8.0,85.459,30.0,18.516,36.943,,,225.0,296.0,299.0,301.0,1,,1
FP1,BOT,Cadillac,9.0,2.0,MEDIUM,9.0,,35.821,20.967,,,2732.696,232.0,274.0,,219.0,0,,0
FP1,BOT,Cadillac,10.0,3.0,SOFT,1.0,106.094,40.006,20.78,45.308,3143.732,,237.0,276.0,285.0,170.0,0,,0
FP1,BOT,Cadillac,11.0,3.0,SOFT,2.0,84.986,29.775,18.64,36.571,,,246.0,302.0,300.0,293.0,1,,1
FP1,BOT,Cadillac,12.0,3.0,SOFT,3.0,135.692,42.725,27.43,65.537,,,89.0,261.0,278.0,226.0,0,,1
FP1,BOT,Cadillac,13.0,3.0,SOFT,4.0,107.663,35.484,24.217,47.962,,,159.0,250.0,281.0,298.0,0,,1
FP1,BOT,Cadillac,14.0,3.0,SOFT,5.0,95.752,32.444,21.275,42.033,,,235.0,273.0,283.0,302.0,0,,1
FP1,BOT,Cadillac,15.0,3.0,SOFT,6.0,84.835,29.808,18.335,36.692,,,238.0,292.0,302.0,302.0,1,,1
FP1,BOT,Cadillac,16.0,3.0,SOFT,7.0,119.451,36.892,27.847,54.712,,,137.0,190.0,225.0,236.0,0,,0
FP1,BOT,Cadillac,17.0,3.0,SOFT,8.0,133.993,39.906,27.353,66.734,,,208.0,153.0,283.0,199.0,0,,0
FP1,BOT,Cadillac,18.0,3.0,SOFT,9.0,84.671,29.961,18.168,36.542,,,243.0,295.0,306.0,299.0,1,,1
FP1,BOT,Cadillac,19.0,3.0,SOFT,10.0,120.761,44.35,34.066,42.345,,,114.0,282.0,291.0,217.0,0,,1
FP1,BOT,Cadillac,20.0,3.0,SOFT,11.0,85.47,30.099,18.187,37.184,,,242.0,301.0,296.0,310.0,0,,1
FP1,BOT,Cadillac,21.0,3.0,SOFT,12.0,123.289,46.849,22.1,54.34,,,227.0,256.0,279.0,269.0,0,,1
FP1,BOT,Cadillac,22.0,3.0,SOFT,13.0,84.022,29.486,18.053,36.483,,,254.0,294.0,301.0,300.0,1,,1
FP1,BOT,Cadillac,23.0,3.0,SOFT,14.0,132.93,39.318,26.83,66.782,,,178.0,259.0,38.0,228.0,0,,1
FP1,BOT,Cadillac,24.0,3.0,SOFT,15.0,,57.463,20.722,,,4762.754,258.0,282.0,,238.0,0,,0
FP1,PIA,McLaren,1.0,1.0,MEDIUM,1.0,,,36.712,73.134,965.686,,137.0,67.0,256.0,33.0,0,,0
FP1,PIA,McLaren,2.0,1.0,MEDIUM,2.0,94.777,33.636,20.497,40.644,,,249.0,284.0,271.0,207.0,1,,1
FP1,PIA,McLaren,3.0,1.0,MEDIUM,3.0,,30.774,19.872,,,1384.388,263.0,284.0,,244.0,0,,0
FP1,PIA,McLaren,4.0,2.0,MEDIUM,4.0,103.736,43.544,20.443,39.749,2108.371,,249.0,276.0,295.0,155.0,0,,0
FP1,PIA,McLaren,5.0,2.0,MEDIUM,5.0,84.658,29.28,18.88,36.498,,,272.0,288.0,295.0,276.0,1,,1
FP1,PIA,McLaren,6.0,2.0,MEDIUM,6.0,102.063,31.03,20.324,50.709,,,245.0,286.0,293.0,288.0,0,,1
FP1,PIA,McLaren,7.0,2.0,MEDIUM,7.0,82.402,28.869,18.084,35.449,,,240.0,299.0,292.0,281.0,1,,1
FP1,PIA,McLaren,8.0,2.0,MEDIUM,8.0,,41.133,26.892,,,2591.102,187.0,185.0,,224.0,0,,0
FP1,PIA,McLaren,9.0,3.0,MEDIUM,9.0,106.167,39.817,20.532,45.818,2999.72,,249.0,277.0,286.0,169.0,0,,0
FP1,PIA,McLaren,10.0,3.0,MEDIUM,10.0,81.955,28.75,17.928,35.277,,,236.0,295.0,291.0,287.0,1,,1
FP1,PIA,McLaren,11.0,3.0,MEDIUM,11.0,127.121,41.479,24.891,60.751,,,198.0,208.0,286.0,193.0,0,,1
FP1,PIA,McLaren,12.0,3.0,MEDIUM,12.0,81.938,28.735,17.988,35.215,,,237.0,295.0,296.0,287.0,1,,1
FP1,PIA,McLaren,13.0,3.0,MEDIUM,13.0,,35.784,20.521,,,3488.197,240.0,278.0,,226.0,0,,0
FP1,PIA,McLaren,14.0,4.0,SOFT,1.0,105.25,41.972,20.303,42.975,3992.001,,250.0,280.0,288.0,151.0,0,,0
FP1,PIA,McLaren,15.0,4.0,SOFT,2.0,81.724,28.742,17.879,35.103,,,250.0,300.0,288.0,277.0,1,,1
FP1,PIA,McLaren,16.0,4.0,SOFT,3.0,128.232,41.239,25.907,61.086,,,183.0,225.0,223.0,189.0,0,,1
FP1,PIA,McLaren,17.0,4.0,SOFT,4.0,105.198,40.246,23.785,41.167,,,217.0,205.0,290.0,254.0,0,,1
FP1,PIA,McLaren,18.0,4.0,SOFT,5.0,81.342,28.166,18.287,34.889,,,279.0,276.0,295.0,294.0,1,,1
FP1,PIA,McLaren,19.0,4.0,SOFT,6.0,86.303,30.386,19.376,36.541,,,263.0,277.0,284.0,276.0,0,,1
FP1,PIA,McLaren,20.0,4.0,SOFT,7.0,,36.808,23.542,,,,187.0,302.0,131.0,266.0,0,,0
FP1,PIA,McLaren,21.0,4.0,SOFT,8.0,,31.633,18.826999999999998,,,4840.566,250.0,269.0,,240.0,0,,0
FP1,BEA,Haas F1 Team,1.0,1.0,MEDIUM,1.0,,,21.976,48.452,916.706,,228.0,257.0,263.0,152.0,0,,0
FP1,BEA,Haas F1 Team,2.0,1.0,MEDIUM,2.0,116.275,32.035,21.905,62.335,,,246.0,206.0,195.0,261.0,1,,0
FP1,BEA,Haas F1 Team,3.0,1.0,MEDIUM,3.0,108.461,43.612,21.376,43.473,,,234.0,276.0,269.0,134.0,1,,0
FP1,BEA,Haas F1 Team,4.0,1.0,MEDIUM,4.0,86.733,30.396,18.529,37.808,,,270.0,281.0,293.0,286.0,1,,1
FP1,BEA,Haas F1 Team,5.0,1.0,MEDIUM,5.0,117.459,52.994,22.033,42.432,,,185.0,275.0,269.0,84.0,0,,1
FP1,BEA,Haas F1 Team,6.0,1.0,MEDIUM,6.0,84.998,30.019,18.276,36.703,,,251.0,284.0,296.0,293.0,1,,1
FP1,BEA,Haas F1 Team,7.0,1.0,MEDIUM,7.0,124.764,50.961,29.541,44.262,,,148.0,195.0,266.0,187.0,0,,1
FP1,BEA,Haas F1 Team,8.0,1.0,MEDIUM,8.0,84.506,29.809,18.396,36.301,,,243.0,279.0,300.0,291.0,1,,1
FP1,BEA,Haas F1 Team,9.0,1.0,MEDIUM,9.0,133.267,55.378,32.09,45.799,,,146.0,122.0,271.0,107.0,0,,1
FP1,BEA,Haas F1 Team,10.0,1.0,MEDIUM,10.0,83.741,29.253,18.421,36.067,,,272.0,275.0,302.0,296.0,1,,1
FP1,BEA,Haas F1 Team,11.0,1.0,MEDIUM,11.0,122.892,46.799,28.706,47.387,,,153.0,192.0,271.0,220.0,0,,1
FP1,BEA,Haas F1 Team,12.0,1.0,MEDIUM,12.0,83.095,29.043,18.204,35.848,,,279.0,276.0,303.0,297.0,1,,1
FP1,BEA,Haas F1 Team,13.0,1.0,MEDIUM,13.0,126.651,49.799,31.417,45.435,,,150.0,131.0,268.0,205.0,0,,1
FP1,BEA,Haas F1 Team,14.0,1.0,MEDIUM,14.0,83.153,29.314,18.042,35.797,,,278.0,281.0,303.0,296.0,0,,1
FP1,BEA,Haas F1 Team,15.0,1.0,MEDIUM,15.0,125.995,50.769,27.436,47.79,,,152.0,152.0,267.0,205.0,0,,1
FP1,BEA,Haas F1 Team,16.0,1.0,MEDIUM,16.0,,29.27,18.051,,,2598.875,280.0,277.0,,296.0,0,,0
FP1,BEA,Haas F1 Team,17.0,2.0,MEDIUM,17.0,118.46,41.554,19.646,57.26,3348.807,,264.0,283.0,250.0,119.0,0,,0
FP1,BEA,Haas F1 Team,18.0,2.0,MEDIUM,18.0,105.352,38.461,20.91,45.981,,,241.0,258.0,267.0,199.0,0,,1
FP1,BEA,Haas F1 Team,19.0,2.0,MEDIUM,19.0,,41.656,20.883,,,3671.414,176.0,277.0,,295.0,0,,0
FP1,BEA,Haas F1 Team,20.0,3.0,SOFT,1.0,102.15,40.722,20.699,40.729,4071.207,,267.0,255.0,272.0,154.0,0,,0
FP1,BEA,Haas F1 Team,21.0,3.0,SOFT,2.0,82.682,29.112,17.976,35.594,,,275.0,283.0,299.0,300.0,1,,1
FP1,BEA,Haas F1 Team,22.0,3.0,SOFT,3.0,147.404,51.36,35.589,60.455,,,139.0,152.0,215.0,199.0,0,,1
FP1,BEA,Haas F1 Team,23.0,3.0,SOFT,4.0,100.513,37.226,21.391,41.896,,,157.0,277.0,275.0,204.0,0,,1
FP1,BEA,Haas F1 Team,24.0,3.0,SOFT,5.0,,43.255,24.623,84.503,,,151.0,229.0,4.0,297.0,0,,0
FP1,BEA,Haas F1 Team,25.0,3.0,SOFT,6.0,,33.251,19.33,,,4742.562,277.0,278.0,,235.0,0,,0
FP2,NOR,McLaren,1.0,1.0,HARD,1.0,,,23.001,44.046,779.921,,244.0,219.0,281.0,62.0,0,,0
FP2,NOR,McLaren,2.0,1.0,HARD,2.0,85.952,29.509,18.38,38.063,,,255.0,291.0,274.0,292.0,1,,1
FP2,NOR,McLaren,3.0,1.0,HARD,3.0,98.255,32.037,19.145,47.073,,,257.0,294.0,148.0,159.0,0,,1
FP2,NOR,McLaren,4.0,1.0,HARD,4.0,,52.162,32.327,,,1217.78,128.0,159.0,,141.0,0,,0
FP2,NOR,McLaren,5.0,2.0,HARD,5.0,96.899,36.873,18.865,41.161,1647.972,,261.0,291.0,296.0,180.0,0,,0
FP2,NOR,McLaren,6.0,2.0,HARD,6.0,82.712,28.873,17.857,35.982,,,258.0,304.0,293.0,297.0,1,,1
FP2,NOR,McLaren,7.0,2.0,HARD,7.0,83.473,29.399,18.015,36.059,,,265.0,293.0,280.0,274.0,0,,1
FP2,NOR,McLaren,8.0,2.0,HARD,8.0,82.69,28.904,18.126,35.66,,,269.0,293.0,280.0,266.0,1,,1
FP2,NOR,McLaren,9.0,2.0,HARD,9.0,83.03,29.129,18.09,35.811,,,259.0,292.0,293.0,274.0,0,,1
FP2,NOR,McLaren,10.0,2.0,HARD,10.0,116.751,37.471,21.2,58.08,,2171.361,228.0,247.0,,225.0,0,,0
FP2,NOR,McLaren,11.0,3.0,HARD,11.0,104.336,40.07,19.677,44.589,2193.807,,254.0,292.0,282.0,89.0,0,,0
FP2,NOR,McLaren,12.0,3.0,HARD,12.0,81.94,28.775,17.974,35.191,,,274.0,292.0,310.0,295.0,1,,1
FP2,NOR,McLaren,13.0,3.0,HARD,13.0,,32.937,20.772,,,2469.925,246.0,228.0,,251.0,0,,0
FP2,NOR,McLaren,14.0,4.0,SOFT,1.0,106.937,42.277,19.735,44.925,3146.384,,252.0,275.0,288.0,164.0,0,,0
FP2,NOR,McLaren,15.0,4.0,SOFT,2.0,80.794,28.196,17.913,34.685,,,265.0,297.0,295.0,309.0,1,,1
FP2,NOR,McLaren,16.0,4.0,SOFT,3.0,116.348,37.959,28.972,49.417,,,163.0,162.0,168.0,237.0,0,,1
FP2,NOR,McLaren,17.0,4.0,SOFT,4.0,110.04,39.624,27.379,43.037,,,224.0,161.0,297.0,164.0,0,,1
FP2,NOR,McLaren,18.0,4.0,SOFT,5.0,80.95,28.187,17.905,34.858,,,272.0,296.0,299.0,289.0,0,,1
FP2,NOR,McLaren,19.0,4.0,SOFT,6.0,105.89,39.779,25.393,40.718,,,205.0,186.0,297.0,237.0,0,,1
FP2,NOR,McLaren,20.0,4.0,SOFT,7.0,84.917,28.091,17.76,39.066,,,272.0,304.0,307.0,296.0,0,,1
FP2,NOR,McLaren,21.0,4.0,SOFT,8.0,83.385,29.087,18.073,36.225,,,258.0,302.0,313.0,281.0,0,,1
FP2,NOR,McLaren,22.0,4.0,SOFT,9.0,82.989,29.171,17.995,35.823,,,260.0,295.0,290.0,282.0,0,,1
FP2,NOR,McLaren,23.0,4.0,SOFT,10.0,95.888,28.648,18.149,49.091,,,266.0,293.0,167.0,274.0,0,,0
FP2,NOR,McLaren,24.0,4.0,SOFT,11.0,92.487,37.28,19.295,35.912,,,202.0,300.0,283.0,158.0,0,,0
FP2,NOR,McLaren,25.0,4.0,SOFT,12.0,88.124,29.532,17.715,40.877,,,259.0,302.0,285.0,269.0,0,,1
FP2,NOR,McLaren,26.0,4.0,SOFT,13.0,83.604,28.811,17.857,36.936,,,268.0,299.0,304.0,277.0,0,,1
FP2,NOR,McLaren,27.0,4.0,SOFT,14.0,85.274,29.207,18.735,37.332,,,255.0,263.0,288.0,301.0,0,,1
FP2,NOR,McLaren,28.0,4.0,SOFT,15.0,,34.218,24.905,97.989,,,215.0,198.0,147.0,271.0,0,,0
FP2,NOR,McLaren,29.0,4.0,SOFT,16.0,,33.85,19.255,,,4695.613,227.0,239.0,,257.0,0,,0
FP2,VER,Red Bull Racing,1.0,1.0,MEDIUM,1.0,107.564,40.495,21.505,45.564,2321.876,,233.0,267.0,280.0,179.0,0,,0
FP2,VER,Red Bull Racing,2.0,1.0,MEDIUM,2.0,82.21,28.962,18.187,35.061,,,244.0,294.0,299.0,298.0,1,,1
FP2,VER,Red Bull Racing,3.0,1.0,MEDIUM,3.0,121.533,45.033,27.902,48.598,,,171.0,203.0,277.0,226.0,0,,1
FP2,VER,Red Bull Racing,4.0,1.0,MEDIUM,4.0,81.08,28.537,17.642,34.901,,,251.0,291.0,301.0,299.0,1,,1
FP2,VER,Red Bull Racing,5.0,1.0,MEDIUM,5.0,107.397,32.679,19.508,55.21,,2801.661,235.0,287.0,,243.0,0,,0
FP2,VER,Red Bull Racing,6.0,2.0,SOFT,1.0,100.261,38.96,21.168,40.133,2821.827,,227.0,266.0,284.0,207.0,0,,0
FP2,VER,Red Bull Racing,7.0,2.0,SOFT,2.0,80.366,28.149,17.57,34.647,,,250.0,287.0,291.0,303.0,1,,1
FP2,VER,Red Bull Racing,8.0,2.0,SOFT,3.0,,33.104,19.371,,,3088.703,247.0,287.0,,236.0,0,,0
FP2,VER,Red Bull Racing,9.0,3.0,MEDIUM,6.0,,97.242,18.623,44.244,3480.211,,259.0,287.0,289.0,211.0,0,,0
FP2,VER,Red Bull Racing,10.0,3.0,MEDIUM,7.0,84.588,29.773,18.335,36.48,,,243.0,293.0,289.0,284.0,0,,1
FP2,VER,Red Bull Racing,11.0,3.0,MEDIUM,8.0,88.706,29.773,18.188,40.745,,,244.0,297.0,287.0,285.0,0,,1
FP2,VER,Red Bull Racing,12.0,3.0,MEDIUM,9.0,84.918,29.923000000000002,18.401,36.594,,,243.0,293.0,292.0,281.0,0,,1
FP2,VER,Red Bull Racing,13.0,3.0,MEDIUM,10.0,,29.709,20.285,,,3948.65,244.0,278.0,,288.0,0,,0
FP2,BOR,Audi,1.0,1.0,MEDIUM,1.0,,82.869,20.907,49.652,840.258,,234.0,239.0,266.0,60.0,0,,0
FP2,BOR,Audi,2.0,1.0,MEDIUM,2.0,96.609,29.889,18.511,48.209,,,250.0,283.0,277.0,283.0,1,,1
FP2,BOR,Audi,3.0,1.0,MEDIUM,3.0,83.007,28.895,18.401,35.711,,,270.0,276.0,297.0,291.0,1,,1
FP2,BOR,Audi,4.0,1.0,MEDIUM,4.0,133.666,50.435,30.751,52.48,,,181.0,185.0,275.0,208.0,0,,1
FP2,BOR,Audi,5.0,1.0,MEDIUM,5.0,112.487,29.159,17.871,65.457,,1385.61,252.0,291.0,,290.0,0,,0
FP2,BOR,Audi,6.0,2.0,MEDIUM,6.0,102.132,40.763,20.335,41.034,1413.324,,237.0,259.0,277.0,133.0,0,,0
FP2,BOR,Audi,7.0,2.0,MEDIUM,7.0,81.99,28.553,17.918,35.519,,,271.0,280.0,297.0,289.0,1,,1
FP2,BOR,Audi,8.0,2.0,MEDIUM,8.0,,42.466,31.24,,,1707.07,116.0,233.0,,298.0,0,,0
FP2,BOR,Audi,9.0,3.0,SOFT,1.0,129.047,61.04,20.4,47.607,2185.502,,241.0,248.0,276.0,164.0,0,,0
FP2,BOR,Audi,10.0,3.0,SOFT,2.0,105.317,32.803,20.891,51.623,,,230.0,193.0,278.0,284.0,0,,1
FP2,BOR,Audi,11.0,3.0,SOFT,3.0,81.668,28.427,17.76,35.481,,,271.0,284.0,297.0,290.0,1,,1
FP2,BOR,Audi,12.0,3.0,SOFT,4.0,,47.051,38.766,65.423,,,127.0,151.0,265.0,213.0,0,,0
FP2,BOR,Audi,13.0,3.0,SOFT,5.0,89.097,30.177,20.515,38.405,,,244.0,233.0,279.0,282.0,0,,1
FP2,BOR,Audi,14.0,3.0,SOFT,6.0,81.921,28.346,17.839,35.736,,,272.0,278.0,295.0,291.0,0,,1
FP2,BOR,Audi,15.0,3.0,SOFT,7.0,,40.662,20.194,,,2919.978,239.0,256.0,,205.0,0,,0
FP2,BOR,Audi,16.0,4.0,MEDIUM,9.0,128.453,58.622,19.297,50.534,3315.114,3425.009,234.0,273.0,,173.0,0,,0
FP2,BOR,Audi,17.0,5.0,MEDIUM,10.0,134.238,76.549,19.709,37.98,3476.972,,236.0,290.0,292.0,163.0,0,,0
FP2,BOR,Audi,18.0,5.0,MEDIUM,11.0,88.289,31.642,18.383,38.264,,,263.0,304.0,289.0,286.0,0,,1
FP2,BOR,Audi,19.0,5.0,MEDIUM,12.0,86.275,30.399,18.248,37.628,,,265.0,294.0,291.0,283.0,0,,1
FP2,BOR,Audi,20.0,5.0,MEDIUM,13.0,85.915,30.313,18.12,37.482,,,266.0,290.0,293.0,285.0,0,,1
FP2,BOR,Audi,21.0,5.0,MEDIUM,14.0,85.397,30.059,18.119,37.219,,,267.0,292.0,295.0,286.0,0,,1
FP2,BOR,Audi,22.0,5.0,MEDIUM,15.0,85.884,30.155,18.152,37.577,,,267.0,286.0,301.0,283.0,0,,1
FP2,BOR,Audi,23.0,5.0,MEDIUM,16.0,110.402,30.222,18.438,61.742,,,242.0,274.0,184.0,291.0,0,,0
FP2,BOR,Audi,24.0,5.0,MEDIUM,17.0,91.203,35.491,18.508,37.204,,,223.0,292.0,299.0,229.0,0,,0
FP2,BOR,Audi,25.0,5.0,MEDIUM,18.0,101.805,29.625,18.122,54.058,,4289.66,257.0,289.0,,298.0,0,,0
FP2,BOR,Audi,26.0,6.0,SOFT,8.0,95.28,38.601,18.699,37.98,4310.422,,232.0,282.0,298.0,187.0,0,,0
FP2,BOR,Audi,27.0,6.0,SOFT,9.0,,40.355,26.682,97.718,,,163.0,205.0,72.0,220.0,0,,0
FP2,BOR,Audi,28.0,6.0,SOFT,10.0,,34.311,18.988,,,4662.244,243.0,265.0,,231.0,0,,0
FP2,HAD,Red Bull Racing,1.0,1.0,MEDIUM,1.0,120.376,52.726,21.821,45.829,877.085,,214.0,283.0,278.0,126.0,0,,0
FP2,HAD,Red Bull Racing,2.0,1.0,MEDIUM,2.0,82.211,29.078,17.76,35.373,,,247.0,286.0,297.0,288.0,1,,1
FP2,HAD,Red Bull Racing,3.0,1.0,MEDIUM,3.0,,59.08,43.316,62.671,,,127.0,134.0,277.0,224.0,0,,0
FP2,HAD,Red Bull Racing,4.0,1.0,MEDIUM,4.0,81.702,28.578,18.12,35.004,,,248.0,273.0,307.0,299.0,1,,1
FP2,HAD,Red Bull Racing,5.0,1.0,MEDIUM,5.0,145.454,52.25,37.564,55.64,,,150.0,142.0,202.0,227.0,0,,1
FP2,HAD,Red Bull Racing,6.0,1.0,MEDIUM,6.0,116.055,45.186,23.334,47.535,,,207.0,267.0,279.0,112.0,0,,1
FP2,HAD,Red Bull Racing,7.0,1.0,MEDIUM,7.0,120.164,28.272,36.801,55.091,,,295.0,123.0,275.0,299.0,0,,1
FP2,HAD,Red Bull Racing,8.0,1.0,MEDIUM,8.0,81.579,28.804,17.8,34.975,,,248.0,284.0,301.0,298.0,1,,1
FP2,HAD,Red Bull Racing,9.0,1.0,MEDIUM,9.0,,40.925,24.727,,,1894.412,174.0,236.0,,240.0,0,,0
FP2,HAD,Red Bull Racing,10.0,2.0,SOFT,1.0,120.62,44.51,23.535,52.575,2361.348,,237.0,240.0,276.0,165.0,0,,0
FP2,HAD,Red Bull Racing,11.0,2.0,SOFT,2.0,80.941,28.26,18.02,34.661,,,286.0,271.0,297.0,298.0,1,,1
FP2,HAD,Red Bull Racing,12.0,2.0,SOFT,3.0,146.054,53.366,36.07,56.618,,,140.0,159.0,208.0,225.0,0,,1
FP2,HAD,Red Bull Racing,13.0,2.0,SOFT,4.0,109.13,42.512,24.593,42.025,,,208.0,229.0,278.0,182.0,0,,1
FP2,HAD,Red Bull Racing,14.0,2.0,SOFT,5.0,80.95,28.507,17.838,34.605,,,248.0,279.0,289.0,301.0,0,,1
FP2,HAD,Red Bull Racing,15.0,2.0,SOFT,6.0,,42.83,30.772,,,3014.796,145.0,212.0,,285.0,0,,0
FP2,HAD,Red Bull Racing,16.0,3.0,MEDIUM,10.0,99.195,44.349,18.281,36.565,3405.385,,227.0,288.0,298.0,155.0,0,,0
FP2,HAD,Red Bull Racing,17.0,3.0,MEDIUM,11.0,84.386,29.477,18.324,36.585,,,240.0,278.0,294.0,300.0,0,,1
FP2,HAD,Red Bull Racing,18.0,3.0,MEDIUM,12.0,84.68,29.717,18.258,36.705,,,236.0,295.0,290.0,288.0,0,,1
FP2,HAD,Red Bull Racing,19.0,3.0,MEDIUM,13.0,93.426,29.945,21.921,41.56,,,235.0,309.0,299.0,287.0,0,,1
FP2,HAD,Red Bull Racing,20.0,3.0,MEDIUM,14.0,84.046,29.343,18.392,36.311,,,235.0,289.0,291.0,307.0,0,,1
FP2,HAD,Red Bull Racing,21.0,3.0,MEDIUM,15.0,84.313,29.666,18.377,36.27,,,235.0,290.0,299.0,286.0,0,,1
FP2,HAD,Red Bull Racing,22.0,3.0,MEDIUM,16.0,92.501,29.599,18.357,44.545,,,235.0,289.0,285.0,297.0,0,,1
FP2,HAD,Red Bull Racing,23.0,3.0,MEDIUM,17.0,114.152,30.084,30.339,53.729,,,233.0,228.0,281.0,284.0,0,,0
FP2,HAD,Red Bull Racing,24.0,3.0,MEDIUM,18.0,85.909,29.88,18.019,38.01,,,240.0,307.0,303.0,297.0,0,,1
FP2,HAD,Red Bull Racing,25.0,3.0,MEDIUM,19.0,85.188,30.365,18.31,36.513,,,241.0,296.0,293.0,283.0,0,,1
FP2,HAD,Red Bull Racing,26.0,3.0,MEDIUM,20.0,84.617,29.571,18.442,36.604,,,240.0,288.0,293.0,290.0,0,,1
FP2,HAD,Red Bull Racing,27.0,3.0,MEDIUM,21.0,,45.574,36.225,,,,118.0,175.0,92.0,289.0,0,,0
FP2,HAD,Red Bull Racing,28.0,3.0,MEDIUM,22.0,,41.82,24.369,,,4684.951,178.0,227.0,,249.0,0,,0
FP2,GAS,Alpine,1.0,1.0,MEDIUM,1.0,,,21.599,52.774,779.921,,226.0,206.0,274.0,134.0,0,,0
FP2,GAS,Alpine,2.0,1.0,MEDIUM,2.0,84.979,30.378,17.932,36.669,,,257.0,284.0,291.0,279.0,1,,1
FP2,GAS,Alpine,3.0,1.0,MEDIUM,3.0,118.344,45.725,26.338,46.281,,,216.0,160.0,267.0,192.0,0,,1
FP2,GAS,Alpine,4.0,1.0,MEDIUM,4.0,83.427,29.612,17.799,36.016,,,259.0,284.0,294.0,284.0,1,,1
FP2,GAS,Alpine,5.0,1.0,MEDIUM,5.0,121.779,47.053,28.866,45.86,,,121.0,207.0,275.0,199.0,0,,1
FP2,GAS,Alpine,6.0,1.0,MEDIUM,6.0,82.83,29.389,17.72,35.721,,,254.0,283.0,298.0,296.0,1,,1
FP2,GAS,Alpine,7.0,1.0,MEDIUM,7.0,115.416,43.537,26.323,45.556,,,172.0,214.0,276.0,226.0,0,,1
FP2,GAS,Alpine,8.0,1.0,MEDIUM,8.0,82.404,29.076,17.651,35.677,,,262.0,283.0,294.0,295.0,1,,1
FP2,GAS,Alpine,9.0,1.0,MEDIUM,9.0,119.277,44.308,28.982,45.987,,,171.0,226.0,278.0,229.0,0,,1
FP2,GAS,Alpine,10.0,1.0,MEDIUM,10.0,82.514,29.158,17.657,35.699,,,262.0,286.0,293.0,291.0,0,,1
FP2,GAS,Alpine,11.0,1.0,MEDIUM,11.0,,38.595,24.989,,,1913.939,201.0,215.0,,228.0,0,,0
FP2,GAS,Alpine,12.0,2.0,SOFT,1.0,105.391,40.593,21.144,43.654,2785.771,,245.0,255.0,285.0,170.0,0,,0
FP2,GAS,Alpine,13.0,2.0,SOFT,2.0,82.774,28.922,17.921,35.931,,,276.0,271.0,297.0,278.0,0,,1
FP2,GAS,Alpine,14.0,2.0,SOFT,3.0,126.352,46.995,30.184,49.173,,,140.0,194.0,272.0,232.0,0,,1
FP2,GAS,Alpine,15.0,2.0,SOFT,4.0,82.167,28.92,17.826999999999998,35.42,,,270.0,268.0,299.0,293.0,1,,1
FP2,GAS,Alpine,16.0,2.0,SOFT,5.0,,46.656,30.942,,,3310.442,148.0,170.0,,230.0,0,,0
FP2,PER,Cadillac,1.0,1.0,SOFT,1.0,118.806,44.438,20.758,53.61,3786.759,,227.0,234.0,283.0,143.0,0,,0
FP2,PER,Cadillac,2.0,1.0,SOFT,2.0,,35.629,21.864,,,4735.405,224.0,208.0,,248.0,0,,0
FP2,ANT,Mercedes,1.0,1.0,HARD,1.0,121.806,59.956,20.353,41.497,839.632,,231.0,281.0,276.0,123.0,0,,0
FP2,ANT,Mercedes,2.0,1.0,HARD,2.0,96.825,32.68,22.089,42.056,,,213.0,275.0,277.0,289.0,0,,1
FP2,ANT,Mercedes,3.0,1.0,HARD,3.0,81.426,28.459,17.912,35.055,,,279.0,268.0,297.0,289.0,1,,1
FP2,ANT,Mercedes,4.0,1.0,HARD,4.0,121.376,39.237,27.242,54.897,,,182.0,200.0,268.0,229.0,0,,1
FP2,ANT,Mercedes,5.0,1.0,HARD,5.0,100.591,28.798000000000002,24.575,47.218,,,276.0,121.0,281.0,277.0,0,,1
FP2,ANT,Mercedes,6.0,1.0,HARD,6.0,80.801,28.378,17.77,34.653,,,263.0,272.0,291.0,287.0,1,,1
FP2,ANT,Mercedes,7.0,1.0,HARD,7.0,,37.88,22.095,,,1534.196,219.0,231.0,,247.0,0,,0
FP2,ANT,Mercedes,8.0,2.0,SOFT,1.0,101.473,41.919,19.522,40.032,1784.142,,235.0,287.0,280.0,158.0,0,,0
FP2,ANT,Mercedes,9.0,2.0,SOFT,2.0,80.227,28.049,17.603,34.575,,,262.0,275.0,292.0,289.0,1,,1
FP2,ANT,Mercedes,10.0,2.0,SOFT,3.0,135.143,40.917,24.707,69.519,,2077.973,162.0,229.0,,244.0,0,,0
FP2,ANT,Mercedes,11.0,3.0,SOFT,4.0,112.545,45.486,23.988,43.071,2100.999,,206.0,241.0,275.0,135.0,0,,0
FP2,ANT,Mercedes,12.0,3.0,SOFT,5.0,79.943,28.067,17.531,34.345,,,264.0,279.0,293.0,290.0,1,,1
FP2,ANT,Mercedes,13.0,3.0,SOFT,6.0,,36.878,21.385,,,2392.809,237.0,249.0,,254.0,0,,0
FP2,ANT,Mercedes,14.0,4.0,HARD,8.0,131.386,74.761,18.665,37.96,2761.496,,247.0,293.0,285.0,214.0,0,,0
FP2,ANT,Mercedes,15.0,4.0,HARD,9.0,84.65,30.027,18.334,36.289,,,255.0,280.0,293.0,267.0,0,,1
FP2,ANT,Mercedes,16.0,4.0,HARD,10.0,84.194,29.032,18.77,36.392,,,273.0,266.0,292.0,282.0,0,,1
FP2,ANT,Mercedes,17.0,4.0,HARD,11.0,84.089,29.487,18.294,36.308,,,254.0,292.0,294.0,279.0,0,,1
FP2,ANT,Mercedes,18.0,4.0,HARD,12.0,84.045,29.471,18.387,36.187,,,259.0,292.0,291.0,284.0,0,,1
FP2,ANT,Mercedes,19.0,4.0,HARD,13.0,84.053,29.303,18.514,36.236,,,268.0,290.0,293.0,289.0,0,,1
FP2,ANT,Mercedes,20.0,4.0,HARD,14.0,84.024,29.353,18.369,36.302,,,253.0,290.0,289.0,290.0,0,,1
FP2,ANT,Mercedes,21.0,4.0,HARD,15.0,83.756,29.291,18.219,36.246,,,251.0,290.0,295.0,287.0,0,,1
FP2,ANT,Mercedes,22.0,4.0,HARD,16.0,83.712,29.306,18.242,36.164,,,246.0,290.0,298.0,289.0,0,,1
FP2,ANT,Mercedes,23.0,4.0,HARD,17.0,83.689,29.383,18.241,36.065,,,254.0,295.0,291.0,297.0,0,,1
FP2,ANT,Mercedes,24.0,4.0,HARD,18.0,84.61,29.658,18.164,36.788,,,255.0,300.0,296.0,286.0,0,,1
FP2,ANT,Mercedes,25.0,4.0,HARD,19.0,88.659,29.559,18.044,41.056,,,256.0,301.0,291.0,293.0,0,,1
FP2,ANT,Mercedes,26.0,4.0,HARD,20.0,84.424,29.512,18.194,36.718,,,251.0,298.0,285.0,291.0,0,,1
FP2,ANT,Mercedes,27.0,4.0,HARD,21.0,84.89,30.38,18.105,36.405,,,262.0,299.0,287.0,271.0,0,,1
FP2,ANT,Mercedes,28.0,4.0,HARD,22.0,,29.429,18.157,,,4076.668,263.0,294.0,,290.0,0,,0
FP2,ANT,Mercedes,29.0,5.0,SOFT,7.0,144.955,84.83,20.468,39.657,4279.54,,243.0,287.0,268.0,129.0,0,,0
FP2,ANT,Mercedes,30.0,5.0,SOFT,8.0,,35.265,22.589,96.87,,,219.0,192.0,62.0,229.0,0,,0
FP2,ANT,Mercedes,31.0,5.0,SOFT,9.0,,32.58,18.905,,,4664.865,256.0,275.0,,244.0,0,,0
FP2,ALO,Aston Martin,1.0,1.0,SOFT,1.0,130.778,52.259,22.818,55.701,1623.513,,240.0,113.0,280.0,125.0,0,,0
FP2,ALO,Aston Martin,2.0,1.0,SOFT,2.0,,32.114,19.106,,,1844.871,260.0,268.0,,230.0,0,,0
FP2,ALO,Aston Martin,3.0,2.0,SOFT,3.0,108.744,40.069,20.568,48.107,2546.767,,254.0,270.0,268.0,158.0,0,,0
FP2,ALO,Aston Martin,4.0,2.0,SOFT,4.0,85.883,30.127,18.641,37.115,,,262.0,282.0,287.0,268.0,1,,1
FP2,ALO,Aston Martin,5.0,2.0,SOFT,5.0,111.854,35.644,22.855,53.355,,,214.0,222.0,272.0,213.0,0,,1
FP2,ALO,Aston Martin,6.0,2.0,SOFT,6.0,85.552,29.567,19.017,36.968,,,263.0,257.0,288.0,282.0,1,,1
FP2,ALO,Aston Martin,7.0,2.0,SOFT,7.0,112.933,35.057,29.621,48.255,,,240.0,100.0,273.0,215.0,0,,1
FP2,ALO,Aston Martin,8.0,2.0,SOFT,8.0,84.939,29.496,18.752,36.691,,,265.0,258.0,280.0,288.0,1,,1
FP2,ALO,Aston Martin,9.0,2.0,SOFT,9.0,,32.117,22.801,,,3235.752,263.0,123.0,,252.0,0,,0
FP2,ALO,Aston Martin,10.0,3.0,SOFT,1.0,116.633,39.668,21.181,55.784,3674.893,,252.0,150.0,270.0,178.0,0,,0
FP2,ALO,Aston Martin,11.0,3.0,SOFT,2.0,105.175,31.664,24.388,49.123,,,256.0,83.0,290.0,296.0,0,,1
FP2,ALO,Aston Martin,12.0,3.0,SOFT,3.0,111.908,29.224,23.39,59.294,,3995.613,267.0,219.0,,299.0,0,,0
FP2,ALO,Aston Martin,13.0,4.0,SOFT,4.0,125.677,39.763,29.398,56.516,4008.512,,260.0,169.0,160.0,177.0,0,,0
FP2,ALO,Aston Martin,14.0,4.0,SOFT,5.0,116.038,38.375,30.201,47.462,,,248.0,251.0,268.0,193.0,0,,0
FP2,ALO,Aston Martin,15.0,4.0,SOFT,6.0,84.662,29.493,18.528,36.641,,,266.0,257.0,280.0,298.0,1,,1
FP2,ALO,Aston Martin,16.0,4.0,SOFT,7.0,100.891,33.585,24.264,43.042,,,259.0,251.0,271.0,220.0,0,,1
FP2,ALO,Aston Martin,17.0,4.0,SOFT,8.0,,37.425,28.274,90.775,,,170.0,206.0,128.0,213.0,0,,0
FP2,ALO,Aston Martin,18.0,4.0,SOFT,9.0,,35.115,24.384,,,4700.538,219.0,211.0,,208.0,0,,0
FP2,LEC,Ferrari,1.0,1.0,HARD,1.0,128.422,61.405,22.234,44.783,854.976,,109.0,256.0,237.0,67.0,0,,0
FP2,LEC,Ferrari,2.0,1.0,HARD,2.0,110.132,32.198,20.393,57.541,,,223.0,281.0,280.0,230.0,1,,1
FP2,LEC,Ferrari,3.0,1.0,HARD,3.0,82.215,28.976,18.022,35.217,,,233.0,294.0,304.0,299.0,1,,1
FP2,LEC,Ferrari,4.0,1.0,HARD,4.0,103.795,36.043,24.095,43.657,,,227.0,247.0,281.0,256.0,0,,1
FP2,LEC,Ferrari,5.0,1.0,HARD,5.0,81.478,28.59,17.839,35.049,,,232.0,296.0,305.0,299.0,1,,1
FP2,LEC,Ferrari,6.0,1.0,HARD,6.0,127.328,39.583,32.5,55.245,,,138.0,145.0,283.0,267.0,0,,1
FP2,LEC,Ferrari,7.0,1.0,HARD,7.0,95.376,29.409,23.744,42.223,,,232.0,115.0,283.0,301.0,0,,1
FP2,LEC,Ferrari,8.0,1.0,HARD,8.0,81.814,28.696,17.752,35.366,,,241.0,295.0,304.0,300.0,0,,1
FP2,LEC,Ferrari,9.0,1.0,HARD,9.0,104.289,36.258,23.817,44.214,,,185.0,174.0,293.0,256.0,0,,1
FP2,LEC,Ferrari,10.0,1.0,HARD,10.0,,28.343,18.678,,,1849.787,258.0,284.0,,314.0,0,,0
FP2,LEC,Ferrari,11.0,2.0,SOFT,1.0,122.784,48.421,22.863,51.5,2182.527,,90.0,275.0,283.0,125.0,0,,0
FP2,LEC,Ferrari,12.0,2.0,SOFT,2.0,103.54,38.299,20.99,44.251,,,225.0,276.0,285.0,297.0,0,,1
FP2,LEC,Ferrari,13.0,2.0,SOFT,3.0,97.739,30.664,20.314,46.761,,,226.0,245.0,282.0,295.0,0,,1
FP2,LEC,Ferrari,14.0,2.0,SOFT,4.0,80.38,28.238,17.483,34.659,,,265.0,298.0,308.0,296.0,1,,1
FP2,LEC,Ferrari,15.0,2.0,SOFT,5.0,120.077,38.076,25.074,56.927,,2690.825,214.0,214.0,,261.0,0,,0
FP2,LEC,Ferrari,16.0,3.0,SOFT,6.0,,87.747,20.887,48.26,2706.699,,221.0,275.0,283.0,187.0,0,,0
FP2,LEC,Ferrari,17.0,3.0,SOFT,7.0,80.291,28.182,17.462,34.647,,,263.0,298.0,308.0,294.0,1,,1
FP2,LEC,Ferrari,18.0,3.0,SOFT,8.0,117.649,37.162,29.526,50.961,,,180.0,189.0,284.0,263.0,0,,1
FP2,LEC,Ferrari,19.0,3.0,SOFT,9.0,80.346,28.228,17.526,34.592,,,257.0,297.0,309.0,295.0,0,,1
FP2,LEC,Ferrari,20.0,3.0,SOFT,10.0,,31.793,21.49,,,3228.98,199.0,282.0,,257.0,0,,0
FP2,LEC,Ferrari,21.0,4.0,HARD,11.0,121.036,63.517,18.483,39.036,3635.235,,236.0,301.0,273.0,176.0,0,,0
FP2,LEC,Ferrari,22.0,4.0,HARD,12.0,84.422,29.631,18.143,36.648,,,265.0,287.0,294.0,268.0,0,,1
FP2,LEC,Ferrari,23.0,4.0,HARD,13.0,88.284,32.961,18.477,36.846,,,259.0,286.0,286.0,293.0,0,,1
FP2,LEC,Ferrari,24.0,4.0,HARD,14.0,84.394,29.767,18.048,36.579,,,254.0,290.0,282.0,277.0,0,,1
FP2,LEC,Ferrari,25.0,4.0,HARD,15.0,119.059,29.497,18.182,71.38,,4112.313,274.0,273.0,,275.0,0,,0
FP2,LEC,Ferrari,26.0,5.0,SOFT,11.0,92.145,36.936,18.458,36.751,4131.613,,259.0,283.0,289.0,188.0,0,,0
FP2,LEC,Ferrari,27.0,5.0,SOFT,12.0,96.129,40.29,18.878,36.961,,,247.0,291.0,286.0,281.0,0,,1
FP2,LEC,Ferrari,28.0,5.0,SOFT,13.0,84.035,29.437,18.157,36.441,,,271.0,295.0,296.0,280.0,0,,1
FP2,LEC,Ferrari,29.0,5.0,SOFT,14.0,,39.576,26.038,99.317,,,145.0,197.0,2.0,241.0,0,,0
FP2,LEC,Ferrari,30.0,5.0,SOFT,15.0,,32.216,18.737,,,4654.153,256.0,275.0,,252.0,0,,0
FP2,STR,Aston Martin,1.0,1.0,SOFT,1.0,124.535,52.831,21.682,50.022,977.003,,171.0,257.0,279.0,121.0,0,,0
FP2,STR,Aston Martin,2.0,1.0,SOFT,2.0,,32.037,19.552,,,1196.286,252.0,248.0,,245.0,0,,0
FP2,STR,Aston Martin,3.0,2.0,SOFT,3.0,127.94,60.094,21.243,46.603,1936.029,,230.0,272.0,262.0,198.0,0,,0
FP2,STR,Aston Martin,4.0,2.0,SOFT,4.0,87.214,30.886,18.766,37.562,,,256.0,275.0,276.0,260.0,1,,1
FP2,STR,Aston Martin,5.0,2.0,SOFT,5.0,117.642,45.138,25.634,46.87,,,160.0,219.0,270.0,199.0,0,,1
FP2,STR,Aston Martin,6.0,2.0,SOFT,6.0,85.816,30.004,18.851,36.961,,,260.0,267.0,284.0,280.0,1,,1
FP2,STR,Aston Martin,7.0,2.0,SOFT,7.0,143.157,46.448,32.06,64.649,,,163.0,213.0,274.0,202.0,0,,1
FP2,STR,Aston Martin,8.0,2.0,SOFT,8.0,85.861,30.12,18.868,36.873,,,257.0,250.0,281.0,285.0,0,,1
FP2,STR,Aston Martin,9.0,2.0,SOFT,9.0,144.632,54.709,32.983,56.94,,,143.0,155.0,234.0,197.0,0,,1
FP2,STR,Aston Martin,10.0,2.0,SOFT,10.0,,50.029,25.712,,,2851.1,139.0,211.0,,143.0,0,,0
FP2,STR,Aston Martin,11.0,3.0,SOFT,1.0,127.773,53.212,25.589,48.972,3351.977,,205.0,194.0,204.0,109.0,0,,0
FP2,STR,Aston Martin,12.0,3.0,SOFT,2.0,119.508,37.471,28.966,53.071,,,218.0,125.0,244.0,197.0,0,,1
FP2,STR,Aston Martin,13.0,3.0,SOFT,3.0,,35.94,26.126,,,3706.971,190.0,194.0,,257.0,0,,0
FP2,ALB,Williams,1.0,1.0,HARD,1.0,115.627,54.162,21.235,40.23,830.164,,231.0,263.0,282.0,113.0,0,,0
FP2,ALB,Williams,2.0,1.0,HARD,2.0,85.119,30.113,18.176,36.83,,,253.0,286.0,293.0,268.0,1,,1
FP2,ALB,Williams,3.0,1.0,HARD,3.0,84.454,29.726,18.179,36.549,,,256.0,276.0,281.0,268.0,1,,1
FP2,ALB,Williams,4.0,1.0,HARD,4.0,118.481,43.462,22.186,52.833,,,161.0,284.0,273.0,203.0,0,,1
FP2,ALB,Williams,5.0,1.0,HARD,5.0,83.557,29.352,17.927,36.278,,,264.0,284.0,302.0,284.0,1,,1
FP2,ALB,Williams,6.0,1.0,HARD,6.0,114.408,44.837,24.951999999999998,44.619,,,143.0,265.0,280.0,221.0,0,,1
FP2,ALB,Williams,7.0,1.0,HARD,7.0,99.999,32.966,21.122,45.911,,,201.0,287.0,284.0,282.0,0,,1
FP2,ALB,Williams,8.0,1.0,HARD,8.0,82.86,28.927,17.976,35.957,,,268.0,277.0,305.0,295.0,1,,1
FP2,ALB,Williams,9.0,1.0,HARD,9.0,125.605,44.292,28.461,52.852,,,154.0,150.0,285.0,230.0,0,,1
FP2,ALB,Williams,10.0,1.0,HARD,10.0,83.155,28.953,18.082,36.12,,,268.0,271.0,312.0,296.0,0,,1
FP2,ALB,Williams,11.0,1.0,HARD,11.0,,40.579,25.109,,,1926.548,188.0,240.0,,230.0,0,,0
FP2,ALB,Williams,12.0,2.0,SOFT,1.0,107.178,42.065,21.465,43.648,2201.184,,252.0,279.0,285.0,145.0,0,,0
FP2,ALB,Williams,13.0,2.0,SOFT,2.0,81.847,28.668,17.918,35.261,,,264.0,273.0,311.0,297.0,1,,1
FP2,ALB,Williams,14.0,2.0,SOFT,3.0,132.339,42.091,30.954,59.294,,,160.0,139.0,273.0,272.0,0,,1
FP2,ALB,Williams,15.0,2.0,SOFT,4.0,115.943,42.093,20.415,53.435,,,248.0,229.0,286.0,238.0,0,,1
FP2,ALB,Williams,16.0,2.0,SOFT,5.0,81.978,28.696,17.971,35.311,,,269.0,273.0,303.0,297.0,0,,1
FP2,ALB,Williams,17.0,2.0,SOFT,6.0,128.316,45.164,28.998,54.154,,,166.0,186.0,202.0,230.0,0,,1
FP2,ALB,Williams,18.0,2.0,SOFT,7.0,101.018,37.724,21.628,41.666,,,215.0,206.0,284.0,209.0,0,,1
FP2,ALB,Williams,19.0,2.0,SOFT,8.0,,28.684,18.061,,,3030.104,269.0,265.0,,296.0,0,,0
FP2,ALB,Williams,20.0,3.0,HARD,12.0,124.621,67.735,18.747,38.139,3374.859,,249.0,281.0,290.0,215.0,0,,0
FP2,ALB,Williams,21.0,3.0,HARD,13.0,85.891,30.098,18.532,37.261,,,254.0,279.0,288.0,280.0,0,,1
FP2,ALB,Williams,22.0,3.0,HARD,14.0,86.529,30.396,18.48,37.653,,,253.0,282.0,289.0,280.0,0,,1
FP2,ALB,Williams,23.0,3.0,HARD,15.0,109.096,30.397,18.632,60.067,,3753.765,259.0,297.0,,280.0,0,,0
FP2,ALB,Williams,24.0,4.0,HARD,16.0,94.586,37.728,18.586,38.272,3779.712,,247.0,296.0,291.0,171.0,0,,0
FP2,ALB,Williams,25.0,4.0,HARD,17.0,86.91,30.582,18.536,37.792,,,257.0,296.0,290.0,281.0,0,,1
FP2,ALB,Williams,26.0,4.0,HARD,18.0,87.244,30.735,18.604,37.905,,,248.0,294.0,290.0,283.0,0,,1
FP2,ALB,Williams,27.0,4.0,HARD,19.0,108.67,42.995,23.852,41.823,,,150.0,278.0,296.0,287.0,0,,0
FP2,ALB,Williams,28.0,4.0,HARD,20.0,86.648,30.458,18.385,37.805,,,251.0,299.0,286.0,292.0,0,,1
FP2,ALB,Williams,29.0,4.0,HARD,21.0,106.891,30.479,18.984,57.428,,4327.177,247.0,287.0,,288.0,0,,0
FP2,ALB,Williams,30.0,5.0,SOFT,9.0,92.2,36.323,18.583,37.294,4350.676,,256.0,300.0,289.0,220.0,0,,0
FP2,ALB,Williams,31.0,5.0,SOFT,10.0,,37.113,26.721,,,,174.0,276.0,176.0,270.0,0,,0
FP2,ALB,Williams,32.0,5.0,SOFT,11.0,,35.208,21.289,,,4702.76,211.0,299.0,,240.0,0,,0
FP2,HUL,Audi,1.0,1.0,MEDIUM,1.0,,,19.976,38.492,769.713,,252.0,256.0,269.0,151.0,0,,0
FP2,HUL,Audi,2.0,1.0,MEDIUM,2.0,83.262,29.804,17.838,35.62,,,250.0,295.0,297.0,282.0,1,,1
FP2,HUL,Audi,3.0,1.0,MEDIUM,3.0,115.622,41.373,29.474,44.775,,,159.0,230.0,274.0,216.0,0,,1
FP2,HUL,Audi,4.0,1.0,MEDIUM,4.0,82.215,29.221,17.701,35.293,,,254.0,292.0,298.0,289.0,1,,1
FP2,HUL,Audi,5.0,1.0,MEDIUM,5.0,117.177,42.145,30.898,44.134,,,154.0,187.0,272.0,215.0,0,,1
FP2,HUL,Audi,6.0,1.0,MEDIUM,6.0,81.757,28.851,17.588,35.318,,,256.0,294.0,300.0,286.0,1,,1
FP2,HUL,Audi,7.0,1.0,MEDIUM,7.0,123.0,40.758,31.483,50.759,,,161.0,168.0,278.0,194.0,0,,1
FP2,HUL,Audi,8.0,1.0,MEDIUM,8.0,95.106,33.939,22.012,39.155,,,228.0,292.0,275.0,225.0,0,,1
FP2,HUL,Audi,9.0,1.0,MEDIUM,9.0,82.063,28.926,17.686,35.451,,,252.0,293.0,299.0,290.0,0,,1
FP2,HUL,Audi,10.0,1.0,MEDIUM,10.0,,30.715,19.595,,,1738.278,253.0,259.0,,247.0,0,,0
FP2,HUL,Audi,11.0,2.0,SOFT,1.0,113.539,52.648,20.806,40.085,2122.013,,242.0,258.0,271.0,183.0,0,,0
FP2,HUL,Audi,12.0,2.0,SOFT,2.0,92.322,31.885,19.787,40.65,,,258.0,264.0,280.0,224.0,0,,1
FP2,HUL,Audi,13.0,2.0,SOFT,3.0,81.431,28.621,17.676,35.134,,,254.0,291.0,306.0,312.0,1,,1
FP2,HUL,Audi,14.0,2.0,SOFT,4.0,123.721,42.43,28.976,52.315,,,162.0,198.0,275.0,208.0,0,,1
FP2,HUL,Audi,15.0,2.0,SOFT,5.0,93.896,32.31,19.563,42.023,,,236.0,260.0,279.0,291.0,0,,1
FP2,HUL,Audi,16.0,2.0,SOFT,6.0,81.868,28.626,18.016,35.226,,,269.0,281.0,297.0,291.0,0,,1
FP2,HUL,Audi,17.0,2.0,SOFT,7.0,96.839,37.297,19.708,39.834,,,242.0,259.0,274.0,241.0,0,,1
FP2,HUL,Audi,18.0,2.0,SOFT,8.0,81.351,28.664,17.591,35.096,,,269.0,287.0,295.0,288.0,1,,1
FP2,HUL,Audi,19.0,2.0,SOFT,9.0,,32.096,21.088,,,2976.673,262.0,152.0,,241.0,0,,0
FP2,HUL,Audi,20.0,3.0,MEDIUM,11.0,110.058,53.398,18.731,37.929,3276.192,,248.0,288.0,284.0,207.0,0,,0
FP2,HUL,Audi,21.0,3.0,MEDIUM,12.0,85.323,30.248,18.297,36.778,,,253.0,287.0,289.0,277.0,0,,1
FP2,HUL,Audi,22.0,3.0,MEDIUM,13.0,84.757,29.865,18.266,36.626,,,253.0,287.0,290.0,279.0,0,,1
FP2,HUL,Audi,23.0,3.0,MEDIUM,14.0,84.679,29.746,18.104,36.829,,,255.0,293.0,296.0,281.0,0,,1
FP2,HUL,Audi,24.0,3.0,MEDIUM,15.0,86.522,30.302,18.232,37.988,,,264.0,309.0,288.0,287.0,0,,1
FP2,HUL,Audi,25.0,3.0,MEDIUM,16.0,85.525,30.079,18.306,37.14,,,251.0,286.0,289.0,278.0,0,,1
FP2,HUL,Audi,26.0,3.0,MEDIUM,17.0,85.376,30.087,18.256,37.033,,,268.0,287.0,289.0,283.0,0,,1
FP2,HUL,Audi,27.0,3.0,MEDIUM,18.0,85.221,30.065,18.201,36.955,,,252.0,289.0,291.0,283.0,0,,1
FP2,HUL,Audi,28.0,3.0,MEDIUM,19.0,86.671,30.005,18.261,38.405,,,252.0,289.0,291.0,283.0,0,,1
FP2,HUL,Audi,29.0,3.0,MEDIUM,20.0,123.969,40.765,24.184,59.02,,4160.305,205.0,224.0,,283.0,0,,0
FP2,HUL,Audi,30.0,4.0,SOFT,10.0,90.701,36.153,17.907,36.641,4179.528,,257.0,315.0,298.0,213.0,0,,0
FP2,HUL,Audi,31.0,4.0,SOFT,11.0,85.791,30.123,18.348,37.32,,,267.0,288.0,287.0,285.0,0,,1
FP2,HUL,Audi,32.0,4.0,SOFT,12.0,85.15,29.996,18.489,36.665,,,255.0,282.0,288.0,278.0,0,,1
FP2,HUL,Audi,33.0,4.0,SOFT,13.0,,36.688,26.408,99.543,,,171.0,206.0,137.0,229.0,0,,0
FP2,HUL,Audi,34.0,4.0,SOFT,14.0,,38.774,20.526,,,4701.276,230.0,272.0,,161.0,0,,0
FP2,LAW,Racing Bulls,1.0,1.0,MEDIUM,1.0,107.608,42.763,21.73,43.115,904.013,,132.0,267.0,275.0,169.0,0,,0
FP2,LAW,Racing Bulls,2.0,1.0,MEDIUM,2.0,82.637,29.366,17.893,35.378,,,255.0,295.0,290.0,296.0,1,,1
FP2,LAW,Racing Bulls,3.0,1.0,MEDIUM,3.0,142.902,46.296,37.213,59.393,,,103.0,164.0,277.0,264.0,0,,1
FP2,LAW,Racing Bulls,4.0,1.0,MEDIUM,4.0,82.019,29.022,17.711,35.286,,,257.0,300.0,293.0,296.0,1,,1
FP2,LAW,Racing Bulls,5.0,1.0,MEDIUM,5.0,119.837,43.292,27.692,48.853,,,148.0,223.0,244.0,251.0,0,,1
FP2,LAW,Racing Bulls,6.0,1.0,MEDIUM,6.0,114.039,36.623,26.184,51.232,,,222.0,224.0,278.0,218.0,0,,1
FP2,LAW,Racing Bulls,7.0,1.0,MEDIUM,7.0,82.028,28.973,17.698,35.357,,,256.0,298.0,300.0,297.0,0,,1
FP2,LAW,Racing Bulls,8.0,1.0,MEDIUM,8.0,,35.912,24.336,,,1736.778,205.0,237.0,,253.0,0,,0
FP2,LAW,Racing Bulls,9.0,2.0,SOFT,1.0,106.537,40.987,22.197,43.353,2094.041,,231.0,251.0,278.0,181.0,0,,0
FP2,LAW,Racing Bulls,10.0,2.0,SOFT,2.0,81.358,28.719,17.64,34.999,,,260.0,308.0,300.0,298.0,1,,1
FP2,LAW,Racing Bulls,11.0,2.0,SOFT,3.0,118.975,38.907,28.202,51.866,,,137.0,163.0,231.0,280.0,0,,1
FP2,LAW,Racing Bulls,12.0,2.0,SOFT,4.0,117.045,39.326,25.97,51.749,,,186.0,252.0,279.0,214.0,0,,1
FP2,LAW,Racing Bulls,13.0,2.0,SOFT,5.0,82.54,28.793,17.643,36.104,,,260.0,304.0,303.0,298.0,0,,1
FP2,LAW,Racing Bulls,14.0,2.0,SOFT,6.0,,34.773,22.709,,,2694.26,221.0,216.0,,246.0,0,,0
FP2,LAW,Racing Bulls,15.0,3.0,SOFT,7.0,139.433,67.344,18.697,53.392,3229.144,3323.971,250.0,283.0,,181.0,0,,0
FP2,LAW,Racing Bulls,16.0,4.0,MEDIUM,9.0,96.983,37.518,19.538,39.927,3343.276,,251.0,232.0,280.0,221.0,0,,0
FP2,LAW,Racing Bulls,17.0,4.0,MEDIUM,10.0,85.756,29.815,18.538,37.403,,,263.0,288.0,292.0,274.0,0,,1
FP2,LAW,Racing Bulls,18.0,4.0,MEDIUM,11.0,85.803,30.006,18.404,37.393,,,237.0,293.0,293.0,281.0,0,,1
FP2,LAW,Racing Bulls,19.0,4.0,MEDIUM,12.0,86.033,30.037,18.457,37.539,,,253.0,293.0,292.0,281.0,0,,1
FP2,LAW,Racing Bulls,20.0,4.0,MEDIUM,13.0,85.51,29.943,18.311,37.256,,,251.0,296.0,299.0,281.0,0,,1
FP2,LAW,Racing Bulls,21.0,4.0,MEDIUM,14.0,85.73,29.971,18.297,37.462,,,253.0,298.0,296.0,286.0,0,,1
FP2,LAW,Racing Bulls,22.0,4.0,MEDIUM,15.0,86.46,30.807,18.168,37.485,,,248.0,305.0,300.0,282.0,0,,1
FP2,LAW,Racing Bulls,23.0,4.0,MEDIUM,16.0,86.062,30.624,18.239,37.199,,,246.0,293.0,305.0,279.0,0,,1
FP2,LAW,Racing Bulls,24.0,4.0,MEDIUM,17.0,108.891,36.98,25.334,46.577,,,203.0,220.0,304.0,302.0,0,,0
FP2,LAW,Racing Bulls,25.0,4.0,MEDIUM,18.0,85.981,29.88,18.908,37.193,,,238.0,283.0,286.0,299.0,0,,1
FP2,LAW,Racing Bulls,26.0,4.0,MEDIUM,19.0,85.604,30.218,18.272,37.114,,,237.0,296.0,298.0,276.0,0,,1
FP2,LAW,Racing Bulls,27.0,4.0,MEDIUM,20.0,85.424,29.744,18.362,37.318,,,262.0,293.0,295.0,292.0,0,,1
FP2,LAW,Racing Bulls,28.0,4.0,MEDIUM,21.0,,41.137,31.349,,,,172.0,159.0,106.0,266.0,0,,0
FP2,LAW,Racing Bulls,29.0,4.0,MEDIUM,22.0,,39.606,27.527,,,4691.415,163.0,208.0,,248.0,0,,0
FP2,OCO,Haas F1 Team,1.0,1.0,HARD,1.0,145.674,76.183,21.2,48.291,814.238,,252.0,254.0,262.0,139.0,0,,0
FP2,OCO,Haas F1 Team,2.0,1.0,HARD,2.0,85.13,30.579,18.198,36.353,,,228.0,303.0,298.0,284.0,1,,1
FP2,OCO,Haas F1 Team,3.0,1.0,HARD,3.0,116.007,44.168,23.051,48.788,,,227.0,162.0,290.0,226.0,0,,1
FP2,OCO,Haas F1 Team,4.0,1.0,HARD,4.0,84.249,30.205,18.051,35.993,,,229.0,298.0,295.0,293.0,1,,1
FP2,OCO,Haas F1 Team,5.0,1.0,HARD,5.0,114.655,42.113,25.575,46.967,,,122.0,142.0,267.0,267.0,0,,1
FP2,OCO,Haas F1 Team,6.0,1.0,HARD,6.0,83.225,29.804,17.785,35.636,,,229.0,307.0,300.0,297.0,1,,1
FP2,OCO,Haas F1 Team,7.0,1.0,HARD,7.0,121.129,45.289,26.207,49.633,,,108.0,207.0,259.0,229.0,0,,1
FP2,OCO,Haas F1 Team,8.0,1.0,HARD,8.0,82.597,29.48,17.591,35.526,,,260.0,301.0,301.0,294.0,1,,1
FP2,OCO,Haas F1 Team,9.0,1.0,HARD,9.0,125.145,40.336,27.32,57.489,,,159.0,199.0,291.0,260.0,0,,1
FP2,OCO,Haas F1 Team,10.0,1.0,HARD,10.0,,29.777,17.796,,,1824.911,236.0,298.0,,295.0,0,,0
FP2,OCO,Haas F1 Team,11.0,2.0,SOFT,1.0,104.658,43.194,20.487,40.977,2172.275,,235.0,258.0,271.0,155.0,0,,0
FP2,OCO,Haas F1 Team,12.0,2.0,SOFT,2.0,81.179,28.749,17.553,34.877,,,270.0,301.0,307.0,304.0,1,,1
FP2,OCO,Haas F1 Team,13.0,2.0,SOFT,3.0,122.207,39.532,24.726,57.949,,2467.271,193.0,228.0,,243.0,0,,0
FP2,OCO,Haas F1 Team,14.0,3.0,SOFT,4.0,131.21,69.369,20.618,41.223,2481.864,,232.0,265.0,268.0,158.0,0,,0
FP2,OCO,Haas F1 Team,15.0,3.0,SOFT,5.0,81.449,28.54,17.715,35.194,,,244.0,302.0,306.0,298.0,0,,1
FP2,OCO,Haas F1 Team,16.0,3.0,SOFT,6.0,,34.193,23.005,,,2791.097,207.0,233.0,,253.0,0,,0
FP2,OCO,Haas F1 Team,17.0,4.0,HARD,11.0,,79.437,22.285,56.656,3281.166,3414.073,221.0,200.0,,180.0,0,,0
FP2,OCO,Haas F1 Team,18.0,5.0,HARD,12.0,141.654,75.102,18.663,47.889,3429.737,,256.0,288.0,272.0,189.0,0,,0
FP2,OCO,Haas F1 Team,19.0,5.0,HARD,13.0,86.78,30.775,18.472,37.533,,,264.0,286.0,272.0,264.0,0,,1
FP2,OCO,Haas F1 Team,20.0,5.0,HARD,14.0,86.503,30.18,18.891,37.432,,,272.0,274.0,280.0,268.0,0,,1
FP2,OCO,Haas F1 Team,21.0,5.0,HARD,15.0,86.081,30.464,18.269,37.348,,,258.0,286.0,267.0,274.0,0,,1
FP2,OCO,Haas F1 Team,22.0,5.0,HARD,16.0,85.601,30.185,18.312,37.104,,,261.0,284.0,275.0,268.0,0,,1
FP2,OCO,Haas F1 Team,23.0,5.0,HARD,17.0,86.591,30.825,18.216,37.55,,,261.0,292.0,286.0,249.0,0,,1
FP2,OCO,Haas F1 Team,24.0,5.0,HARD,18.0,128.82,30.031,18.314,80.475,,4101.268,266.0,285.0,,281.0,0,,0
FP2,OCO,Haas F1 Team,25.0,6.0,HARD,19.0,96.762,39.899,18.799,38.064,4130.343,,233.0,293.0,289.0,179.0,0,,0
FP2,OCO,Haas F1 Team,26.0,6.0,HARD,20.0,86.933,30.188,18.806,37.939,,,230.0,287.0,276.0,293.0,0,,1
FP2,OCO,Haas F1 Team,27.0,6.0,HARD,21.0,84.874,29.982,18.047,36.845,,,264.0,293.0,311.0,278.0,0,,1
FP2,OCO,Haas F1 Team,28.0,6.0,HARD,22.0,,39.685,25.142,96.184,,,186.0,210.0,3.0,207.0,0,,0
FP2,OCO,Haas F1 Team,29.0,6.0,HARD,23.0,,35.105,26.178,,,4660.476,194.0,194.0,,232.0,0,,0
FP2,LIN,Racing Bulls,1.0,1.0,MEDIUM,1.0,124.342,59.756,21.222,43.364,847.32,,228.0,271.0,278.0,97.0,0,,0
FP2,LIN,Racing Bulls,2.0,1.0,MEDIUM,2.0,101.026,35.215,22.912,42.899,,,214.0,271.0,273.0,298.0,1,,1
FP2,LIN,Racing Bulls,3.0,1.0,MEDIUM,3.0,82.961,29.298,17.837,35.826,,,251.0,295.0,296.0,288.0,1,,1
FP2,LIN,Racing Bulls,4.0,1.0,MEDIUM,4.0,112.459,33.951,21.855,56.653,,1245.907,232.0,241.0,,237.0,0,,0
FP2,LIN,Racing Bulls,5.0,2.0,MEDIUM,5.0,145.127,68.561,24.953,51.613,1262.113,1391.691,175.0,252.0,,182.0,0,,0
FP2,LIN,Racing Bulls,6.0,3.0,MEDIUM,6.0,138.315,62.916,22.08,53.319,1405.541,1530.149,213.0,230.0,,180.0,0,,0
FP2,LIN,Racing Bulls,7.0,4.0,MEDIUM,7.0,,71.977,26.485,,1543.965,1678.922,127.0,250.0,,200.0,0,,0
FP2,LIN,Racing Bulls,8.0,5.0,SOFT,1.0,114.393,44.001,21.971,48.421,2025.947,,220.0,231.0,271.0,155.0,0,,0
FP2,LIN,Racing Bulls,9.0,5.0,SOFT,2.0,81.838,29.119,17.581,35.138,,,254.0,297.0,298.0,293.0,1,,1
FP2,LIN,Racing Bulls,10.0,5.0,SOFT,3.0,119.227,39.637,29.044,50.546,,,148.0,246.0,275.0,248.0,0,,1
FP2,LIN,Racing Bulls,11.0,5.0,SOFT,4.0,81.111,28.589,17.503,35.019,,,256.0,299.0,309.0,294.0,1,,1
FP2,LIN,Racing Bulls,12.0,5.0,SOFT,5.0,130.827,45.421,33.029,52.377,,,139.0,167.0,180.0,246.0,0,,1
FP2,LIN,Racing Bulls,13.0,5.0,SOFT,6.0,108.941,43.004,21.552,44.385,,,215.0,245.0,275.0,165.0,0,,1
FP2,LIN,Racing Bulls,14.0,5.0,SOFT,7.0,80.922,28.513,17.484,34.925,,,253.0,302.0,307.0,296.0,1,,1
FP2,LIN,Racing Bulls,15.0,5.0,SOFT,8.0,,35.188,22.667,,,2836.811,198.0,272.0,,249.0,0,,0
FP2,LIN,Racing Bulls,16.0,6.0,SOFT,9.0,122.959,62.198,21.728,39.033,3196.039,,245.0,284.0,274.0,186.0,0,,0
FP2,LIN,Racing Bulls,17.0,6.0,SOFT,10.0,86.801,30.485,18.51,37.806,,,237.0,300.0,297.0,272.0,0,,1
FP2,LIN,Racing Bulls,18.0,6.0,SOFT,11.0,86.097,30.071,18.378,37.648,,,241.0,297.0,294.0,283.0,0,,1
FP2,LIN,Racing Bulls,19.0,6.0,SOFT,12.0,85.664,30.036,18.218,37.41,,,239.0,304.0,303.0,286.0,0,,1
FP2,LIN,Racing Bulls,20.0,6.0,SOFT,13.0,86.079,30.131,18.27,37.678,,,245.0,305.0,297.0,290.0,0,,1
FP2,LIN,Racing Bulls,21.0,6.0,SOFT,14.0,85.975,30.367,18.105,37.503,,,242.0,309.0,303.0,282.0,0,,1
FP2,LIN,Racing Bulls,22.0,6.0,SOFT,15.0,86.205,30.141,18.267,37.797,,,244.0,300.0,292.0,293.0,0,,1
FP2,LIN,Racing Bulls,23.0,6.0,SOFT,16.0,85.518,30.14,18.08,37.298,,,243.0,309.0,299.0,287.0,0,,1
FP2,LIN,Racing Bulls,24.0,6.0,SOFT,17.0,86.056,30.319,18.127,37.61,,,240.0,306.0,298.0,293.0,0,,1
FP2,LIN,Racing Bulls,25.0,6.0,SOFT,18.0,110.072,30.208,18.091,61.773,,,244.0,306.0,215.0,291.0,0,,0
FP2,LIN,Racing Bulls,26.0,6.0,SOFT,19.0,87.943,32.599,18.175,37.169,,,238.0,303.0,311.0,243.0,0,,0
FP2,LIN,Racing Bulls,27.0,6.0,SOFT,20.0,85.742,30.26,18.126,37.356,,,243.0,302.0,301.0,310.0,0,,1
FP2,LIN,Racing Bulls,28.0,6.0,SOFT,21.0,85.619,30.126,18.142,37.351,,,244.0,300.0,302.0,298.0,0,,1
FP2,LIN,Racing Bulls,29.0,6.0,SOFT,22.0,126.679,37.181,23.917,65.581,,,180.0,222.0,23.0,242.0,0,,1
FP2,LIN,Racing Bulls,30.0,6.0,SOFT,23.0,,56.588,26.849,,,4620.072,184.0,238.0,,235.0,0,,0
FP2,COL,Alpine,1.0,1.0,MEDIUM,1.0,,,21.289,84.278,787.104,,238.0,254.0,19.0,105.0,0,,0
FP2,COL,Alpine,2.0,1.0,MEDIUM,2.0,120.516,51.542,20.342,48.632,,,248.0,262.0,265.0,102.0,1,,1
FP2,COL,Alpine,3.0,1.0,MEDIUM,3.0,83.976,29.764,18.003,36.209,,,267.0,298.0,319.0,270.0,1,,1
FP2,COL,Alpine,4.0,1.0,MEDIUM,4.0,131.562,49.079,32.01,50.473,,,183.0,168.0,271.0,177.0,0,,1
FP2,COL,Alpine,5.0,1.0,MEDIUM,5.0,83.199,29.373,18.018,35.808,,,269.0,296.0,318.0,294.0,1,,1
FP2,COL,Alpine,6.0,1.0,MEDIUM,6.0,133.372,51.407,37.206,44.759,,,125.0,222.0,276.0,201.0,0,,1
FP2,COL,Alpine,7.0,1.0,MEDIUM,7.0,83.139,29.272,17.964,35.903,,,266.0,296.0,320.0,299.0,1,,1
FP2,COL,Alpine,8.0,1.0,MEDIUM,8.0,138.774,45.516,39.714,53.544,,,127.0,135.0,275.0,208.0,0,,1
FP2,COL,Alpine,9.0,1.0,MEDIUM,9.0,83.617,29.193,17.785,36.639,,,274.0,298.0,317.0,298.0,0,,1
FP2,COL,Alpine,10.0,1.0,MEDIUM,10.0,,37.664,22.85,,,1919.252,245.0,283.0,,194.0,0,,0
FP2,COL,Alpine,11.0,2.0,SOFT,1.0,110.796,49.361,20.932,40.503,2487.506,,245.0,259.0,279.0,97.0,0,,0
FP2,COL,Alpine,12.0,2.0,SOFT,2.0,115.107,34.896,32.419,47.792,,,164.0,149.0,274.0,299.0,0,,1
FP2,COL,Alpine,13.0,2.0,SOFT,3.0,82.779,29.009,17.979,35.791,,,269.0,264.0,291.0,295.0,1,,1
FP2,COL,Alpine,14.0,2.0,SOFT,4.0,,71.689,38.916,51.428,,,185.0,115.0,267.0,184.0,0,,0
FP2,COL,Alpine,15.0,2.0,SOFT,5.0,82.619,29.207,17.881,35.531,,,258.0,269.0,300.0,294.0,1,,1
FP2,COL,Alpine,16.0,2.0,SOFT,6.0,,43.469,25.788,,,3147.656,204.0,189.0,,170.0,0,,0
FP2,COL,Alpine,17.0,3.0,MEDIUM,11.0,133.999,77.857,18.766,37.376,3528.656,,249.0,291.0,281.0,181.0,0,,0
FP2,COL,Alpine,18.0,3.0,MEDIUM,12.0,85.772,30.301,18.224,37.247,,,249.0,283.0,296.0,266.0,0,,1
FP2,COL,Alpine,19.0,3.0,MEDIUM,13.0,86.103,30.078,18.375,37.65,,,273.0,272.0,286.0,260.0,0,,1
FP2,COL,Alpine,20.0,3.0,MEDIUM,14.0,85.609,30.415,18.196,36.998,,,250.0,298.0,291.0,271.0,0,,1
FP2,COL,Alpine,21.0,3.0,MEDIUM,15.0,85.941,30.409,18.237,37.295,,,254.0,299.0,290.0,279.0,0,,1
FP2,COL,Alpine,22.0,3.0,MEDIUM,16.0,110.164,30.505,18.187,61.472,,,257.0,299.0,250.0,280.0,0,,0
FP2,COL,Alpine,23.0,3.0,MEDIUM,17.0,86.098,30.826,18.251,37.021,,,257.0,295.0,285.0,259.0,0,,0
FP2,COL,Alpine,24.0,3.0,MEDIUM,18.0,85.943,30.374,18.294,37.275,,,254.0,295.0,286.0,287.0,0,,1
FP2,COL,Alpine,25.0,3.0,MEDIUM,19.0,85.462,30.224,18.142,37.096,,,258.0,300.0,288.0,286.0,0,,1
FP2,COL,Alpine,26.0,3.0,MEDIUM,20.0,136.656,30.509,18.749,87.398,,,257.0,240.0,4.0,283.0,0,,1
FP2,COL,Alpine,27.0,3.0,MEDIUM,21.0,,33.805,18.455,,,4594.799,247.0,290.0,,239.0,0,,0
FP2,HAM,Ferrari,1.0,1.0,HARD,1.0,,,20.198,40.449,773.271,,241.0,259.0,278.0,145.0,0,,0
FP2,HAM,Ferrari,2.0,1.0,HARD,2.0,81.506,28.54,17.674,35.292,,,264.0,291.0,305.0,296.0,1,,1
FP2,HAM,Ferrari,3.0,1.0,HARD,3.0,132.383,45.548,30.836,55.999,,,195.0,234.0,273.0,170.0,0,,1
FP2,HAM,Ferrari,4.0,1.0,HARD,4.0,92.636,29.611,23.501,39.524,,,222.0,224.0,281.0,295.0,0,,1
FP2,HAM,Ferrari,5.0,1.0,HARD,5.0,80.903,28.428,17.657,34.818,,,241.0,302.0,302.0,297.0,1,,1
FP2,HAM,Ferrari,6.0,1.0,HARD,6.0,121.298,48.454,28.012,44.832,,,134.0,247.0,289.0,233.0,0,,1
FP2,HAM,Ferrari,7.0,1.0,HARD,7.0,81.355,28.415,17.981,34.959,,,240.0,284.0,310.0,303.0,0,,1
FP2,HAM,Ferrari,8.0,1.0,HARD,8.0,122.877,44.189,33.828,44.86,,,126.0,208.0,277.0,293.0,0,,1
FP2,HAM,Ferrari,9.0,1.0,HARD,9.0,99.347,33.593,21.625,44.129,,,226.0,258.0,273.0,284.0,0,,1
FP2,HAM,Ferrari,10.0,1.0,HARD,10.0,80.901,28.421,17.786,34.694,,,242.0,288.0,304.0,296.0,1,,1
FP2,HAM,Ferrari,11.0,1.0,HARD,11.0,128.248,48.28,34.733,45.235,,,128.0,201.0,280.0,249.0,0,,1
FP2,HAM,Ferrari,12.0,1.0,HARD,12.0,80.637,28.241,17.606,34.79,,,259.0,291.0,304.0,297.0,1,,1
FP2,HAM,Ferrari,13.0,1.0,HARD,13.0,,48.205,20.215,,,2087.896,137.0,280.0,,233.0,0,,0
FP2,HAM,Ferrari,14.0,2.0,SOFT,1.0,111.931,39.673,19.964,52.294,2378.025,,235.0,299.0,276.0,169.0,0,,0
FP2,HAM,Ferrari,15.0,2.0,SOFT,2.0,100.315,28.122,25.751,46.442,,,264.0,213.0,280.0,286.0,0,,1
FP2,HAM,Ferrari,16.0,2.0,SOFT,3.0,80.119,27.943,17.535,34.641,,,262.0,292.0,306.0,291.0,1,,1
FP2,HAM,Ferrari,17.0,2.0,SOFT,4.0,141.281,47.137,25.335,68.809,,2788.59,208.0,213.0,,233.0,0,,0
FP2,HAM,Ferrari,18.0,3.0,SOFT,5.0,125.959,58.352,20.022,47.585,2813.096,,234.0,263.0,279.0,174.0,0,,0
FP2,HAM,Ferrari,19.0,3.0,SOFT,6.0,100.101,37.784,23.704,38.613,,,141.0,260.0,281.0,289.0,0,,1
FP2,HAM,Ferrari,20.0,3.0,SOFT,7.0,80.05,27.902,17.593,34.555,,,259.0,292.0,303.0,291.0,1,,1
FP2,HAM,Ferrari,21.0,3.0,SOFT,8.0,128.003,46.993,29.01,52.0,,,125.0,278.0,282.0,239.0,0,,1
FP2,HAM,Ferrari,22.0,3.0,SOFT,9.0,,30.279,19.621,,,3332.114,266.0,277.0,,290.0,0,,0
FP2,HAM,Ferrari,23.0,4.0,HARD,14.0,113.659,55.842,18.698,39.119,3701.031,,258.0,281.0,283.0,184.0,0,,0
FP2,HAM,Ferrari,24.0,4.0,HARD,15.0,84.802,29.535,18.365,36.902,,,266.0,283.0,289.0,277.0,0,,1
FP2,HAM,Ferrari,25.0,4.0,HARD,16.0,84.483,29.766,18.068,36.649,,,250.0,291.0,296.0,285.0,0,,1
FP2,HAM,Ferrari,26.0,4.0,HARD,17.0,94.387,29.608,18.324,46.455,,,265.0,289.0,170.0,295.0,0,,0
FP2,HAM,Ferrari,27.0,4.0,HARD,18.0,97.885,37.131,23.926,36.828,,,211.0,257.0,303.0,180.0,0,,0
FP2,HAM,Ferrari,28.0,4.0,HARD,19.0,83.961,29.387,18.148,36.426,,,255.0,288.0,291.0,302.0,0,,1
FP2,HAM,Ferrari,29.0,4.0,HARD,20.0,84.381,29.61,18.18,36.591,,,274.0,284.0,288.0,282.0,0,,1
FP2,HAM,Ferrari,30.0,4.0,HARD,21.0,84.432,29.6,18.156,36.676,,,273.0,287.0,288.0,288.0,0,,1
FP2,HAM,Ferrari,31.0,4.0,HARD,22.0,,40.879,24.402,95.645,,,189.0,227.0,118.0,178.0,0,,0
FP2,HAM,Ferrari,32.0,4.0,HARD,23.0,,35.464,19.673000000000002,,,4677.943,242.0,282.0,,227.0,0,,0
FP2,SAI,Williams,1.0,1.0,MEDIUM,1.0,119.331,48.881,20.051,50.399,915.849,,246.0,283.0,272.0,157.0,0,,0
FP2,SAI,Williams,2.0,1.0,MEDIUM,2.0,93.504,29.787,19.876,43.841,,,240.0,275.0,277.0,283.0,1,,1
FP2,SAI,Williams,3.0,1.0,MEDIUM,3.0,107.369,29.154,17.877,60.338,,1207.484,260.0,284.0,,289.0,0,,0
FP2,SAI,Williams,4.0,2.0,MEDIUM,4.0,104.676,41.787,20.153,42.736,1234.084,,257.0,263.0,272.0,138.0,0,,0
FP2,SAI,Williams,5.0,2.0,MEDIUM,5.0,82.552,28.987,17.914,35.651,,,262.0,281.0,300.0,287.0,1,,1
FP2,SAI,Williams,6.0,2.0,MEDIUM,6.0,122.25,42.386,30.53,49.334,,,143.0,190.0,275.0,216.0,0,,1
FP2,SAI,Williams,7.0,2.0,MEDIUM,7.0,82.253,28.994,17.869,35.39,,,262.0,280.0,303.0,289.0,1,,1
FP2,SAI,Williams,8.0,2.0,MEDIUM,8.0,116.963,41.309,29.215,46.439,,,168.0,203.0,285.0,209.0,0,,1
FP2,SAI,Williams,9.0,2.0,MEDIUM,9.0,92.37,32.036,19.87,40.464,,,256.0,267.0,276.0,253.0,0,,1
FP2,SAI,Williams,10.0,2.0,MEDIUM,10.0,,28.919,18.066,,,1916.742,265.0,274.0,,290.0,0,,0
FP2,RUS,Mercedes,1.0,1.0,HARD,1.0,113.165,50.673,21.755,40.737,910.646,,113.0,284.0,275.0,122.0,0,,0
FP2,RUS,Mercedes,2.0,1.0,HARD,2.0,81.3,28.71,17.724,34.866,,,262.0,283.0,303.0,291.0,1,,1
FP2,RUS,Mercedes,3.0,1.0,HARD,3.0,118.585,41.886,27.385,49.314,,,199.0,168.0,275.0,196.0,0,,1
FP2,RUS,Mercedes,4.0,1.0,HARD,4.0,80.984,28.371,17.649,34.964,,,264.0,279.0,310.0,292.0,1,,1
FP2,RUS,Mercedes,5.0,1.0,HARD,5.0,,35.149,20.877,,,1396.131,243.0,281.0,,248.0,0,,0
FP2,RUS,Mercedes,6.0,2.0,SOFT,1.0,123.699,63.207,19.844,40.648,1688.962,,262.0,175.0,278.0,191.0,0,,0
FP2,RUS,Mercedes,7.0,2.0,SOFT,2.0,80.049,28.037,17.555,34.457,,,264.0,279.0,300.0,294.0,1,,1
FP2,RUS,Mercedes,8.0,2.0,SOFT,3.0,146.994,67.911,26.698,52.385,,,203.0,201.0,270.0,236.0,0,,1
FP2,RUS,Mercedes,9.0,2.0,SOFT,4.0,106.206,28.095,17.659,60.452,,2131.721,262.0,274.0,,290.0,0,,0
FP2,RUS,Mercedes,10.0,3.0,SOFT,5.0,147.361,70.395,29.065,47.901,2146.07,,170.0,123.0,275.0,227.0,0,,0
FP2,RUS,Mercedes,11.0,3.0,SOFT,6.0,100.246,34.001,22.394,43.851,,,163.0,192.0,276.0,292.0,0,,1
FP2,RUS,Mercedes,12.0,3.0,SOFT,7.0,,46.052,22.657,,,2507.513,218.0,179.0,,289.0,0,,0
FP2,RUS,Mercedes,13.0,4.0,HARD,6.0,123.196,66.562,19.038,37.596,2930.735,,238.0,266.0,280.0,212.0,0,,0
FP2,RUS,Mercedes,14.0,4.0,HARD,7.0,84.428,29.694,18.252,36.482,,,244.0,284.0,288.0,270.0,0,,1
FP2,RUS,Mercedes,15.0,4.0,HARD,8.0,84.314,29.412,18.384,36.518,,,247.0,276.0,284.0,275.0,0,,1
FP2,RUS,Mercedes,16.0,4.0,HARD,9.0,83.469,29.47,18.131,35.868,,,247.0,288.0,290.0,269.0,0,,1
FP2,RUS,Mercedes,17.0,4.0,HARD,10.0,83.298,29.246,18.127,35.925,,,250.0,293.0,284.0,279.0,0,,1
FP2,RUS,Mercedes,18.0,4.0,HARD,11.0,83.461,29.27,18.061,36.13,,,247.0,292.0,293.0,280.0,0,,1
FP2,RUS,Mercedes,19.0,4.0,HARD,12.0,83.507,29.18,18.09,36.237,,,253.0,295.0,288.0,285.0,0,,1
FP2,RUS,Mercedes,20.0,4.0,HARD,13.0,83.208,29.291,17.914,36.003,,,252.0,298.0,295.0,284.0,0,,1
FP2,RUS,Mercedes,21.0,4.0,HARD,14.0,83.138,29.252,17.962,35.924,,,250.0,295.0,294.0,291.0,0,,1
FP2,RUS,Mercedes,22.0,4.0,HARD,15.0,83.802,29.519,18.039,36.244,,,249.0,295.0,294.0,288.0,0,,1
FP2,RUS,Mercedes,23.0,4.0,HARD,16.0,84.4,29.311,17.957,37.132,,,253.0,301.0,298.0,289.0,0,,1
FP2,RUS,Mercedes,24.0,4.0,HARD,17.0,83.827,29.403,18.015,36.409,,,253.0,299.0,294.0,301.0,0,,1
FP2,RUS,Mercedes,25.0,4.0,HARD,18.0,,29.394,17.96,,,4056.636,256.0,300.0,,293.0,0,,0
FP2,RUS,Mercedes,26.0,5.0,SOFT,8.0,136.479,73.434,21.367,41.678,4287.444,,246.0,288.0,271.0,196.0,0,,0
FP2,RUS,Mercedes,27.0,5.0,SOFT,9.0,148.264,33.771,24.213,90.28,,,248.0,230.0,4.0,209.0,0,,1
FP2,RUS,Mercedes,28.0,5.0,SOFT,10.0,,32.554,18.508,,,4658.726,255.0,285.0,,250.0,0,,0
FP2,BOT,Cadillac,1.0,1.0,MEDIUM,1.0,138.632,70.489,21.596,46.547,1146.487,,225.0,244.0,280.0,103.0,0,,0
FP2,BOT,Cadillac,2.0,1.0,MEDIUM,2.0,85.433,30.602,18.102,36.729,,,255.0,298.0,303.0,287.0,1,,1
FP2,BOT,Cadillac,3.0,1.0,MEDIUM,3.0,115.397,36.165,23.738,55.494,,,225.0,223.0,273.0,233.0,0,,1
FP2,BOT,Cadillac,4.0,1.0,MEDIUM,4.0,110.894,37.732,24.139,49.023,,,219.0,277.0,272.0,287.0,0,,1
FP2,BOT,Cadillac,5.0,1.0,MEDIUM,5.0,85.249,30.476,18.129,36.644,,,260.0,295.0,303.0,286.0,1,,1
FP2,BOT,Cadillac,6.0,1.0,MEDIUM,6.0,108.898,37.232,23.469,48.197,,,207.0,280.0,279.0,225.0,0,,1
FP2,BOT,Cadillac,7.0,1.0,MEDIUM,7.0,,33.049,20.808,,,1877.49,231.0,274.0,,292.0,0,,0
FP2,BOT,Cadillac,8.0,2.0,SOFT,1.0,103.408,42.402,20.762,40.244,2216.435,,236.0,277.0,282.0,128.0,0,,0
FP2,BOT,Cadillac,9.0,2.0,SOFT,2.0,83.66,29.352,18.028,36.28,,,264.0,294.0,303.0,296.0,1,,1
FP2,BOT,Cadillac,10.0,2.0,SOFT,3.0,121.785,42.377,26.776,52.632,,,81.0,211.0,225.0,218.0,0,,1
FP2,BOT,Cadillac,11.0,2.0,SOFT,4.0,118.318,42.912,25.94,49.466,,,223.0,201.0,273.0,202.0,0,,1
FP2,BOT,Cadillac,12.0,2.0,SOFT,5.0,84.015,29.523,18.094,36.398,,,265.0,290.0,265.0,285.0,0,,1
FP2,BOT,Cadillac,13.0,2.0,SOFT,6.0,,40.716,22.34,,,2827.32,141.0,285.0,,136.0,0,,0
FP2,BOT,Cadillac,14.0,3.0,MEDIUM,8.0,145.617,87.288,18.774,39.555,3240.595,,258.0,292.0,262.0,218.0,0,,0
FP2,BOT,Cadillac,15.0,3.0,MEDIUM,9.0,87.677,31.088,18.464,38.125,,,261.0,286.0,277.0,254.0,0,,1
FP2,BOT,Cadillac,16.0,3.0,MEDIUM,10.0,87.886,31.012,18.593,38.281,,,265.0,285.0,278.0,270.0,0,,1
FP2,BOT,Cadillac,17.0,3.0,MEDIUM,11.0,88.143,31.057,18.44,38.646,,,253.0,292.0,260.0,265.0,0,,1
FP2,BOT,Cadillac,18.0,3.0,MEDIUM,12.0,89.235,31.075,18.42,39.74,,,255.0,297.0,283.0,257.0,0,,1
FP2,BOT,Cadillac,19.0,3.0,MEDIUM,13.0,87.522,30.785,18.284,38.453,,,259.0,299.0,286.0,275.0,0,,1
FP2,BOT,Cadillac,20.0,3.0,MEDIUM,14.0,90.609,31.05,19.387,40.172,,,258.0,252.0,272.0,274.0,0,,1
FP2,BOT,Cadillac,21.0,3.0,MEDIUM,15.0,88.689,31.439,18.528,38.722,,,262.0,293.0,281.0,275.0,0,,1
FP2,BOT,Cadillac,22.0,3.0,MEDIUM,16.0,98.749,31.085,18.607,49.057,,,268.0,291.0,215.0,280.0,0,,0
FP2,BOT,Cadillac,23.0,3.0,MEDIUM,17.0,100.822,38.865,22.797,39.16,,,206.0,302.0,297.0,203.0,0,,0
FP2,BOT,Cadillac,24.0,3.0,MEDIUM,18.0,88.253,31.071,18.589,38.593,,,259.0,287.0,282.0,283.0,0,,1
FP2,BOT,Cadillac,25.0,3.0,MEDIUM,19.0,89.192,31.002,18.557,39.633,,,259.0,285.0,292.0,274.0,0,,1
FP2,BOT,Cadillac,26.0,3.0,MEDIUM,20.0,90.224,31.779,19.366,39.079,,,272.0,285.0,299.0,250.0,0,,1
FP2,BOT,Cadillac,27.0,3.0,MEDIUM,21.0,149.202,38.467,25.49,85.245,,,200.0,199.0,147.0,217.0,0,,1
FP2,BOT,Cadillac,28.0,3.0,MEDIUM,22.0,,33.913,21.374,,,4693.702,255.0,187.0,,236.0,0,,0
FP2,PIA,McLaren,1.0,1.0,HARD,1.0,129.455,66.846,20.665,41.944,852.003,,251.0,276.0,243.0,63.0,0,,0
FP2,PIA,McLaren,2.0,1.0,HARD,2.0,102.409,38.372,19.991,44.046,,,244.0,279.0,281.0,174.0,1,,1
FP2,PIA,McLaren,3.0,1.0,HARD,3.0,81.673,28.899,17.799,34.975,,,263.0,297.0,304.0,283.0,1,,1
FP2,PIA,McLaren,4.0,1.0,HARD,4.0,129.361,44.102,28.695,56.564,,,166.0,198.0,279.0,188.0,0,,1
FP2,PIA,McLaren,5.0,1.0,HARD,5.0,81.076,28.494,17.743,34.839,,,268.0,288.0,307.0,293.0,1,,1
FP2,PIA,McLaren,6.0,1.0,HARD,6.0,125.638,42.632,27.243,55.763,,,185.0,115.0,288.0,207.0,0,,1
FP2,PIA,McLaren,7.0,1.0,HARD,7.0,80.638,28.134,17.805,34.699,,,268.0,281.0,301.0,297.0,1,,1
FP2,PIA,McLaren,8.0,1.0,HARD,8.0,116.202,41.142,26.208,48.852,,,121.0,247.0,279.0,177.0,0,,1
FP2,PIA,McLaren,9.0,1.0,HARD,9.0,80.85,28.343,17.8,34.707,,,263.0,276.0,303.0,285.0,0,,1
FP2,PIA,McLaren,10.0,1.0,HARD,10.0,,37.654,22.477,,,1865.86,216.0,244.0,,199.0,0,,0
FP2,PIA,McLaren,11.0,2.0,SOFT,1.0,103.616,39.799,20.018,43.799,2723.137,,257.0,278.0,292.0,143.0,0,,0
FP2,PIA,McLaren,12.0,2.0,SOFT,2.0,79.729,27.803,17.538,34.388,,,266.0,289.0,304.0,300.0,1,,1
FP2,PIA,McLaren,13.0,2.0,SOFT,3.0,,36.094,25.173,,,3007.467,227.0,160.0,,185.0,0,,0
FP2,PIA,McLaren,14.0,3.0,SOFT,4.0,128.799,73.438,18.072,37.289,3467.475,,261.0,293.0,302.0,189.0,0,,0
FP2,PIA,McLaren,15.0,3.0,SOFT,5.0,84.906,30.216,18.053,36.637,,,257.0,295.0,288.0,242.0,0,,1
FP2,PIA,McLaren,16.0,3.0,SOFT,6.0,85.21,29.826999999999998,18.294,37.089,,,259.0,295.0,289.0,277.0,0,,1
FP2,PIA,McLaren,17.0,3.0,SOFT,7.0,84.594,29.299,18.439,36.856,,,255.0,294.0,291.0,283.0,0,,1
FP2,PIA,McLaren,18.0,3.0,SOFT,8.0,84.648,29.66,18.088,36.9,,,255.0,304.0,294.0,277.0,0,,1
FP2,PIA,McLaren,19.0,3.0,SOFT,9.0,84.884,29.528,17.708,37.648,,,257.0,310.0,282.0,287.0,0,,1
FP2,PIA,McLaren,20.0,3.0,SOFT,10.0,96.569,29.512,18.088,48.969,,,260.0,302.0,210.0,282.0,0,,0
FP2,PIA,McLaren,21.0,3.0,SOFT,11.0,98.09,39.055,22.021,37.014,,,185.0,316.0,288.0,188.0,0,,0
FP2,PIA,McLaren,22.0,3.0,SOFT,12.0,100.092,29.531,18.507,52.054,,4259.24,263.0,293.0,,283.0,0,,0
FP2,PIA,McLaren,23.0,4.0,HARD,11.0,91.0,35.823,18.379,36.798,4279.454,,260.0,292.0,289.0,234.0,0,,0
FP2,PIA,McLaren,24.0,4.0,HARD,12.0,83.927,29.134,18.455,36.338,,,252.0,293.0,280.0,284.0,0,,1
FP2,PIA,McLaren,25.0,4.0,HARD,13.0,,48.715,25.432,99.664,,,87.0,283.0,174.0,214.0,0,,0
FP2,PIA,McLaren,26.0,4.0,HARD,14.0,,30.539,18.818,,,4721.479,261.0,286.0,,260.0,0,,0
FP2,BEA,Haas F1 Team,1.0,1.0,HARD,1.0,113.957,45.861,20.354,47.742,822.683,,262.0,267.0,238.0,123.0,0,,0
FP2,BEA,Haas F1 Team,2.0,1.0,HARD,2.0,104.593,33.75,21.065,49.778,,,239.0,155.0,259.0,216.0,1,,1
FP2,BEA,Haas F1 Team,3.0,1.0,HARD,3.0,83.86,29.978,17.991,35.891,,,231.0,295.0,307.0,290.0,1,,1
FP2,BEA,Haas F1 Team,4.0,1.0,HARD,4.0,134.022,50.429,27.837,55.756,,,130.0,201.0,254.0,176.0,0,,1
FP2,BEA,Haas F1 Team,5.0,1.0,HARD,5.0,83.738,29.42,18.222,36.096,,,271.0,278.0,304.0,291.0,1,,1
FP2,BEA,Haas F1 Team,6.0,1.0,HARD,6.0,122.676,49.276,27.235,46.165,,,172.0,216.0,265.0,193.0,0,,1
FP2,BEA,Haas F1 Team,7.0,1.0,HARD,7.0,82.778,28.979,18.012,35.787,,,273.0,280.0,304.0,286.0,1,,1
FP2,BEA,Haas F1 Team,8.0,1.0,HARD,8.0,127.546,54.808,29.519,43.219,,,131.0,203.0,270.0,210.0,0,,1
FP2,BEA,Haas F1 Team,9.0,1.0,HARD,9.0,82.607,29.122,17.721,35.764,,,268.0,291.0,307.0,286.0,1,,1
FP2,BEA,Haas F1 Team,10.0,1.0,HARD,10.0,,33.56,20.884,,,1851.492,221.0,217.0,,241.0,0,,0
FP2,BEA,Haas F1 Team,11.0,2.0,SOFT,1.0,110.225,46.266,20.32,43.639,2179.636,,247.0,268.0,273.0,138.0,0,,0
FP2,BEA,Haas F1 Team,12.0,2.0,SOFT,2.0,81.326,28.652,17.544,35.13,,,243.0,311.0,309.0,295.0,1,,1
FP2,BEA,Haas F1 Team,13.0,2.0,SOFT,3.0,144.141,54.329,36.012,53.8,,,125.0,139.0,192.0,220.0,0,,1
FP2,BEA,Haas F1 Team,14.0,2.0,SOFT,4.0,106.171,39.095,25.069,42.007,,,180.0,230.0,269.0,168.0,0,,1
FP2,BEA,Haas F1 Team,15.0,2.0,SOFT,5.0,,28.584,17.568,,,2699.003,257.0,303.0,,297.0,0,,0
FP2,BEA,Haas F1 Team,16.0,3.0,HARD,11.0,146.64,73.948,20.329,52.363,3060.723,3190.61,256.0,249.0,,149.0,0,,0
FP2,BEA,Haas F1 Team,17.0,4.0,HARD,12.0,144.67,88.746,18.446,37.478,3234.345,,263.0,289.0,283.0,199.0,0,,0
FP2,BEA,Haas F1 Team,18.0,4.0,HARD,13.0,86.419,30.411,18.328,37.68,,,267.0,290.0,279.0,267.0,0,,1
FP2,BEA,Haas F1 Team,19.0,4.0,HARD,14.0,85.957,30.478,18.319,37.16,,,265.0,284.0,284.0,266.0,0,,1
FP2,BEA,Haas F1 Team,20.0,4.0,HARD,15.0,86.101,30.482,18.185,37.434,,,265.0,288.0,283.0,272.0,0,,1
FP2,BEA,Haas F1 Team,21.0,4.0,HARD,16.0,85.862,30.33,18.207,37.325,,,261.0,288.0,283.0,269.0,0,,1
FP2,BEA,Haas F1 Team,22.0,4.0,HARD,17.0,86.486,30.61,18.187,37.689,,,262.0,290.0,274.0,273.0,0,,1
FP2,BEA,Haas F1 Team,23.0,4.0,HARD,18.0,86.616,30.388,18.262,37.966,,,262.0,290.0,276.0,270.0,0,,1
FP2,BEA,Haas F1 Team,24.0,4.0,HARD,19.0,86.701,30.507,18.297,37.897,,,260.0,290.0,282.0,273.0,0,,1
FP2,BEA,Haas F1 Team,25.0,4.0,HARD,20.0,87.954,31.535,18.375,38.044,,,259.0,296.0,294.0,277.0,0,,1
FP2,BEA,Haas F1 Team,26.0,4.0,HARD,21.0,108.459,38.384,24.052,46.023,,,178.0,210.0,301.0,282.0,0,,0
FP2,BEA,Haas F1 Team,27.0,4.0,HARD,22.0,86.0,30.421,18.081,37.498,,,264.0,300.0,295.0,280.0,0,,1
FP2,BEA,Haas F1 Team,28.0,4.0,HARD,23.0,85.907,30.323,18.208,37.376,,,265.0,300.0,291.0,287.0,0,,1
FP2,BEA,Haas F1 Team,29.0,4.0,HARD,24.0,85.869,30.362,18.116,37.391,,,262.0,298.0,290.0,282.0,0,,1
FP2,BEA,Haas F1 Team,30.0,4.0,HARD,25.0,130.756,39.892,28.496,62.368,,,155.0,183.0,31.0,253.0,0,,1
FP2,BEA,Haas F1 Team,31.0,4.0,HARD,26.0,,51.309,18.668,,,4646.353,252.0,287.0,,231.0,0,,0
FP3,NOR,McLaren,1.0,1.0,SOFT,1.0,148.3,80.197,21.307,46.796,1850.452,,231.0,252.0,274.0,90.0,0,,0
FP3,NOR,McLaren,2.0,1.0,SOFT,2.0,100.995,34.687,20.724,45.584,,,251.0,282.0,269.0,276.0,1,,1
FP3,NOR,McLaren,3.0,1.0,SOFT,3.0,87.517,28.821,17.877,40.819,,,276.0,277.0,180.0,275.0,1,,0
FP3,NOR,McLaren,4.0,1.0,SOFT,4.0,129.252,48.332,25.025,55.895,,,175.0,263.0,198.0,110.0,0,,0
FP3,NOR,McLaren,5.0,1.0,SOFT,5.0,,40.239,27.328,,,2428.673,216.0,255.0,,263.0,0,,0
FP3,NOR,McLaren,6.0,2.0,SOFT,6.0,,93.72,20.735,40.271,2823.369,,250.0,282.0,278.0,149.0,0,,0
FP3,NOR,McLaren,7.0,2.0,SOFT,7.0,81.438,28.357,18.139,34.942,,,276.0,267.0,284.0,289.0,1,,1
FP3,NOR,McLaren,8.0,2.0,SOFT,8.0,116.975,41.083,25.693,50.199,,,201.0,209.0,220.0,113.0,0,,1
FP3,NOR,McLaren,9.0,2.0,SOFT,9.0,115.536,38.567,25.496,51.473,,,201.0,217.0,275.0,175.0,0,,1
FP3,NOR,McLaren,10.0,2.0,SOFT,10.0,95.658,36.34,20.518,38.8,,,179.0,284.0,276.0,288.0,0,,1
FP3,NOR,McLaren,11.0,2.0,SOFT,11.0,81.163,28.4,17.983,34.78,,,276.0,269.0,283.0,284.0,1,,1
FP3,NOR,McLaren,12.0,2.0,SOFT,12.0,112.408,39.435,25.198,47.775,,,205.0,221.0,187.0,238.0,0,,1
FP3,NOR,McLaren,13.0,2.0,SOFT,13.0,105.721,35.779,24.101,45.841,,,246.0,164.0,281.0,186.0,0,,1
FP3,NOR,McLaren,14.0,2.0,SOFT,14.0,81.458,28.298,17.807,35.353,,,265.0,277.0,289.0,288.0,0,,1
FP3,NOR,McLaren,15.0,2.0,SOFT,15.0,110.214,39.663,24.962,45.589,,,161.0,214.0,277.0,141.0,0,,1
FP3,NOR,McLaren,16.0,2.0,SOFT,16.0,81.039,28.496,17.932,34.611,,,261.0,274.0,284.0,284.0,1,,1
FP3,NOR,McLaren,17.0,2.0,SOFT,17.0,,32.35,20.925,,,3997.139,231.0,257.0,,232.0,0,,0
FP3,NOR,McLaren,18.0,3.0,SOFT,1.0,,,20.151,39.354,4923.677,,256.0,269.0,277.0,185.0,0,,0
FP3,NOR,McLaren,19.0,3.0,SOFT,2.0,80.443,28.224,17.784,34.435,,,268.0,277.0,281.0,284.0,1,,1
FP3,NOR,McLaren,20.0,3.0,SOFT,3.0,87.635,31.166,20.78,35.689,,,239.0,256.0,300.0,255.0,0,,1
FP3,NOR,McLaren,21.0,3.0,SOFT,4.0,,37.383,24.431,,,,196.0,214.0,3.0,286.0,0,,0
FP3,NOR,McLaren,22.0,3.0,SOFT,5.0,,37.138,18.221,,,5451.311,264.0,257.0,,163.0,0,,0
FP3,VER,Red Bull Racing,1.0,1.0,SOFT,1.0,,,20.328,39.272,2841.586,,245.0,282.0,281.0,175.0,0,,0
FP3,VER,Red Bull Racing,2.0,1.0,SOFT,2.0,80.979,28.38,17.776,34.823,,,283.0,280.0,304.0,302.0,1,,1
FP3,VER,Red Bull Racing,3.0,1.0,SOFT,3.0,136.003,46.401,24.626,64.976,,3139.223,180.0,239.0,,222.0,0,,0
FP3,VER,Red Bull Racing,4.0,2.0,SOFT,4.0,103.25,38.758,20.623,43.869,3162.01,,244.0,198.0,283.0,185.0,0,,0
FP3,VER,Red Bull Racing,5.0,2.0,SOFT,5.0,80.508,28.061,17.905,34.542,,,281.0,273.0,303.0,303.0,1,,1
FP3,VER,Red Bull Racing,6.0,2.0,SOFT,6.0,103.15,43.571,20.726,38.853,,,193.0,266.0,313.0,214.0,0,,1
FP3,VER,Red Bull Racing,7.0,2.0,SOFT,7.0,82.062,28.356,18.281,35.425,,,294.0,291.0,296.0,316.0,0,,1
FP3,VER,Red Bull Racing,8.0,2.0,SOFT,8.0,84.351,30.935,17.951,35.465,,,277.0,298.0,299.0,292.0,0,,1
FP3,VER,Red Bull Racing,9.0,2.0,SOFT,9.0,81.973,28.33,17.671,35.972,,,299.0,305.0,284.0,299.0,0,,1
FP3,VER,Red Bull Racing,10.0,2.0,SOFT,10.0,82.186,28.563,18.106,35.517,,,296.0,290.0,295.0,285.0,0,,1
FP3,VER,Red Bull Racing,11.0,2.0,SOFT,11.0,,29.873,18.903,,,3860.583,260.0,288.0,,,0,,0
FP3,VER,Red Bull Racing,12.0,3.0,SOFT,1.0,118.928,55.03,19.31,44.588,5017.284,,252.0,269.0,287.0,75.0,0,,0
FP3,VER,Red Bull Racing,13.0,3.0,SOFT,2.0,80.197,27.798000000000002,17.902,34.497,,,280.0,273.0,312.0,306.0,1,,1
FP3,VER,Red Bull Racing,14.0,3.0,SOFT,3.0,,41.294,23.22,,,,182.0,242.0,119.0,234.0,0,,0
FP3,VER,Red Bull Racing,15.0,3.0,SOFT,4.0,,30.688,18.307,,,5464.702,257.0,282.0,,255.0,0,,0
FP3,BOR,Audi,1.0,1.0,SOFT,1.0,124.999,62.469,21.053,41.477,1720.21,,235.0,233.0,268.0,157.0,0,,0
FP3,BOR,Audi,2.0,1.0,SOFT,2.0,98.239,32.291,20.754,45.194,,,247.0,231.0,265.0,278.0,1,,1
FP3,BOR,Audi,3.0,1.0,SOFT,3.0,82.287,29.181,17.806,35.3,,,247.0,285.0,304.0,282.0,1,,1
FP3,BOR,Audi,4.0,1.0,SOFT,4.0,130.034,49.105,28.953,51.976,,,129.0,228.0,268.0,249.0,0,,1
FP3,BOR,Audi,5.0,1.0,SOFT,5.0,135.482,28.806,39.516,67.16,,,250.0,119.0,172.0,285.0,0,,0
FP3,BOR,Audi,6.0,1.0,SOFT,6.0,,33.89,20.612,,,2528.743,242.0,225.0,,240.0,0,,0
FP3,BOR,Audi,7.0,2.0,SOFT,7.0,120.019,57.364,20.938,41.717,2912.228,,237.0,231.0,267.0,61.0,0,,0
FP3,BOR,Audi,8.0,2.0,SOFT,8.0,90.446,31.192,20.392,38.862,,,248.0,232.0,283.0,270.0,0,,1
FP3,BOR,Audi,9.0,2.0,SOFT,9.0,95.592,34.874,20.48,40.238,,,235.0,231.0,270.0,294.0,0,,1
FP3,BOR,Audi,10.0,2.0,SOFT,10.0,80.575,28.531,17.411,34.633,,,251.0,289.0,299.0,287.0,1,,1
FP3,BOR,Audi,11.0,2.0,SOFT,11.0,127.469,37.426,31.772,58.271,,,240.0,169.0,268.0,169.0,0,,1
FP3,BOR,Audi,12.0,2.0,SOFT,12.0,,28.68,17.716,,,3505.015,248.0,282.0,,284.0,0,,0
FP3,BOR,Audi,13.0,3.0,SOFT,1.0,102.19,39.183,20.501,42.506,4288.409,,247.0,234.0,202.0,188.0,0,,0
FP3,BOR,Audi,14.0,3.0,SOFT,2.0,,,,,,4546.76,,,,153.0,0,,0
FP3,BOR,Audi,15.0,4.0,SOFT,3.0,128.955,69.333,20.585,39.037,4957.762,,242.0,233.0,279.0,173.0,0,,0
FP3,BOR,Audi,16.0,4.0,SOFT,4.0,80.459,28.42,17.505,34.534,,,254.0,281.0,304.0,290.0,1,,1
FP3,BOR,Audi,17.0,4.0,SOFT,5.0,111.594,43.72,21.031,46.843,,,216.0,235.0,272.0,285.0,0,,1
FP3,BOR,Audi,18.0,4.0,SOFT,6.0,,35.841,21.282,,,,237.0,221.0,194.0,208.0,0,,0
FP3,BOR,Audi,19.0,4.0,SOFT,7.0,,35.91,21.039,,,5521.155,218.0,281.0,,221.0,0,,0
FP3,HAD,Red Bull Racing,1.0,1.0,SOFT,1.0,120.651,56.397,20.574,43.68,2852.948,,235.0,286.0,279.0,110.0,0,,0
FP3,HAD,Red Bull Racing,2.0,1.0,SOFT,2.0,81.311,28.601,17.632,35.078,,,264.0,286.0,314.0,299.0,1,,1
FP3,HAD,Red Bull Racing,3.0,1.0,SOFT,3.0,111.551,46.499,22.494,42.558,,,222.0,242.0,246.0,220.0,0,,1
FP3,HAD,Red Bull Racing,4.0,1.0,SOFT,4.0,114.581,35.968,23.627,54.986,,,222.0,227.0,278.0,236.0,0,,1
FP3,HAD,Red Bull Racing,5.0,1.0,SOFT,5.0,80.691,28.291,17.75,34.65,,,266.0,276.0,302.0,304.0,1,,1
FP3,HAD,Red Bull Racing,6.0,1.0,SOFT,6.0,114.491,45.766,29.531,39.194,,,176.0,217.0,312.0,236.0,0,,1
FP3,HAD,Red Bull Racing,7.0,1.0,SOFT,7.0,81.263,28.472,17.801,34.99,,,260.0,303.0,295.0,319.0,0,,1
FP3,HAD,Red Bull Racing,8.0,1.0,SOFT,8.0,82.449,29.132,18.185,35.132,,,248.0,294.0,311.0,295.0,0,,1
FP3,HAD,Red Bull Racing,9.0,1.0,SOFT,9.0,82.025,28.776,18.181,35.068,,,252.0,300.0,315.0,315.0,0,,1
FP3,HAD,Red Bull Racing,10.0,1.0,SOFT,10.0,82.175,28.778,18.305,35.092,,,243.0,282.0,310.0,322.0,0,,1
FP3,HAD,Red Bull Racing,11.0,1.0,SOFT,11.0,,28.659,18.87,,,3884.161,261.0,288.0,,318.0,0,,0
FP3,HAD,Red Bull Racing,12.0,2.0,SOFT,1.0,117.347,53.317,21.455,42.575,5014.339,,178.0,295.0,282.0,152.0,0,,0
FP3,HAD,Red Bull Racing,13.0,2.0,SOFT,2.0,80.137,28.097,17.725,34.315,,,250.0,277.0,307.0,303.0,1,,1
FP3,HAD,Red Bull Racing,14.0,2.0,SOFT,3.0,,47.626,29.229,91.519,,,139.0,207.0,4.0,242.0,0,,0
FP3,HAD,Red Bull Racing,15.0,2.0,SOFT,4.0,,31.781,18.331,,,5454.421,264.0,278.0,,246.0,0,,0
FP3,GAS,Alpine,1.0,1.0,HARD,1.0,103.838,41.143,20.609,42.086,1620.236,,246.0,275.0,273.0,176.0,0,,0
FP3,GAS,Alpine,2.0,1.0,HARD,2.0,83.473,29.52,17.934,36.019,,,265.0,275.0,290.0,289.0,1,,1
FP3,GAS,Alpine,3.0,1.0,HARD,3.0,106.504,39.122,23.223,44.159,,,232.0,274.0,278.0,238.0,0,,1
FP3,GAS,Alpine,4.0,1.0,HARD,4.0,82.663,29.049,17.909,35.705,,,272.0,270.0,298.0,295.0,1,,1
FP3,GAS,Alpine,5.0,1.0,HARD,5.0,141.191,54.088,30.931,56.172,,,135.0,265.0,208.0,178.0,0,,1
FP3,GAS,Alpine,6.0,1.0,HARD,6.0,115.499,37.326,26.248,51.925,,,248.0,243.0,232.0,189.0,0,,0
FP3,GAS,Alpine,7.0,1.0,HARD,7.0,117.575,36.816,25.484,55.275,,,197.0,271.0,209.0,244.0,0,,0
FP3,GAS,Alpine,8.0,1.0,HARD,8.0,,,,,,2487.205,,,,245.0,0,,0
FP3,GAS,Alpine,9.0,2.0,HARD,9.0,134.603,73.026,20.214,41.363,2952.303,,162.0,297.0,276.0,192.0,0,,0
FP3,GAS,Alpine,10.0,2.0,HARD,10.0,86.532,30.537,18.385,37.61,,,264.0,277.0,286.0,262.0,0,,1
FP3,GAS,Alpine,11.0,2.0,HARD,11.0,100.613,34.708,20.255,45.65,,,234.0,284.0,271.0,266.0,0,,1
FP3,GAS,Alpine,12.0,2.0,HARD,12.0,83.046,29.259,17.919,35.868,,,271.0,273.0,285.0,291.0,0,,1
FP3,GAS,Alpine,13.0,2.0,HARD,13.0,86.225,30.421,18.617,37.187,,,244.0,273.0,279.0,281.0,0,,1
FP3,GAS,Alpine,14.0,2.0,HARD,14.0,84.539,29.717,18.119,36.703,,,270.0,272.0,282.0,265.0,0,,1
FP3,GAS,Alpine,15.0,2.0,HARD,15.0,87.327,32.288,18.541,36.498,,,254.0,276.0,294.0,258.0,0,,1
FP3,GAS,Alpine,16.0,2.0,HARD,16.0,84.437,29.266,17.954,37.217,,,255.0,286.0,301.0,282.0,0,,1
FP3,GAS,Alpine,17.0,2.0,HARD,17.0,83.782,29.282,17.924,36.576,,,256.0,290.0,295.0,293.0,0,,1
FP3,GAS,Alpine,18.0,2.0,HARD,18.0,83.528,29.542,17.79,36.196,,,252.0,301.0,293.0,290.0,0,,1
FP3,GAS,Alpine,19.0,2.0,HARD,19.0,103.895,29.502,18.044,56.349,,3948.228,256.0,292.0,,285.0,0,,0
FP3,GAS,Alpine,20.0,3.0,HARD,20.0,,35.388,19.756,,3969.603,4060.799,252.0,283.0,,232.0,0,,0
FP3,GAS,Alpine,21.0,4.0,SOFT,1.0,,,,,4367.262,4520.042,,,,154.0,0,,0
FP3,GAS,Alpine,22.0,5.0,SOFT,2.0,129.561,65.361,20.214,43.986,4947.662,,243.0,281.0,280.0,120.0,0,,0
FP3,GAS,Alpine,23.0,5.0,SOFT,3.0,81.071,28.456,17.75,34.865,,,274.0,300.0,315.0,298.0,1,,1
FP3,GAS,Alpine,24.0,5.0,SOFT,4.0,113.044,43.657,23.14,46.247,,,226.0,220.0,284.0,197.0,0,,1
FP3,GAS,Alpine,25.0,5.0,SOFT,5.0,147.958,31.095,23.518,93.345,,,199.0,218.0,153.0,299.0,0,,1
FP3,GAS,Alpine,26.0,5.0,SOFT,6.0,,32.633,18.03,,,5497.437,253.0,300.0,,252.0,0,,0
FP3,PER,Cadillac,1.0,1.0,MEDIUM,1.0,107.154,42.371,21.693,43.09,1583.776,,228.0,247.0,283.0,176.0,0,,0
FP3,PER,Cadillac,2.0,1.0,MEDIUM,2.0,85.722,30.497,18.193,37.032,,,251.0,292.0,293.0,272.0,1,,1
FP3,PER,Cadillac,3.0,1.0,MEDIUM,3.0,130.03,45.499,35.984,48.547,,,175.0,152.0,285.0,185.0,0,,1
FP3,PER,Cadillac,4.0,1.0,MEDIUM,4.0,84.397,29.862,18.168,36.367,,,264.0,285.0,298.0,292.0,1,,1
FP3,PER,Cadillac,5.0,1.0,MEDIUM,5.0,,46.284,25.055,,,2109.238,216.0,198.0,,228.0,0,,0
FP3,PER,Cadillac,6.0,2.0,MEDIUM,6.0,,87.896,19.755,42.76,2904.144,,227.0,282.0,301.0,45.0,0,,0
FP3,PER,Cadillac,7.0,2.0,MEDIUM,7.0,87.702,31.312,18.418,37.972,,,252.0,293.0,293.0,267.0,0,,1
FP3,PER,Cadillac,8.0,2.0,MEDIUM,8.0,86.575,30.404,18.292,37.879,,,269.0,292.0,275.0,268.0,0,,1
FP3,PER,Cadillac,9.0,2.0,MEDIUM,9.0,86.259,30.476,18.22,37.563,,,264.0,291.0,284.0,277.0,0,,1
FP3,PER,Cadillac,10.0,2.0,MEDIUM,10.0,86.335,30.374,18.393,37.568,,,266.0,284.0,282.0,285.0,0,,1
FP3,PER,Cadillac,11.0,2.0,MEDIUM,11.0,86.565,30.515,18.15,37.9,,,261.0,297.0,286.0,285.0,0,,1
FP3,PER,Cadillac,12.0,2.0,MEDIUM,12.0,86.378,30.519,18.38,37.479,,,263.0,291.0,287.0,270.0,0,,1
FP3,PER,Cadillac,13.0,2.0,MEDIUM,13.0,86.129,30.399,18.29,37.44,,,258.0,289.0,292.0,276.0,0,,1
FP3,PER,Cadillac,14.0,2.0,MEDIUM,14.0,85.54,30.056,18.217,37.267,,,260.0,291.0,293.0,291.0,0,,1
FP3,PER,Cadillac,15.0,2.0,MEDIUM,15.0,86.181,30.365,18.304,37.512,,,262.0,291.0,296.0,290.0,0,,1
FP3,PER,Cadillac,16.0,2.0,MEDIUM,16.0,86.24,30.409,18.325,37.506,,,264.0,304.0,271.0,285.0,0,,1
FP3,PER,Cadillac,17.0,2.0,MEDIUM,17.0,,39.467,23.518,,,4020.389,147.0,236.0,,206.0,0,,0
FP3,PER,Cadillac,18.0,3.0,SOFT,1.0,135.041,62.3,21.27,51.471,5031.7,,230.0,256.0,284.0,77.0,0,,0
FP3,PER,Cadillac,19.0,3.0,SOFT,2.0,102.572,37.66,20.351,44.561,,,225.0,252.0,284.0,301.0,0,,1
FP3,PER,Cadillac,20.0,3.0,SOFT,3.0,,32.192,24.388,97.134,,,155.0,229.0,167.0,250.0,0,,0
FP3,PER,Cadillac,21.0,3.0,SOFT,4.0,,35.386,20.368,,,5510.171,244.0,279.0,,228.0,0,,0
FP3,ANT,Mercedes,1.0,1.0,SOFT,1.0,133.092,68.62,19.972,44.5,2011.171,,247.0,279.0,273.0,156.0,0,,0
FP3,ANT,Mercedes,2.0,1.0,SOFT,2.0,107.429,28.34,17.523,61.566,,,262.0,236.0,206.0,283.0,1,,0
FP3,ANT,Mercedes,3.0,1.0,SOFT,3.0,115.667,39.549,23.798000000000002,52.32,,,193.0,237.0,176.0,227.0,0,,0
FP3,ANT,Mercedes,4.0,1.0,SOFT,4.0,,,,,,2483.205,,,,178.0,0,,0
FP3,ANT,Mercedes,5.0,2.0,SOFT,5.0,126.752,57.818,20.18,48.754,2858.829,,250.0,260.0,265.0,168.0,0,,0
FP3,ANT,Mercedes,6.0,2.0,SOFT,6.0,80.324,28.23,17.582,34.512,,,259.0,283.0,299.0,286.0,1,,1
FP3,ANT,Mercedes,7.0,2.0,SOFT,7.0,120.967,36.259,21.544,63.164,,3158.37,236.0,252.0,,212.0,0,,0
FP3,ANT,Mercedes,8.0,3.0,SOFT,8.0,117.27,61.347,18.581,37.342,3183.26,,259.0,177.0,288.0,217.0,0,,0
FP3,ANT,Mercedes,9.0,3.0,SOFT,9.0,81.911,28.533,17.977,35.401,,,257.0,270.0,291.0,272.0,0,,1
FP3,ANT,Mercedes,10.0,3.0,SOFT,10.0,82.126,28.691,17.942,35.493,,,244.0,303.0,286.0,273.0,0,,1
FP3,ANT,Mercedes,11.0,3.0,SOFT,11.0,81.732,28.657,17.859,35.216,,,250.0,298.0,300.0,271.0,0,,1
FP3,ANT,Mercedes,12.0,3.0,SOFT,12.0,81.268,28.396,17.76,35.112,,,256.0,302.0,298.0,286.0,0,,1
FP3,ANT,Mercedes,13.0,3.0,SOFT,13.0,81.13,28.302,17.74,35.088,,,251.0,296.0,292.0,292.0,0,,1
FP3,ANT,Mercedes,14.0,3.0,SOFT,14.0,81.17,28.497,17.719,34.954,,,249.0,296.0,298.0,287.0,0,,1
FP3,ANT,Mercedes,15.0,3.0,SOFT,15.0,80.884,28.377,17.67,34.837,,,249.0,296.0,303.0,290.0,0,,1
FP3,ANT,Mercedes,16.0,3.0,SOFT,16.0,,31.403,19.474,,,3953.447,254.0,268.0,,241.0,0,,0
FP3,ANT,Mercedes,17.0,4.0,SOFT,1.0,98.493,38.476,20.137,39.88,4265.46,,243.0,244.0,274.0,196.0,0,,0
FP3,ANT,Mercedes,18.0,4.0,SOFT,2.0,,,,,,4841.993,,,,291.0,0,,0
FP3,ALO,Aston Martin,1.0,1.0,MEDIUM,1.0,103.389,40.33,21.553,41.506,1632.252,,241.0,258.0,264.0,161.0,0,,0
FP3,ALO,Aston Martin,2.0,1.0,MEDIUM,2.0,86.04,30.566,18.763,36.711,,,246.0,271.0,293.0,294.0,1,,1
FP3,ALO,Aston Martin,3.0,1.0,MEDIUM,3.0,101.774,38.174,21.138,42.462,,,242.0,273.0,275.0,148.0,0,,1
FP3,ALO,Aston Martin,4.0,1.0,MEDIUM,4.0,84.101,29.731,18.233,36.137,,,262.0,274.0,286.0,293.0,1,,1
FP3,ALO,Aston Martin,5.0,1.0,MEDIUM,5.0,,33.766,20.937,,,2106.441,219.0,268.0,,220.0,0,,0
FP3,ALO,Aston Martin,6.0,2.0,MEDIUM,6.0,,,,,2346.333,2471.345,,,,164.0,0,,0
FP3,ALO,Aston Martin,7.0,3.0,SOFT,1.0,122.162,53.721,21.026,47.415,2926.229,,247.0,196.0,271.0,45.0,0,,0
FP3,ALO,Aston Martin,8.0,3.0,SOFT,2.0,83.717,29.507,18.317,35.893,,,252.0,271.0,276.0,291.0,1,,1
FP3,ALO,Aston Martin,9.0,3.0,SOFT,3.0,103.393,35.049,20.831,47.513,,,245.0,178.0,272.0,262.0,0,,1
FP3,ALO,Aston Martin,10.0,3.0,SOFT,4.0,82.972,29.272,18.176,35.524,,,253.0,272.0,274.0,294.0,1,,1
FP3,ALO,Aston Martin,11.0,3.0,SOFT,5.0,,33.927,20.438,,,3412.193,233.0,268.0,,229.0,0,,0
FP3,ALO,Aston Martin,12.0,4.0,SOFT,6.0,107.836,47.016,21.058,39.762,3646.283,,241.0,268.0,270.0,183.0,0,,0
FP3,ALO,Aston Martin,13.0,4.0,SOFT,7.0,83.054,29.285,18.185,35.584,,,247.0,266.0,284.0,291.0,0,,1
FP3,ALO,Aston Martin,14.0,4.0,SOFT,8.0,101.289,37.197,20.895,43.197,,,171.0,278.0,268.0,250.0,0,,1
FP3,ALO,Aston Martin,15.0,4.0,SOFT,9.0,82.837,29.259,18.248,35.33,,,250.0,266.0,289.0,294.0,1,,1
FP3,ALO,Aston Martin,16.0,4.0,SOFT,10.0,,32.769,20.226,,,4112.06,229.0,275.0,,218.0,0,,0
FP3,ALO,Aston Martin,17.0,5.0,SOFT,1.0,117.097,49.66,20.876,46.561,5023.644,,242.0,251.0,275.0,98.0,0,,0
FP3,ALO,Aston Martin,18.0,5.0,SOFT,2.0,82.72,29.185,18.179,35.356,,,240.0,270.0,292.0,298.0,1,,1
FP3,ALO,Aston Martin,19.0,5.0,SOFT,3.0,,41.113,27.524,,,,177.0,199.0,157.0,214.0,0,,0
FP3,ALO,Aston Martin,20.0,5.0,SOFT,4.0,,35.003,21.071,,,5487.405,211.0,259.0,,211.0,0,,0
FP3,LEC,Ferrari,1.0,1.0,SOFT,1.0,114.579,40.945,21.264,52.37,2013.392,,230.0,305.0,226.0,186.0,0,,0
FP3,LEC,Ferrari,2.0,1.0,SOFT,2.0,114.611,36.909,21.54,56.162,,,225.0,262.0,271.0,169.0,1,,0
FP3,LEC,Ferrari,3.0,1.0,SOFT,3.0,112.015,37.149,23.381,51.485,,,226.0,267.0,203.0,235.0,1,,0
FP3,LEC,Ferrari,4.0,1.0,SOFT,4.0,,,,,,2473.439,,,,157.0,0,,0
FP3,LEC,Ferrari,5.0,2.0,SOFT,5.0,,,20.938,38.886,2849.147,,244.0,252.0,278.0,100.0,0,,0
FP3,LEC,Ferrari,6.0,2.0,SOFT,6.0,80.979,28.448,17.929,34.602,,,261.0,287.0,308.0,291.0,1,,1
FP3,LEC,Ferrari,7.0,2.0,SOFT,7.0,113.168,41.739,23.033,48.396,,,161.0,194.0,280.0,247.0,0,,1
FP3,LEC,Ferrari,8.0,2.0,SOFT,8.0,80.271,28.174,17.592,34.505,,,263.0,292.0,304.0,288.0,1,,1
FP3,LEC,Ferrari,9.0,2.0,SOFT,9.0,146.044,42.256,32.919,70.869,,3349.084,160.0,121.0,,252.0,0,,0
FP3,LEC,Ferrari,10.0,3.0,SOFT,10.0,134.903,56.697,20.154,58.052,3378.05,,248.0,278.0,280.0,165.0,0,,0
FP3,LEC,Ferrari,11.0,3.0,SOFT,11.0,99.546,30.965,21.16,47.421,,,222.0,281.0,281.0,294.0,0,,1
FP3,LEC,Ferrari,12.0,3.0,SOFT,12.0,79.827,27.915,17.54,34.372,,,263.0,290.0,304.0,289.0,1,,1
FP3,LEC,Ferrari,13.0,3.0,SOFT,13.0,107.101,36.416,25.565,45.12,,,162.0,157.0,285.0,253.0,0,,1
FP3,LEC,Ferrari,14.0,3.0,SOFT,14.0,79.869,27.786,17.626,34.457,,,270.0,286.0,304.0,294.0,0,,1
FP3,LEC,Ferrari,15.0,3.0,SOFT,15.0,,31.087,20.058,,,3965.166,249.0,276.0,,255.0,0,,0
FP3,LEC,Ferrari,16.0,4.0,SOFT,1.0,,,22.207,40.082,4931.302,,225.0,269.0,282.0,93.0,0,,0
FP3,LEC,Ferrari,17.0,4.0,SOFT,2.0,79.935,28.111,17.615,34.209,,,262.0,293.0,305.0,294.0,0,,1
FP3,LEC,Ferrari,18.0,4.0,SOFT,3.0,106.341,34.304,23.516,48.521,,,244.0,297.0,283.0,281.0,0,,1
FP3,LEC,Ferrari,19.0,4.0,SOFT,4.0,,33.206,22.319,,,,224.0,214.0,178.0,293.0,0,,0
FP3,LEC,Ferrari,20.0,4.0,SOFT,5.0,,31.614,18.519,,,5489.78,251.0,298.0,,243.0,0,,0
FP3,ALB,Williams,1.0,1.0,MEDIUM,1.0,125.203,61.956,21.378,41.869,2900.862,,235.0,253.0,282.0,110.0,0,,0
FP3,ALB,Williams,2.0,1.0,MEDIUM,2.0,83.46,29.737,18.226,35.497,,,250.0,290.0,293.0,276.0,1,,1
FP3,ALB,Williams,3.0,1.0,MEDIUM,3.0,110.644,40.677,22.397,47.57,,,188.0,279.0,293.0,208.0,0,,1
FP3,ALB,Williams,4.0,1.0,MEDIUM,4.0,82.589,28.999,18.064,35.526,,,250.0,297.0,284.0,288.0,1,,1
FP3,ALB,Williams,5.0,1.0,MEDIUM,5.0,107.841,42.654,23.241,41.946,,,186.0,280.0,281.0,217.0,0,,1
FP3,ALB,Williams,6.0,1.0,MEDIUM,6.0,81.942,28.897,17.896,35.149,,,266.0,285.0,294.0,286.0,1,,1
FP3,ALB,Williams,7.0,1.0,MEDIUM,7.0,,85.15,23.527,45.036,,,208.0,109.0,283.0,272.0,0,,0
FP3,ALB,Williams,8.0,1.0,MEDIUM,8.0,81.949,28.875,17.8,35.274,,,248.0,294.0,288.0,296.0,0,,1
FP3,ALB,Williams,9.0,1.0,MEDIUM,9.0,110.045,42.194,28.068,39.783,,,151.0,188.0,286.0,267.0,0,,1
FP3,ALB,Williams,10.0,1.0,MEDIUM,10.0,101.257,35.726,21.87,43.661,,,176.0,274.0,282.0,283.0,0,,1
FP3,ALB,Williams,11.0,1.0,MEDIUM,11.0,82.309,28.901,18.002,35.406,,,249.0,291.0,289.0,281.0,0,,1
FP3,ALB,Williams,12.0,1.0,MEDIUM,12.0,,33.607,23.042,,,4100.627,210.0,255.0,,275.0,0,,0
FP3,ALB,Williams,13.0,2.0,SOFT,1.0,,,20.718,41.785,4933.584,,252.0,257.0,290.0,46.0,0,,0
FP3,ALB,Williams,14.0,2.0,SOFT,2.0,102.551,33.776,21.619,47.156,,,248.0,224.0,285.0,287.0,0,,1
FP3,ALB,Williams,15.0,2.0,SOFT,3.0,81.664,28.869,17.8,34.995,,,263.0,297.0,290.0,285.0,1,,1
FP3,ALB,Williams,16.0,2.0,SOFT,4.0,,42.42,26.958,89.376,,,174.0,221.0,134.0,218.0,0,,0
FP3,ALB,Williams,17.0,2.0,SOFT,5.0,,36.263,21.918,,,5492.796,186.0,289.0,,250.0,0,,0
FP3,HUL,Audi,1.0,1.0,SOFT,1.0,115.013,55.264,20.326,39.423,1718.2,,241.0,257.0,279.0,144.0,0,,0
FP3,HUL,Audi,2.0,1.0,SOFT,2.0,100.144,31.315,19.501,49.328,,,259.0,270.0,273.0,273.0,1,,1
FP3,HUL,Audi,3.0,1.0,SOFT,3.0,82.129,29.258,17.75,35.121,,,257.0,293.0,300.0,290.0,1,,1
FP3,HUL,Audi,4.0,1.0,SOFT,4.0,120.064,41.722,27.356,50.986,,,204.0,264.0,271.0,214.0,0,,1
FP3,HUL,Audi,5.0,1.0,SOFT,5.0,94.645,28.955,17.708,47.982,,,256.0,287.0,175.0,288.0,0,,0
FP3,HUL,Audi,6.0,1.0,SOFT,6.0,115.975,42.254,25.513,48.208,,,207.0,258.0,189.0,161.0,0,,0
FP3,HUL,Audi,7.0,1.0,SOFT,7.0,,37.204,,,,2439.528,218.0,,,177.0,0,,0
FP3,HUL,Audi,8.0,2.0,SOFT,8.0,117.94,61.028,19.539,37.373,2989.638,,259.0,262.0,284.0,155.0,0,,0
FP3,HUL,Audi,9.0,2.0,SOFT,9.0,96.537,29.707,19.381,47.449,,,260.0,258.0,281.0,286.0,0,,1
FP3,HUL,Audi,10.0,2.0,SOFT,10.0,81.067,28.434,17.717,34.916,,,258.0,291.0,309.0,314.0,1,,1
FP3,HUL,Audi,11.0,2.0,SOFT,11.0,123.3,41.905,20.283,61.112,,3365.096,224.0,261.0,,223.0,0,,0
FP3,HUL,Audi,12.0,3.0,SOFT,12.0,112.306,38.848,19.739,53.719,3389.111,,255.0,228.0,276.0,216.0,0,,0
FP3,HUL,Audi,13.0,3.0,SOFT,13.0,81.716,28.938,17.592,35.186,,,249.0,295.0,304.0,292.0,0,,1
FP3,HUL,Audi,14.0,3.0,SOFT,14.0,,33.023,24.16,,,3684.082,190.0,240.0,,235.0,0,,0
FP3,HUL,Audi,15.0,4.0,SOFT,1.0,95.606,37.86,19.613,38.133,4038.627,,258.0,253.0,284.0,193.0,0,,0
FP3,HUL,Audi,16.0,4.0,SOFT,2.0,89.567,30.068,19.949,39.55,,,261.0,229.0,276.0,273.0,0,,1
FP3,HUL,Audi,17.0,4.0,SOFT,3.0,82.51,28.381,17.766,36.363,,,258.0,285.0,252.0,307.0,0,,1
FP3,HUL,Audi,18.0,4.0,SOFT,4.0,,43.356,27.898,,,4428.659,165.0,203.0,,194.0,0,,0
FP3,HUL,Audi,19.0,5.0,SOFT,5.0,126.538,58.681,19.768,48.089,4979.684,,255.0,235.0,271.0,176.0,0,,0
FP3,HUL,Audi,20.0,5.0,SOFT,6.0,81.644,28.939,17.937,34.768,,,258.0,283.0,304.0,292.0,0,,1
FP3,HUL,Audi,21.0,5.0,SOFT,7.0,,35.197,26.044,96.238,,,180.0,221.0,3.0,244.0,0,,0
FP3,HUL,Audi,22.0,5.0,SOFT,8.0,,39.194,19.132,,,5421.78,228.0,294.0,,152.0,0,,0
FP3,LAW,Racing Bulls,1.0,1.0,HARD,1.0,135.09,71.225,21.079,42.786,2889.237,,234.0,258.0,278.0,124.0,0,,0
FP3,LAW,Racing Bulls,2.0,1.0,HARD,2.0,82.199,29.159,17.68,35.36,,,262.0,302.0,298.0,299.0,1,,1
FP3,LAW,Racing Bulls,3.0,1.0,HARD,3.0,112.355,41.477,27.07,43.808,,,179.0,210.0,278.0,245.0,0,,1
FP3,LAW,Racing Bulls,4.0,1.0,HARD,4.0,81.466,28.765,17.642,35.059,,,258.0,304.0,310.0,299.0,1,,1
FP3,LAW,Racing Bulls,5.0,1.0,HARD,5.0,109.68,36.628,26.554,46.498,,,144.0,230.0,279.0,292.0,0,,1
FP3,LAW,Racing Bulls,6.0,1.0,HARD,6.0,81.217,28.657,17.554,35.006,,,261.0,307.0,308.0,300.0,1,,1
FP3,LAW,Racing Bulls,7.0,1.0,HARD,7.0,131.895,67.292,22.203,42.4,,,210.0,241.0,284.0,286.0,0,,1
FP3,LAW,Racing Bulls,8.0,1.0,HARD,8.0,80.89,28.57,17.607,34.713,,,262.0,301.0,306.0,299.0,1,,1
FP3,LAW,Racing Bulls,9.0,1.0,HARD,9.0,112.734,34.73,23.201,54.803,,3776.551,228.0,248.0,,295.0,0,,0
FP3,LAW,Racing Bulls,10.0,2.0,HARD,10.0,,70.256,20.518,,3794.554,3923.181,227.0,296.0,,231.0,0,,0
FP3,LAW,Racing Bulls,11.0,3.0,SOFT,1.0,,42.806,20.731,,4309.987,4418.441,238.0,276.0,,169.0,0,,0
FP3,LAW,Racing Bulls,12.0,4.0,SOFT,2.0,127.94,55.037,22.895,50.008,5035.779,,231.0,264.0,283.0,66.0,0,,0
FP3,LAW,Racing Bulls,13.0,4.0,SOFT,3.0,,28.431,19.905,,,5251.882,260.0,234.0,,304.0,0,,0
FP3,OCO,Haas F1 Team,1.0,1.0,MEDIUM,1.0,105.958,41.746,21.705,42.507,1872.577,,235.0,251.0,259.0,164.0,0,,0
FP3,OCO,Haas F1 Team,2.0,1.0,MEDIUM,2.0,91.194,29.966,18.224,43.004,,,269.0,285.0,194.0,283.0,1,,1
FP3,OCO,Haas F1 Team,3.0,1.0,MEDIUM,3.0,115.379,39.773,25.44,50.166,,,201.0,227.0,190.0,168.0,0,,1
FP3,OCO,Haas F1 Team,4.0,1.0,MEDIUM,4.0,123.59,41.504,26.027,56.059,,,201.0,232.0,199.0,108.0,0,,0
FP3,OCO,Haas F1 Team,5.0,1.0,MEDIUM,5.0,,40.864,27.848,,,2428.227,150.0,262.0,,209.0,0,,0
FP3,OCO,Haas F1 Team,6.0,2.0,MEDIUM,6.0,123.412,60.085,20.203,43.124,2913.935,,240.0,285.0,256.0,43.0,0,,0
FP3,OCO,Haas F1 Team,7.0,2.0,MEDIUM,7.0,84.182,29.704,18.159,36.319,,,269.0,288.0,301.0,281.0,1,,1
FP3,OCO,Haas F1 Team,8.0,2.0,MEDIUM,8.0,101.732,37.211,20.483,44.038,,,215.0,275.0,256.0,294.0,0,,1
FP3,OCO,Haas F1 Team,9.0,2.0,MEDIUM,9.0,82.485,29.355,17.842,35.288,,,268.0,289.0,296.0,284.0,1,,1
FP3,OCO,Haas F1 Team,10.0,2.0,MEDIUM,10.0,107.349,43.095,23.881,40.373,,,194.0,229.0,258.0,234.0,0,,1
FP3,OCO,Haas F1 Team,11.0,2.0,MEDIUM,11.0,82.421,29.139,18.006,35.276,,,271.0,286.0,300.0,284.0,1,,1
FP3,OCO,Haas F1 Team,12.0,2.0,MEDIUM,12.0,,42.45,23.401,,,3598.125,215.0,236.0,,227.0,0,,0
FP3,OCO,Haas F1 Team,13.0,3.0,SOFT,1.0,103.824,42.023,20.927,40.874,4281.465,,233.0,252.0,221.0,115.0,0,,0
FP3,OCO,Haas F1 Team,14.0,3.0,SOFT,2.0,,,,,,4548.714,,,,159.0,0,,0
FP3,OCO,Haas F1 Team,15.0,4.0,SOFT,3.0,123.466,64.024,21.22,38.222,4938.865,,232.0,253.0,293.0,96.0,0,,0
FP3,OCO,Haas F1 Team,16.0,4.0,SOFT,4.0,94.204,30.592,20.043,43.569,,,248.0,279.0,269.0,283.0,0,,1
FP3,OCO,Haas F1 Team,17.0,4.0,SOFT,5.0,80.983,28.643,17.645,34.695,,,260.0,298.0,309.0,279.0,1,,1
FP3,OCO,Haas F1 Team,18.0,4.0,SOFT,6.0,,38.564,23.81,,,,204.0,227.0,203.0,173.0,0,,0
FP3,OCO,Haas F1 Team,19.0,4.0,SOFT,7.0,,31.127,25.313,,,5526.664,193.0,185.0,,269.0,0,,0
FP3,LIN,Racing Bulls,1.0,1.0,HARD,1.0,132.155,66.335,21.277,44.543,2876.175,,231.0,228.0,276.0,135.0,0,,0
FP3,LIN,Racing Bulls,2.0,1.0,HARD,2.0,82.793,29.466,17.743,35.584,,,254.0,299.0,301.0,293.0,1,,1
FP3,LIN,Racing Bulls,3.0,1.0,HARD,3.0,103.962,35.865,22.735,45.362,,,201.0,250.0,277.0,251.0,0,,1
FP3,LIN,Racing Bulls,4.0,1.0,HARD,4.0,81.458,28.788,17.579,35.091,,,258.0,298.0,311.0,298.0,1,,1
FP3,LIN,Racing Bulls,5.0,1.0,HARD,5.0,112.962,36.204,25.319,51.439,,,177.0,175.0,272.0,273.0,0,,1
FP3,LIN,Racing Bulls,6.0,1.0,HARD,6.0,113.037,31.141,27.44,54.456,,,174.0,178.0,272.0,293.0,0,,1
FP3,LIN,Racing Bulls,7.0,1.0,HARD,7.0,81.109,28.598,17.609,34.902,,,262.0,293.0,311.0,294.0,1,,1
FP3,LIN,Racing Bulls,8.0,1.0,HARD,8.0,107.195,33.824,23.292,50.079,,3657.472,225.0,222.0,,277.0,0,,0
FP3,LIN,Racing Bulls,9.0,2.0,HARD,9.0,,68.249,18.278,,3672.568,3790.93,254.0,289.0,,224.0,0,,0
FP3,LIN,Racing Bulls,10.0,3.0,SOFT,1.0,102.468,41.421,20.808,40.239,4273.009,,236.0,247.0,278.0,149.0,0,,0
FP3,LIN,Racing Bulls,11.0,3.0,SOFT,2.0,,,,,,4517.417,,,,254.0,0,,0
FP3,LIN,Racing Bulls,12.0,4.0,SOFT,3.0,135.403,71.812,21.128,42.463,4987.981,,233.0,253.0,280.0,81.0,0,,0
FP3,LIN,Racing Bulls,13.0,4.0,SOFT,4.0,80.838,28.624,17.589,34.625,,,262.0,303.0,296.0,300.0,1,,1
FP3,LIN,Racing Bulls,14.0,4.0,SOFT,5.0,123.245,38.039,22.44,62.766,,,211.0,194.0,26.0,244.0,0,,1
FP3,LIN,Racing Bulls,15.0,4.0,SOFT,6.0,,53.613,17.88,,,5420.928,255.0,287.0,,243.0,0,,0
FP3,COL,Alpine,1.0,1.0,HARD,1.0,,,20.716,43.004,1564.936,,220.0,279.0,271.0,175.0,0,,0
FP3,COL,Alpine,2.0,1.0,HARD,2.0,84.222,29.853,18.191,36.178,,,263.0,265.0,300.0,283.0,1,,1
FP3,COL,Alpine,3.0,1.0,HARD,3.0,117.822,51.056,23.564,43.202,,,159.0,275.0,271.0,170.0,0,,1
FP3,COL,Alpine,4.0,1.0,HARD,4.0,83.071,29.412,18.033,35.626,,,264.0,270.0,295.0,294.0,1,,1
FP3,COL,Alpine,5.0,1.0,HARD,5.0,149.344,53.062,39.509,56.773,,,145.0,159.0,265.0,198.0,0,,1
FP3,COL,Alpine,6.0,1.0,HARD,6.0,88.034,29.28,17.882,40.872,,,270.0,265.0,119.0,290.0,0,,0
FP3,COL,Alpine,7.0,1.0,HARD,7.0,132.323,58.775,21.303,52.245,,,227.0,263.0,173.0,89.0,0,,0
FP3,COL,Alpine,8.0,1.0,HARD,8.0,,35.16,,,,2436.142,255.0,,,254.0,0,,0
FP3,COL,Alpine,9.0,2.0,HARD,9.0,114.272,54.521,20.865,38.886,2908.381,,233.0,261.0,259.0,158.0,0,,0
FP3,COL,Alpine,10.0,2.0,HARD,10.0,129.413,30.986,20.328,78.099,,3100.56,250.0,258.0,,260.0,0,,0
FP3,COL,Alpine,11.0,3.0,HARD,11.0,111.855,45.199,20.557,46.099,3143.526,,250.0,263.0,253.0,142.0,0,,0
FP3,COL,Alpine,12.0,3.0,HARD,12.0,83.438,29.812,17.932,35.694,,,256.0,287.0,289.0,286.0,0,,1
FP3,COL,Alpine,13.0,3.0,HARD,13.0,121.906,45.256,28.269,48.381,,,119.0,202.0,274.0,224.0,0,,1
FP3,COL,Alpine,14.0,3.0,HARD,14.0,82.908,29.157,17.938,35.813,,,258.0,276.0,294.0,297.0,0,,1
FP3,COL,Alpine,15.0,3.0,HARD,15.0,129.012,48.407,35.149,45.456,,,121.0,130.0,273.0,187.0,0,,1
FP3,COL,Alpine,16.0,3.0,HARD,16.0,83.336,29.411,17.958,35.967,,,254.0,278.0,290.0,297.0,0,,1
FP3,COL,Alpine,17.0,3.0,HARD,17.0,,38.108,23.264,,,3855.551,160.0,248.0,,244.0,0,,0
FP3,COL,Alpine,18.0,4.0,SOFT,1.0,,40.867,20.347,,4302.784,4408.081,247.0,279.0,,151.0,0,,0
FP3,COL,Alpine,19.0,5.0,SOFT,2.0,132.233,70.127,20.32,41.786,5009.294,,238.0,275.0,277.0,128.0,0,,0
FP3,COL,Alpine,20.0,5.0,SOFT,3.0,81.413,28.684,17.739,34.99,,,265.0,274.0,306.0,302.0,1,,1
FP3,COL,Alpine,21.0,5.0,SOFT,4.0,,36.634,25.065,,,,212.0,257.0,95.0,195.0,0,,0
FP3,COL,Alpine,22.0,5.0,SOFT,5.0,,31.528,18.074,,,5455.968,268.0,271.0,,245.0,0,,0
FP3,HAM,Ferrari,1.0,1.0,SOFT,1.0,114.228,50.045,20.763,43.42,1590.698,,232.0,236.0,278.0,148.0,0,,0
FP3,HAM,Ferrari,2.0,1.0,SOFT,2.0,81.599,28.754,17.889,34.956,,,260.0,286.0,301.0,283.0,1,,1
FP3,HAM,Ferrari,3.0,1.0,SOFT,3.0,145.916,54.382,40.05,51.484,,,119.0,253.0,275.0,200.0,0,,1
FP3,HAM,Ferrari,4.0,1.0,SOFT,4.0,80.572,28.449,17.598,34.525,,,263.0,285.0,307.0,288.0,1,,1
FP3,HAM,Ferrari,5.0,1.0,SOFT,5.0,135.807,49.538,34.007,52.262,,,121.0,172.0,266.0,191.0,0,,1
FP3,HAM,Ferrari,6.0,1.0,SOFT,6.0,110.286,33.324,31.039,45.923,,,232.0,270.0,163.0,256.0,0,,0
FP3,HAM,Ferrari,7.0,1.0,SOFT,7.0,121.93,41.36,28.079,52.491,,,224.0,213.0,179.0,178.0,0,,0
FP3,HAM,Ferrari,8.0,1.0,SOFT,8.0,,,,,,2488.736,,,,265.0,0,,0
FP3,HAM,Ferrari,9.0,2.0,SOFT,9.0,131.462,67.657,20.291,43.514,2932.247,,245.0,221.0,281.0,79.0,0,,0
FP3,HAM,Ferrari,10.0,2.0,SOFT,10.0,102.337,31.681,23.138,47.518,,,216.0,261.0,272.0,292.0,0,,1
FP3,HAM,Ferrari,11.0,2.0,SOFT,11.0,97.78,28.826,21.76,47.194,,,235.0,241.0,278.0,288.0,0,,1
FP3,HAM,Ferrari,12.0,2.0,SOFT,12.0,80.176,28.312,17.56,34.304,,,259.0,292.0,304.0,288.0,1,,1
FP3,HAM,Ferrari,13.0,2.0,SOFT,13.0,,48.919,44.105,58.9,,,116.0,182.0,271.0,206.0,0,,0
FP3,HAM,Ferrari,14.0,2.0,SOFT,14.0,89.145,29.683,20.843,38.619,,,214.0,259.0,279.0,285.0,0,,1
FP3,HAM,Ferrari,15.0,2.0,SOFT,15.0,80.728,28.25,17.721,34.757,,,261.0,277.0,304.0,287.0,0,,1
FP3,HAM,Ferrari,16.0,2.0,SOFT,16.0,113.402,44.788,26.732,41.882,,,163.0,248.0,281.0,183.0,0,,1
FP3,HAM,Ferrari,17.0,2.0,SOFT,17.0,80.243,27.957,17.676,34.61,,,270.0,275.0,297.0,285.0,0,,1
FP3,HAM,Ferrari,18.0,2.0,SOFT,18.0,,37.948,21.254,,,3949.76,241.0,283.0,,201.0,0,,0
FP3,HAM,Ferrari,19.0,3.0,SOFT,1.0,131.811,66.201,20.31,45.3,4982.091,,237.0,266.0,279.0,102.0,0,,0
FP3,HAM,Ferrari,20.0,3.0,SOFT,2.0,79.669,28.01,17.431,34.228,,,264.0,296.0,299.0,285.0,1,,1
FP3,HAM,Ferrari,21.0,3.0,SOFT,3.0,,40.615,28.323,89.119,,,173.0,211.0,85.0,223.0,0,,0
FP3,HAM,Ferrari,22.0,3.0,SOFT,4.0,,34.498,19.351,,,5429.155,191.0,299.0,,245.0,0,,0
FP3,SAI,Williams,1.0,1.0,SOFT,1.0,,40.294,20.502,,1952.1,2739.814,257.0,264.0,,160.0,0,,0
FP3,RUS,Mercedes,1.0,1.0,SOFT,1.0,131.62,67.8,21.345,42.475,2056.686,,261.0,124.0,256.0,208.0,0,,0
FP3,RUS,Mercedes,2.0,1.0,SOFT,2.0,136.908,49.531,27.421,59.956,,,69.0,227.0,180.0,72.0,1,,0
FP3,RUS,Mercedes,3.0,1.0,SOFT,3.0,,35.055,,,,2433.676,264.0,,,262.0,0,,0
FP3,RUS,Mercedes,4.0,2.0,SOFT,4.0,,98.465,19.322,44.961,2831.87,,252.0,278.0,272.0,126.0,0,,0
FP3,RUS,Mercedes,5.0,2.0,SOFT,5.0,103.571,31.787,20.073,51.711,,,263.0,248.0,264.0,270.0,1,,1
FP3,RUS,Mercedes,6.0,2.0,SOFT,6.0,81.429,28.579,17.831,35.019,,,260.0,276.0,293.0,291.0,1,,1
FP3,RUS,Mercedes,7.0,2.0,SOFT,7.0,112.741,33.292,21.494,57.955,,3216.245,226.0,272.0,,235.0,0,,0
FP3,RUS,Mercedes,8.0,3.0,SOFT,8.0,113.863,58.312,18.214,37.337,3238.12,,268.0,283.0,296.0,226.0,0,,0
FP3,RUS,Mercedes,9.0,3.0,SOFT,9.0,82.245,28.922,18.003,35.32,,,245.0,274.0,291.0,283.0,0,,1
FP3,RUS,Mercedes,10.0,3.0,SOFT,10.0,82.221,28.79,17.935,35.496,,,243.0,276.0,293.0,272.0,0,,1
FP3,RUS,Mercedes,11.0,3.0,SOFT,11.0,83.286,29.713,17.929,35.644,,,272.0,284.0,292.0,281.0,0,,1
FP3,RUS,Mercedes,12.0,3.0,SOFT,12.0,83.341,29.736,17.863,35.742,,,264.0,303.0,297.0,238.0,0,,1
FP3,RUS,Mercedes,13.0,3.0,SOFT,13.0,81.73,28.651,17.816,35.263,,,251.0,291.0,295.0,288.0,0,,1
FP3,RUS,Mercedes,14.0,3.0,SOFT,14.0,81.677,28.655,17.745,35.277,,,249.0,291.0,295.0,291.0,0,,1
FP3,RUS,Mercedes,15.0,3.0,SOFT,15.0,81.572,28.692,17.738,35.142,,,246.0,295.0,299.0,290.0,0,,1
FP3,RUS,Mercedes,16.0,3.0,SOFT,16.0,,28.753,17.808,,,4007.967,250.0,297.0,,291.0,0,,0
FP3,RUS,Mercedes,17.0,4.0,SOFT,1.0,98.007,38.19,19.928,39.889,4252.195,,254.0,280.0,274.0,189.0,0,,0
FP3,RUS,Mercedes,18.0,4.0,SOFT,2.0,,27.726,17.398,,,4440.003,263.0,287.0,,293.0,0,,0
FP3,RUS,Mercedes,19.0,5.0,SOFT,3.0,,,19.971,42.939,4928.287,,252.0,281.0,274.0,164.0,0,,0
FP3,RUS,Mercedes,20.0,5.0,SOFT,4.0,79.053,27.77,17.276,34.007,,,266.0,292.0,307.0,294.0,1,,1
FP3,RUS,Mercedes,21.0,5.0,SOFT,5.0,106.234,38.899,25.592,41.743,,,131.0,284.0,246.0,230.0,0,,1
FP3,RUS,Mercedes,22.0,5.0,SOFT,6.0,,39.985,24.75,,,,183.0,275.0,133.0,211.0,0,,0
FP3,RUS,Mercedes,23.0,5.0,SOFT,7.0,,30.337,18.4,,,5473.499,249.0,259.0,,272.0,0,,0
FP3,BOT,Cadillac,1.0,1.0,SOFT,1.0,134.017,67.685,21.286,45.046,2881.253,,233.0,273.0,272.0,170.0,0,,0
FP3,BOT,Cadillac,2.0,1.0,SOFT,2.0,85.146,30.445,18.246,36.455,,,235.0,293.0,294.0,278.0,1,,1
FP3,BOT,Cadillac,3.0,1.0,SOFT,3.0,120.31,45.595,26.73,47.985,,,176.0,233.0,272.0,216.0,0,,1
FP3,BOT,Cadillac,4.0,1.0,SOFT,4.0,84.583,30.055,18.241,36.287,,,243.0,290.0,295.0,286.0,1,,1
FP3,BOT,Cadillac,5.0,1.0,SOFT,5.0,129.748,36.521,21.955,71.272,,3388.455,206.0,180.0,,228.0,0,,0
FP3,BOT,Cadillac,6.0,2.0,SOFT,6.0,125.549,47.463,23.362,54.724,3413.396,,98.0,257.0,275.0,134.0,0,,0
FP3,BOT,Cadillac,7.0,2.0,SOFT,7.0,84.275,29.917,18.109,36.249,,,235.0,296.0,297.0,288.0,1,,1
FP3,BOT,Cadillac,8.0,2.0,SOFT,8.0,,34.259,20.539,,,3721.2,238.0,247.0,,235.0,0,,0
FP3,BOT,Cadillac,9.0,3.0,SOFT,1.0,135.321,69.151,20.602,45.568,4994.043,,242.0,255.0,282.0,136.0,0,,0
FP3,BOT,Cadillac,10.0,3.0,SOFT,2.0,83.514,29.481,18.237,35.796,,,279.0,285.0,300.0,302.0,1,,1
FP3,BOT,Cadillac,11.0,3.0,SOFT,3.0,,38.284,24.553,,,,195.0,204.0,12.0,245.0,0,,0
FP3,BOT,Cadillac,12.0,3.0,SOFT,4.0,,32.602,18.658,,,5448.999,254.0,287.0,,233.0,0,,0
FP3,PIA,McLaren,1.0,1.0,SOFT,1.0,,99.389,20.219,40.064,2827.154,,251.0,275.0,282.0,131.0,0,,0
FP3,PIA,McLaren,2.0,1.0,SOFT,2.0,81.179,28.499,17.826999999999998,34.853,,,264.0,282.0,290.0,291.0,1,,1
FP3,PIA,McLaren,3.0,1.0,SOFT,3.0,119.164,40.273,28.143,50.748,,,199.0,161.0,197.0,186.0,0,,1
FP3,PIA,McLaren,4.0,1.0,SOFT,4.0,114.252,39.999,23.656,50.597,,,250.0,283.0,282.0,183.0,0,,1
FP3,PIA,McLaren,5.0,1.0,SOFT,5.0,80.317,28.265,17.698,34.354,,,261.0,278.0,287.0,292.0,1,,1
FP3,PIA,McLaren,6.0,1.0,SOFT,6.0,111.565,39.56,22.654,49.351,,,197.0,222.0,170.0,212.0,0,,1
FP3,PIA,McLaren,7.0,1.0,SOFT,7.0,111.945,43.673,26.568,41.704,,,182.0,270.0,283.0,171.0,0,,1
FP3,PIA,McLaren,8.0,1.0,SOFT,8.0,80.164,28.121,17.646,34.397,,,267.0,281.0,296.0,288.0,1,,1
FP3,PIA,McLaren,9.0,1.0,SOFT,9.0,95.378,37.784,20.621,36.973,,,218.0,266.0,304.0,238.0,0,,1
FP3,PIA,McLaren,10.0,1.0,SOFT,10.0,81.428,28.36,18.028,35.04,,,271.0,272.0,294.0,294.0,0,,1
FP3,PIA,McLaren,11.0,1.0,SOFT,11.0,81.693,28.591,18.088,35.014,,,262.0,289.0,291.0,274.0,0,,1
FP3,PIA,McLaren,12.0,1.0,SOFT,12.0,95.029,28.64,18.009,48.38,,3969.463,256.0,288.0,,280.0,0,,0
FP3,PIA,McLaren,13.0,2.0,SOFT,13.0,,60.945,17.958,,3987.166,4099.283,271.0,295.0,,235.0,0,,0
FP3,PIA,McLaren,14.0,3.0,SOFT,1.0,138.33,68.111,20.022,50.197,4953.528,,255.0,275.0,274.0,131.0,0,,0
FP3,PIA,McLaren,15.0,3.0,SOFT,2.0,80.087,28.31,17.565,34.212,,,265.0,280.0,297.0,285.0,1,,1
FP3,PIA,McLaren,16.0,3.0,SOFT,3.0,,37.757,23.231,99.008,,,186.0,283.0,3.0,208.0,0,,0
FP3,PIA,McLaren,17.0,3.0,SOFT,4.0,,32.39,18.756,,,5408.409,237.0,269.0,,253.0,0,,0
FP3,BEA,Haas F1 Team,1.0,1.0,MEDIUM,1.0,107.437,42.365,20.124,44.948,1878.218,,241.0,277.0,217.0,147.0,0,,0
FP3,BEA,Haas F1 Team,2.0,1.0,MEDIUM,2.0,99.241,34.857,20.186,44.198,,,218.0,218.0,258.0,224.0,1,,1
FP3,BEA,Haas F1 Team,3.0,1.0,MEDIUM,3.0,,29.612,17.899,,,2176.004,268.0,289.0,,278.0,0,,0
FP3,BEA,Haas F1 Team,4.0,2.0,MEDIUM,4.0,128.735,61.263,21.193,46.279,2916.227,,232.0,252.0,244.0,47.0,0,,0
FP3,BEA,Haas F1 Team,5.0,2.0,MEDIUM,5.0,112.136,37.244,21.187,53.705,,,236.0,247.0,268.0,245.0,0,,1
FP3,BEA,Haas F1 Team,6.0,2.0,MEDIUM,6.0,81.53,28.963,17.614,34.953,,,275.0,298.0,306.0,286.0,1,,1
FP3,BEA,Haas F1 Team,7.0,2.0,MEDIUM,7.0,127.359,52.513,26.668,48.178,,,177.0,225.0,265.0,200.0,0,,1
FP3,BEA,Haas F1 Team,8.0,2.0,MEDIUM,8.0,106.775,40.908,21.209,44.658,,,210.0,215.0,270.0,288.0,0,,1
FP3,BEA,Haas F1 Team,9.0,2.0,MEDIUM,9.0,81.129,28.823,17.608,34.698,,,256.0,300.0,306.0,292.0,1,,1
FP3,BEA,Haas F1 Team,10.0,2.0,MEDIUM,10.0,146.22,45.91,30.043,70.267,,3671.347,165.0,241.0,,239.0,0,,0
FP3,BEA,Haas F1 Team,11.0,3.0,MEDIUM,11.0,140.368,67.031,21.041,52.296,3702.057,,268.0,240.0,266.0,167.0,0,,0
FP3,BEA,Haas F1 Team,12.0,3.0,MEDIUM,12.0,104.313,30.041,20.752,53.52,,3929.885,181.0,207.0,,284.0,0,,0
FP3,BEA,Haas F1 Team,13.0,4.0,MEDIUM,13.0,,56.32,20.078,,3945.463,4054.158,249.0,275.0,,211.0,0,,0
FP3,BEA,Haas F1 Team,14.0,5.0,SOFT,2.0,,43.48,20.909,,4317.565,4426.394,244.0,252.0,,155.0,0,,0
FP3,BEA,Haas F1 Team,15.0,6.0,SOFT,2.0,124.351,63.562,21.149,39.64,5029.364,,235.0,248.0,270.0,134.0,0,,0
FP3,BEA,Haas F1 Team,16.0,6.0,SOFT,3.0,80.778,28.696,17.567,34.515,,,251.0,303.0,305.0,290.0,1,,1
FP3,BEA,Haas F1 Team,17.0,6.0,SOFT,4.0,,39.239,22.692,,,,170.0,210.0,194.0,283.0,0,,0
FP3,BEA,Haas F1 Team,18.0,6.0,SOFT,5.0,,30.384,18.445,,,5494.202,235.0,285.0,,266.0,0,,0
