Driver,DriverNumber,LapNumber,LapTime_sec,Sector1Time_sec,Sector2Time_sec,Sector3Time_sec,SpeedI1,SpeedI2,SpeedFL,SpeedST,Stint,Compound,TyreLife,FreshTyre,PitOutTime_sec,PitInTime_sec,Position,TrackStatus,IsPersonalBest,IsAccurate,Team
NOR,1,1.0,96.458,,18.163,38.796,229.0,291.0,304.0,217.0,1.0,MEDIUM,1.0,True,,,6.0,1,False,False,McLaren
NOR,1,2.0,87.344,31.074,18.116,38.154,243.0,287.0,303.0,260.0,1.0,MEDIUM,2.0,True,,,6.0,1,True,True,McLaren
NOR,1,3.0,86.863,30.541,18.252,38.07,245.0,311.0,286.0,273.0,1.0,MEDIUM,3.0,True,,,7.0,1,True,True,McLaren
NOR,1,4.0,85.857,30.19,18.193,37.474,249.0,304.0,283.0,276.0,1.0,MEDIUM,4.0,True,,,7.0,1,True,True,McLaren
NOR,1,5.0,85.573,29.93,17.868,37.775,260.0,297.0,280.0,276.0,1.0,MEDIUM,5.0,True,,,7.0,1,True,True,McLaren
NOR,1,6.0,85.036,30.025,17.829,37.182,256.0,313.0,293.0,273.0,1.0,MEDIUM,6.0,True,,,7.0,1,True,True,McLaren
NOR,1,7.0,84.978,30.067,17.764,37.147,253.0,316.0,297.0,285.0,1.0,MEDIUM,7.0,True,,,7.0,1,True,True,McLaren
NOR,1,8.0,85.299,30.191,17.97,37.138,253.0,311.0,298.0,280.0,1.0,MEDIUM,8.0,True,,,7.0,1,False,True,McLaren
NOR,1,9.0,85.639,30.135,17.77,37.734,262.0,315.0,284.0,276.0,1.0,MEDIUM,9.0,True,,,7.0,1,False,True,McLaren
NOR,1,10.0,85.295,30.117,17.924,37.254,261.0,311.0,295.0,277.0,1.0,MEDIUM,10.0,True,,,7.0,1,False,True,McLaren
NOR,1,11.0,103.391,30.117,17.987,55.287,251.0,309.0,,289.0,1.0,MEDIUM,11.0,True,,4695.593,9.0,16,False,False,McLaren
NOR,1,12.0,118.075,44.892,27.737,45.446,238.0,127.0,201.0,230.0,2.0,HARD,1.0,True,4714.141,,9.0,6,False,False,McLaren
NOR,1,13.0,111.932,41.529,27.589,42.814,230.0,146.0,289.0,203.0,2.0,HARD,2.0,True,,,9.0,671,False,False,McLaren
NOR,1,14.0,84.233,29.882,17.87,36.481,251.0,306.0,287.0,279.0,2.0,HARD,3.0,True,,,9.0,1,True,True,McLaren
NOR,1,15.0,83.784,29.402,17.899,36.483,269.0,301.0,288.0,278.0,2.0,HARD,4.0,True,,,9.0,1,True,True,McLaren
NOR,1,16.0,83.912,29.524,17.919,36.469,255.0,301.0,290.0,286.0,2.0,HARD,5.0,True,,,9.0,1,False,True,McLaren
NOR,1,17.0,84.053,29.442,18.015,36.596,262.0,303.0,291.0,287.0,2.0,HARD,6.0,True,,,9.0,1,False,True,McLaren
NOR,1,18.0,95.404,29.758,17.788,47.858,259.0,312.0,223.0,291.0,2.0,HARD,7.0,True,,,5.0,126,False,False,McLaren
NOR,1,19.0,116.07,42.456,22.738,50.876,184.0,238.0,278.0,184.0,2.0,HARD,8.0,True,,,5.0,67,False,False,McLaren
NOR,1,20.0,85.774,30.612,18.63,36.532,259.0,290.0,282.0,219.0,2.0,HARD,9.0,True,,,5.0,71,False,False,McLaren
NOR,1,21.0,83.972,29.499,18.129,36.344,243.0,296.0,285.0,283.0,2.0,HARD,10.0,True,,,5.0,1,False,True,McLaren
NOR,1,22.0,83.687,29.317,17.999,36.371,257.0,297.0,285.0,288.0,2.0,HARD,11.0,True,,,5.0,1,True,True,McLaren
NOR,1,23.0,83.534,29.254,17.992,36.288,264.0,298.0,285.0,285.0,2.0,HARD,12.0,True,,,5.0,1,True,True,McLaren
NOR,1,24.0,83.394,29.302,17.929,36.163,260.0,297.0,284.0,287.0,2.0,HARD,13.0,True,,,5.0,1,True,True,McLaren
NOR,1,25.0,83.5,29.373,17.925,36.202,262.0,299.0,295.0,286.0,2.0,HARD,14.0,True,,,5.0,1,False,True,McLaren
NOR,1,26.0,83.403,29.35,17.894,36.159,259.0,306.0,294.0,293.0,2.0,HARD,15.0,True,,,5.0,1,False,True,McLaren
NOR,1,27.0,83.896,29.426,18.011,36.459,266.0,298.0,289.0,294.0,2.0,HARD,16.0,True,,,5.0,1,False,True,McLaren
NOR,1,28.0,84.04,29.538,17.988,36.514,257.0,301.0,293.0,288.0,2.0,HARD,17.0,True,,,5.0,1,False,True,McLaren
NOR,1,29.0,84.08,29.692,17.992,36.396,254.0,302.0,288.0,288.0,2.0,HARD,18.0,True,,,5.0,1,False,True,McLaren
NOR,1,30.0,83.961,29.515,17.966,36.48,264.0,301.0,289.0,288.0,2.0,HARD,19.0,True,,,5.0,1,False,True,McLaren
NOR,1,31.0,84.094,29.604,17.958,36.532,262.0,300.0,293.0,286.0,2.0,HARD,20.0,True,,,5.0,1,False,True,McLaren
NOR,1,32.0,84.075,29.481,17.98,36.614,259.0,300.0,289.0,291.0,2.0,HARD,21.0,True,,,5.0,1,False,True,McLaren
NOR,1,33.0,84.79,30.039,18.027,36.724,253.0,300.0,287.0,290.0,2.0,HARD,22.0,True,,,5.0,1,False,True,McLaren
NOR,1,34.0,112.732,39.736,22.345,50.651,207.0,290.0,,287.0,2.0,HARD,23.0,True,,6762.584,6.0,167,False,False,McLaren
NOR,1,35.0,89.434,34.977,17.783,36.674,267.0,305.0,298.0,240.0,3.0,MEDIUM,1.0,True,6780.323,,8.0,1,False,False,McLaren
NOR,1,36.0,83.324,29.282,17.819,36.223,252.0,304.0,299.0,295.0,3.0,MEDIUM,2.0,True,,,8.0,1,True,True,McLaren
NOR,1,37.0,83.448,29.399,17.652,36.397,262.0,311.0,302.0,294.0,3.0,MEDIUM,3.0,True,,,8.0,1,False,True,McLaren
NOR,1,38.0,83.423,29.202,17.867,36.354,252.0,305.0,318.0,296.0,3.0,MEDIUM,4.0,True,,,7.0,1,False,True,McLaren
NOR,1,39.0,84.001,29.482,18.144,36.375,258.0,295.0,286.0,292.0,3.0,MEDIUM,5.0,True,,,6.0,1,False,True,McLaren
NOR,1,40.0,83.397,29.188,17.861,36.348,264.0,297.0,288.0,283.0,3.0,MEDIUM,6.0,True,,,6.0,1,False,True,McLaren
NOR,1,41.0,83.762,29.481,18.0,36.281,253.0,298.0,292.0,284.0,3.0,MEDIUM,7.0,True,,,6.0,1,False,True,McLaren
NOR,1,42.0,83.347,29.334,17.955,36.058,256.0,298.0,288.0,286.0,3.0,MEDIUM,8.0,True,,,5.0,1,False,True,McLaren
NOR,1,43.0,83.286,29.377,17.865,36.044,253.0,299.0,290.0,287.0,3.0,MEDIUM,9.0,True,,,5.0,1,True,True,McLaren
NOR,1,44.0,83.192,29.308,17.809,36.075,256.0,299.0,295.0,285.0,3.0,MEDIUM,10.0,True,,,5.0,1,True,True,McLaren
NOR,1,45.0,82.886,29.236,17.8,35.85,253.0,300.0,293.0,296.0,3.0,MEDIUM,11.0,True,,,5.0,1,True,True,McLaren
NOR,1,46.0,82.908,29.05,17.644,36.214,263.0,304.0,297.0,292.0,3.0,MEDIUM,12.0,True,,,5.0,1,False,True,McLaren
NOR,1,47.0,82.778,29.083,17.798,35.897,253.0,295.0,298.0,297.0,3.0,MEDIUM,13.0,True,,,5.0,1,True,True,McLaren
NOR,1,48.0,82.953,29.106,17.743,36.104,256.0,303.0,290.0,297.0,3.0,MEDIUM,14.0,True,,,5.0,1,False,True,McLaren
NOR,1,49.0,82.804,29.043,17.88,35.881,259.0,295.0,291.0,285.0,3.0,MEDIUM,15.0,True,,,5.0,1,False,True,McLaren
NOR,1,50.0,82.763,29.057,17.845,35.861,258.0,295.0,290.0,289.0,3.0,MEDIUM,16.0,True,,,5.0,1,True,True,McLaren
NOR,1,51.0,82.598,29.032,17.854,35.712,257.0,292.0,298.0,285.0,3.0,MEDIUM,17.0,True,,,5.0,1,True,True,McLaren
NOR,1,52.0,82.784,29.077,17.781,35.926,265.0,292.0,297.0,290.0,3.0,MEDIUM,18.0,True,,,5.0,1,False,True,McLaren
NOR,1,53.0,82.358,28.979,17.78,35.599,253.0,295.0,296.0,288.0,3.0,MEDIUM,19.0,True,,,5.0,1,True,True,McLaren
NOR,1,54.0,82.796,29.006,17.779,36.011,258.0,295.0,298.0,288.0,3.0,MEDIUM,20.0,True,,,5.0,1,False,True,McLaren
NOR,1,55.0,82.867,29.076,17.822,35.969,267.0,298.0,297.0,290.0,3.0,MEDIUM,21.0,True,,,5.0,1,False,True,McLaren
NOR,1,56.0,82.843,29.096,17.831,35.916,257.0,300.0,302.0,286.0,3.0,MEDIUM,22.0,True,,,5.0,1,False,True,McLaren
NOR,1,57.0,83.416,29.563,17.762,36.091,254.0,303.0,296.0,291.0,3.0,MEDIUM,23.0,True,,,5.0,1,False,True,McLaren
NOR,1,58.0,83.046,29.171,17.845,36.03,265.0,296.0,290.0,292.0,3.0,MEDIUM,24.0,True,,,5.0,1,False,True,McLaren
GAS,10,1.0,97.98,,18.682,38.91,230.0,305.0,288.0,214.0,1.0,MEDIUM,1.0,True,,,9.0,1,False,False,Alpine
GAS,10,2.0,87.281,31.136,17.996,38.149,259.0,296.0,294.0,264.0,1.0,MEDIUM,2.0,True,,,9.0,1,True,True,Alpine
GAS,10,3.0,86.371,30.613,17.818,37.94,256.0,308.0,298.0,270.0,1.0,MEDIUM,3.0,True,,,9.0,1,True,True,Alpine
GAS,10,4.0,85.894,30.427,17.771,37.696,254.0,314.0,308.0,278.0,1.0,MEDIUM,4.0,True,,,9.0,1,True,True,Alpine
GAS,10,5.0,87.04,30.983,17.647,38.41,266.0,324.0,302.0,253.0,1.0,MEDIUM,5.0,True,,,9.0,1,False,True,Alpine
GAS,10,6.0,85.989,30.696,17.8,37.493,262.0,312.0,296.0,262.0,1.0,MEDIUM,6.0,True,,,9.0,1,False,True,Alpine
GAS,10,7.0,85.079,29.873,17.815,37.391,268.0,303.0,296.0,288.0,1.0,MEDIUM,7.0,True,,,9.0,1,True,True,Alpine
GAS,10,8.0,84.964,29.969,17.697,37.298,264.0,308.0,303.0,293.0,1.0,MEDIUM,8.0,True,,,9.0,1,True,True,Alpine
GAS,10,9.0,85.441,30.052,17.651,37.738,260.0,318.0,297.0,300.0,1.0,MEDIUM,9.0,True,,,9.0,1,False,True,Alpine
GAS,10,10.0,86.669,30.475,17.8,38.394,258.0,312.0,299.0,292.0,1.0,MEDIUM,10.0,True,,,10.0,1,False,True,Alpine
GAS,10,11.0,104.821,30.082,17.797,56.942,267.0,313.0,,298.0,1.0,MEDIUM,11.0,True,,4701.012,12.0,16,False,False,Alpine
GAS,10,12.0,118.072,42.291,29.532,46.249,216.0,119.0,237.0,219.0,2.0,HARD,1.0,True,4719.918,,11.0,6,False,False,Alpine
GAS,10,13.0,111.634,40.653,30.489,40.492,201.0,133.0,269.0,240.0,2.0,HARD,2.0,True,,,11.0,671,False,False,Alpine
GAS,10,14.0,85.748,30.752,17.982,37.014,252.0,306.0,293.0,277.0,2.0,HARD,3.0,True,,,11.0,1,False,True,Alpine
GAS,10,15.0,84.823,29.928,17.954,36.941,251.0,308.0,298.0,288.0,2.0,HARD,4.0,True,,,11.0,1,True,True,Alpine
GAS,10,16.0,84.69,29.817,17.81,37.063,262.0,310.0,300.0,290.0,2.0,HARD,5.0,True,,,11.0,1,True,True,Alpine
GAS,10,17.0,85.203,29.868,17.693,37.642,253.0,318.0,297.0,297.0,2.0,HARD,6.0,True,,,11.0,1,False,True,Alpine
GAS,10,18.0,101.225,30.704,25.668,44.853,255.0,189.0,223.0,269.0,2.0,HARD,7.0,True,,,11.0,126,False,False,Alpine
GAS,10,19.0,112.95,41.395,25.752,45.803,236.0,212.0,300.0,231.0,2.0,HARD,8.0,True,,,10.0,671,False,False,Alpine
GAS,10,20.0,86.578,31.057,17.719,37.802,260.0,310.0,303.0,277.0,2.0,HARD,9.0,True,,,11.0,1,False,True,Alpine
GAS,10,21.0,85.678,30.591,17.995,37.092,267.0,307.0,289.0,259.0,2.0,HARD,10.0,True,,,10.0,1,False,True,Alpine
GAS,10,22.0,84.586,29.74,17.913,36.933,250.0,307.0,297.0,290.0,2.0,HARD,11.0,True,,,10.0,1,True,True,Alpine
GAS,10,23.0,84.499,29.633,17.823,37.043,258.0,307.0,290.0,298.0,2.0,HARD,12.0,True,,,10.0,1,True,True,Alpine
GAS,10,24.0,84.852,30.053,17.852,36.947,260.0,307.0,299.0,288.0,2.0,HARD,13.0,True,,,10.0,1,False,True,Alpine
GAS,10,25.0,84.54,29.816,17.886,36.838,263.0,305.0,298.0,295.0,2.0,HARD,14.0,True,,,10.0,1,False,True,Alpine
GAS,10,26.0,84.771,29.94,17.957,36.874,251.0,306.0,293.0,294.0,2.0,HARD,15.0,True,,,10.0,1,False,True,Alpine
GAS,10,27.0,84.661,29.68,17.895,37.086,270.0,304.0,297.0,288.0,2.0,HARD,16.0,True,,,10.0,1,False,True,Alpine
GAS,10,28.0,84.795,29.776,17.975,37.044,265.0,304.0,295.0,293.0,2.0,HARD,17.0,True,,,10.0,1,False,True,Alpine
GAS,10,29.0,85.096,29.838,18.01,37.248,265.0,303.0,292.0,294.0,2.0,HARD,18.0,True,,,10.0,1,False,True,Alpine
GAS,10,30.0,85.242,30.259,17.917,37.066,254.0,306.0,294.0,284.0,2.0,HARD,19.0,True,,,10.0,1,False,True,Alpine
GAS,10,31.0,85.271,30.213,17.873,37.185,258.0,306.0,288.0,285.0,2.0,HARD,20.0,True,,,10.0,1,False,True,Alpine
GAS,10,32.0,85.202,30.2,17.946,37.056,258.0,303.0,295.0,282.0,2.0,HARD,21.0,True,,,10.0,1,False,True,Alpine
GAS,10,33.0,92.276,30.216,18.086,43.974,259.0,302.0,253.0,290.0,2.0,HARD,22.0,True,,,9.0,16,False,False,Alpine
GAS,10,34.0,91.244,35.755,18.14,37.349,265.0,300.0,293.0,248.0,2.0,HARD,23.0,True,,,9.0,671,False,False,Alpine
GAS,10,35.0,85.029,30.064,17.915,37.05,266.0,302.0,299.0,286.0,2.0,HARD,24.0,True,,,9.0,1,False,True,Alpine
GAS,10,36.0,85.177,29.89,17.876,37.411,264.0,306.0,291.0,296.0,2.0,HARD,25.0,True,,,9.0,1,False,True,Alpine
GAS,10,37.0,86.333,30.147,18.019,38.167,268.0,302.0,302.0,286.0,2.0,HARD,26.0,True,,,10.0,1,False,True,Alpine
GAS,10,38.0,86.094,30.547,17.76,37.787,261.0,315.0,294.0,263.0,2.0,HARD,27.0,True,,,9.0,1,False,True,Alpine
GAS,10,39.0,85.265,30.113,17.989,37.163,262.0,300.0,290.0,286.0,2.0,HARD,28.0,True,,,9.0,1,False,True,Alpine
GAS,10,40.0,86.132,30.738,17.773,37.621,265.0,307.0,298.0,271.0,2.0,HARD,29.0,True,,,10.0,1,False,True,Alpine
GAS,10,41.0,85.319,30.039,17.873,37.407,257.0,308.0,297.0,295.0,2.0,HARD,30.0,True,,,10.0,1,False,True,Alpine
GAS,10,42.0,84.879,29.776,17.899,37.204,270.0,304.0,293.0,306.0,2.0,HARD,31.0,True,,,10.0,1,False,True,Alpine
GAS,10,43.0,84.977,30.015,17.902,37.06,260.0,306.0,288.0,289.0,2.0,HARD,32.0,True,,,10.0,1,False,True,Alpine
GAS,10,44.0,85.028,29.992,17.897,37.139,261.0,304.0,296.0,290.0,2.0,HARD,33.0,True,,,10.0,1,False,True,Alpine
GAS,10,45.0,87.175,30.63,18.626,37.919,260.0,283.0,290.0,292.0,2.0,HARD,34.0,True,,,10.0,1,False,True,Alpine
GAS,10,46.0,85.353,30.097,17.911,37.345,264.0,305.0,289.0,286.0,2.0,HARD,35.0,True,,,10.0,1,False,True,Alpine
GAS,10,47.0,86.497,29.971,18.379,38.147,271.0,230.0,299.0,288.0,2.0,HARD,36.0,True,,,10.0,1,False,True,Alpine
GAS,10,48.0,84.982,29.911,17.794,37.277,264.0,307.0,294.0,294.0,2.0,HARD,37.0,True,,,10.0,1,False,True,Alpine
GAS,10,49.0,85.281,30.1,17.949,37.232,263.0,303.0,291.0,292.0,2.0,HARD,38.0,True,,,10.0,1,False,True,Alpine
GAS,10,50.0,84.927,30.004,17.925,36.998,271.0,302.0,292.0,293.0,2.0,HARD,39.0,True,,,10.0,1,False,True,Alpine
GAS,10,51.0,86.46,30.17,18.244,38.046,259.0,248.0,300.0,294.0,2.0,HARD,40.0,True,,,10.0,1,False,True,Alpine
GAS,10,52.0,86.527,31.448,17.854,37.225,258.0,309.0,297.0,290.0,2.0,HARD,41.0,True,,,10.0,1,False,True,Alpine
GAS,10,53.0,84.79,29.893,17.911,36.986,263.0,303.0,292.0,293.0,2.0,HARD,42.0,True,,,10.0,1,False,True,Alpine
GAS,10,54.0,84.52,29.789,17.954,36.777,269.0,302.0,292.0,295.0,2.0,HARD,43.0,True,,,10.0,1,False,True,Alpine
GAS,10,55.0,84.595,29.659,17.851,37.085,274.0,302.0,296.0,293.0,2.0,HARD,44.0,True,,,10.0,1,False,True,Alpine
GAS,10,56.0,84.486,29.844,17.894,36.748,262.0,302.0,298.0,298.0,2.0,HARD,45.0,True,,,10.0,1,True,True,Alpine
GAS,10,57.0,84.837,29.814,17.848,37.175,273.0,302.0,295.0,295.0,2.0,HARD,46.0,True,,,10.0,1,False,True,Alpine
PER,11,1.0,102.557,,19.226,40.448,229.0,290.0,303.0,200.0,1.0,MEDIUM,1.0,True,,,19.0,1,False,False,Cadillac
PER,11,2.0,88.763,31.753,18.188,38.822,251.0,312.0,305.0,238.0,1.0,MEDIUM,2.0,True,,,19.0,1,True,True,Cadillac
PER,11,3.0,88.094,31.672,18.037,38.385,253.0,311.0,298.0,260.0,1.0,MEDIUM,3.0,True,,,18.0,1,True,True,Cadillac
PER,11,4.0,87.222,30.827,18.195,38.2,255.0,307.0,298.0,280.0,1.0,MEDIUM,4.0,True,,,18.0,1,True,True,Cadillac
PER,11,5.0,88.025,31.295,18.506,38.224,256.0,300.0,292.0,291.0,1.0,MEDIUM,5.0,True,,,18.0,1,False,True,Cadillac
PER,11,6.0,87.595,31.178,18.288,38.129,259.0,302.0,289.0,269.0,1.0,MEDIUM,6.0,True,,,18.0,1,False,True,Cadillac
PER,11,7.0,87.625,31.003,18.3,38.322,258.0,300.0,296.0,273.0,1.0,MEDIUM,7.0,True,,,18.0,1,False,True,Cadillac
PER,11,8.0,87.184,30.946,18.193,38.045,257.0,302.0,296.0,281.0,1.0,MEDIUM,8.0,True,,,18.0,1,True,True,Cadillac
PER,11,9.0,87.05,30.807,18.233,38.01,256.0,300.0,296.0,292.0,1.0,MEDIUM,9.0,True,,,17.0,1,True,True,Cadillac
PER,11,10.0,87.595,30.981,18.397,38.217,257.0,294.0,296.0,284.0,1.0,MEDIUM,10.0,True,,,17.0,1,False,True,Cadillac
PER,11,11.0,97.875,31.102,18.422,48.351,257.0,294.0,219.0,292.0,1.0,MEDIUM,11.0,True,,,14.0,16,False,False,Cadillac
PER,11,12.0,116.537,43.311,24.555,48.671,206.0,181.0,256.0,177.0,1.0,MEDIUM,12.0,True,,,14.0,6,False,False,Cadillac
PER,11,13.0,110.001,41.541,26.385,42.075,222.0,124.0,300.0,157.0,1.0,MEDIUM,13.0,True,,,14.0,671,False,False,Cadillac
PER,11,14.0,87.084,30.356,18.641,38.087,248.0,291.0,292.0,291.0,1.0,MEDIUM,14.0,True,,,14.0,1,False,True,Cadillac
PER,11,15.0,88.137,30.957,18.323,38.857,255.0,298.0,294.0,273.0,1.0,MEDIUM,15.0,True,,,14.0,1,False,True,Cadillac
PER,11,16.0,91.277,31.938,19.006,40.333,245.0,286.0,274.0,252.0,1.0,MEDIUM,16.0,True,,,15.0,1,False,True,Cadillac
PER,11,17.0,88.615,31.493,18.417,38.705,257.0,299.0,297.0,254.0,1.0,MEDIUM,17.0,True,,,15.0,1,False,True,Cadillac
PER,11,18.0,126.084,35.121,24.446,66.517,234.0,163.0,,286.0,1.0,MEDIUM,18.0,True,,5418.038,16.0,126,False,False,Cadillac
PER,11,19.0,103.359,45.6,19.548,38.211,182.0,297.0,286.0,194.0,2.0,HARD,1.0,True,5439.693,,16.0,671,False,False,Cadillac
PER,11,20.0,86.49,30.352,18.323,37.815,256.0,290.0,289.0,273.0,2.0,HARD,2.0,True,,,16.0,1,True,True,Cadillac
PER,11,21.0,87.262,30.52,18.341,38.401,256.0,292.0,245.0,290.0,2.0,HARD,3.0,True,,,16.0,1,False,True,Cadillac
PER,11,22.0,89.083,32.306,18.051,38.726,259.0,301.0,253.0,255.0,2.0,HARD,4.0,True,,,16.0,1,False,True,Cadillac
PER,11,23.0,87.457,31.521,18.152,37.784,260.0,299.0,299.0,236.0,2.0,HARD,5.0,True,,,16.0,1,False,True,Cadillac
PER,11,24.0,89.284,30.505,18.594,40.185,256.0,242.0,285.0,295.0,2.0,HARD,6.0,True,,,16.0,1,False,True,Cadillac
PER,11,25.0,87.093,30.785,18.117,38.191,260.0,298.0,297.0,280.0,2.0,HARD,7.0,True,,,16.0,1,False,True,Cadillac
PER,11,26.0,88.588,32.306,18.158,38.124,256.0,303.0,297.0,297.0,2.0,HARD,8.0,True,,,16.0,1,False,True,Cadillac
PER,11,27.0,88.352,30.457,18.511,39.384,258.0,290.0,221.0,298.0,2.0,HARD,9.0,True,,,16.0,1,False,True,Cadillac
PER,11,28.0,89.249,31.333,18.077,39.839,258.0,302.0,299.0,253.0,2.0,HARD,10.0,True,,,16.0,1,False,True,Cadillac
PER,11,29.0,86.934,30.669,18.062,38.203,258.0,301.0,296.0,296.0,2.0,HARD,11.0,True,,,16.0,1,False,True,Cadillac
PER,11,30.0,87.419,30.911,18.227,38.281,255.0,296.0,297.0,281.0,2.0,HARD,12.0,True,,,16.0,1,False,True,Cadillac
PER,11,31.0,90.506,30.889,18.328,41.289,255.0,295.0,298.0,287.0,2.0,HARD,13.0,True,,,16.0,1,False,True,Cadillac
PER,11,32.0,94.972,31.025,19.385,44.562,257.0,295.0,162.0,285.0,2.0,HARD,14.0,True,,,16.0,16,False,False,Cadillac
PER,11,33.0,93.478,37.144,18.329,38.005,259.0,296.0,298.0,174.0,2.0,HARD,15.0,True,,,16.0,671,False,False,Cadillac
PER,11,34.0,87.151,30.958,18.172,38.021,256.0,298.0,299.0,289.0,2.0,HARD,16.0,True,,,16.0,1,False,True,Cadillac
PER,11,35.0,89.226,30.561,18.262,40.403,258.0,295.0,302.0,295.0,2.0,HARD,17.0,True,,,16.0,1,False,True,Cadillac
PER,11,36.0,88.891,30.652,18.755,39.484,260.0,227.0,301.0,289.0,2.0,HARD,18.0,True,,,16.0,1,False,True,Cadillac
PER,11,37.0,87.081,30.894,18.169,38.018,259.0,298.0,300.0,297.0,2.0,HARD,19.0,True,,,16.0,1,False,True,Cadillac
PER,11,38.0,86.93,30.567,18.38,37.983,261.0,293.0,301.0,294.0,2.0,HARD,20.0,True,,,16.0,1,False,True,Cadillac
PER,11,39.0,87.099,30.501,18.506,38.092,259.0,288.0,298.0,298.0,2.0,HARD,21.0,True,,,16.0,1,False,True,Cadillac
PER,11,40.0,89.198,32.609,18.222,38.367,257.0,302.0,299.0,296.0,2.0,HARD,22.0,True,,,16.0,1,False,True,Cadillac
PER,11,41.0,89.219,32.506,18.387,38.326,256.0,300.0,294.0,291.0,2.0,HARD,23.0,True,,,16.0,1,False,True,Cadillac
PER,11,42.0,87.956,30.996,18.189,38.771,258.0,297.0,249.0,275.0,2.0,HARD,24.0,True,,,16.0,1,False,True,Cadillac
PER,11,43.0,105.049,31.257,18.463,55.329,259.0,295.0,,266.0,2.0,HARD,25.0,True,,7667.788,16.0,1,False,False,Cadillac
PER,11,44.0,93.422,37.21,18.286,37.926,255.0,296.0,292.0,204.0,3.0,SOFT,1.0,True,7687.124,,16.0,1,False,False,Cadillac
PER,11,45.0,86.314,29.952,18.089,38.273,260.0,293.0,286.0,286.0,3.0,SOFT,2.0,True,,,16.0,1,True,True,Cadillac
PER,11,46.0,88.095,30.005,18.092,39.998,259.0,294.0,287.0,287.0,3.0,SOFT,3.0,True,,,16.0,1,False,True,Cadillac
PER,11,47.0,86.07,30.284,18.074,37.712,264.0,298.0,292.0,289.0,3.0,SOFT,4.0,True,,,16.0,1,True,True,Cadillac
PER,11,48.0,86.151,30.4,18.042,37.709,260.0,296.0,296.0,287.0,3.0,SOFT,5.0,True,,,16.0,1,False,True,Cadillac
PER,11,49.0,86.21,30.263,18.141,37.806,259.0,295.0,291.0,291.0,3.0,SOFT,6.0,True,,,16.0,1,False,True,Cadillac
PER,11,50.0,86.085,30.231,18.02,37.834,260.0,295.0,294.0,287.0,3.0,SOFT,7.0,True,,,16.0,1,False,True,Cadillac
PER,11,51.0,86.2,30.231,18.073,37.896,259.0,294.0,294.0,290.0,3.0,SOFT,8.0,True,,,16.0,1,False,True,Cadillac
PER,11,52.0,86.412,30.033,18.306,38.073,260.0,291.0,281.0,292.0,3.0,SOFT,9.0,True,,,16.0,1,False,True,Cadillac
PER,11,53.0,86.13,30.276,18.011,37.843,259.0,296.0,291.0,270.0,3.0,SOFT,10.0,True,,,16.0,1,False,True,Cadillac
PER,11,54.0,89.959,30.045,18.141,41.773,261.0,293.0,293.0,282.0,3.0,SOFT,11.0,True,,,16.0,1,False,True,Cadillac
PER,11,55.0,88.957,32.857,18.015,38.085,256.0,304.0,297.0,283.0,3.0,SOFT,12.0,True,,,16.0,1,False,True,Cadillac
ANT,12,1.0,96.966,,18.757,38.331,234.0,295.0,292.0,232.0,1.0,MEDIUM,1.0,True,,,7.0,1,False,False,Mercedes
ANT,12,2.0,87.129,30.82,18.035,38.274,253.0,292.0,303.0,272.0,1.0,MEDIUM,2.0,True,,,7.0,1,True,True,Mercedes
ANT,12,3.0,85.463,30.586,18.042,36.835,256.0,304.0,289.0,276.0,1.0,MEDIUM,3.0,True,,,6.0,1,True,True,Mercedes
ANT,12,4.0,85.411,29.869,17.795,37.747,260.0,315.0,314.0,280.0,1.0,MEDIUM,4.0,True,,,6.0,1,True,True,Mercedes
ANT,12,5.0,84.499,29.761,18.073,36.665,256.0,307.0,288.0,302.0,1.0,MEDIUM,5.0,True,,,5.0,1,True,True,Mercedes
ANT,12,6.0,84.024,29.534,17.861,36.629,262.0,299.0,281.0,290.0,1.0,MEDIUM,6.0,True,,,4.0,1,True,True,Mercedes
ANT,12,7.0,83.835,29.537,18.052,36.246,261.0,301.0,282.0,283.0,1.0,MEDIUM,7.0,True,,,4.0,1,True,True,Mercedes
ANT,12,8.0,83.683,29.573,17.945,36.165,266.0,299.0,290.0,293.0,1.0,MEDIUM,8.0,True,,,4.0,1,True,True,Mercedes
ANT,12,9.0,83.908,29.601,17.91,36.397,258.0,306.0,296.0,299.0,1.0,MEDIUM,9.0,True,,,4.0,1,False,True,Mercedes
ANT,12,10.0,84.037,29.723,17.879,36.435,265.0,309.0,296.0,298.0,1.0,MEDIUM,10.0,True,,,4.0,1,False,True,Mercedes
ANT,12,11.0,83.89,29.711,17.822,36.357,261.0,310.0,294.0,298.0,1.0,MEDIUM,11.0,True,,,4.0,16,False,False,Mercedes
ANT,12,12.0,129.682,40.974,29.373,59.335,224.0,145.0,,165.0,1.0,MEDIUM,12.0,True,,4793.658,5.0,6,False,False,Mercedes
ANT,12,13.0,117.691,43.264,28.321,46.106,211.0,121.0,211.0,227.0,2.0,HARD,1.0,True,4814.928,,5.0,67,False,False,Mercedes
ANT,12,14.0,86.679,32.153,18.212,36.314,266.0,301.0,286.0,226.0,2.0,HARD,2.0,True,,,5.0,71,False,False,Mercedes
ANT,12,15.0,83.287,29.346,17.73,36.211,267.0,310.0,316.0,295.0,2.0,HARD,3.0,True,,,5.0,1,True,True,Mercedes
ANT,12,16.0,83.618,29.345,17.992,36.281,255.0,295.0,289.0,292.0,2.0,HARD,4.0,True,,,4.0,1,False,True,Mercedes
ANT,12,17.0,83.26,29.46,17.93,35.87,261.0,301.0,293.0,294.0,2.0,HARD,5.0,True,,,4.0,1,True,True,Mercedes
ANT,12,18.0,90.982,29.138,17.897,43.947,252.0,298.0,227.0,296.0,2.0,HARD,6.0,True,,,4.0,126,False,False,Mercedes
ANT,12,19.0,115.334,40.684,24.847,49.803,189.0,223.0,209.0,196.0,2.0,HARD,7.0,True,,,4.0,6,False,False,Mercedes
ANT,12,20.0,88.479,34.654,17.884,35.941,265.0,297.0,297.0,224.0,2.0,HARD,8.0,True,,,4.0,671,False,False,Mercedes
ANT,12,21.0,82.781,28.955,17.927,35.899,267.0,298.0,287.0,298.0,2.0,HARD,9.0,True,,,4.0,1,True,True,Mercedes
ANT,12,22.0,82.862,28.856,17.864,36.142,273.0,301.0,293.0,292.0,2.0,HARD,10.0,True,,,4.0,1,False,True,Mercedes
ANT,12,23.0,82.582,28.958,17.767,35.857,264.0,288.0,294.0,294.0,2.0,HARD,11.0,True,,,4.0,1,True,True,Mercedes
ANT,12,24.0,83.222,29.329,17.828,36.065,266.0,303.0,293.0,291.0,2.0,HARD,12.0,True,,,4.0,1,False,True,Mercedes
ANT,12,25.0,84.545,29.326,17.855,37.364,260.0,298.0,294.0,296.0,2.0,HARD,13.0,True,,,3.0,1,False,True,Mercedes
ANT,12,26.0,83.138,29.311,17.911,35.916,264.0,301.0,296.0,295.0,2.0,HARD,14.0,True,,,3.0,1,False,True,Mercedes
ANT,12,27.0,83.103,29.187,17.915,36.001,260.0,300.0,294.0,299.0,2.0,HARD,15.0,True,,,3.0,1,False,True,Mercedes
ANT,12,28.0,83.03,29.174,17.872,35.984,260.0,301.0,296.0,298.0,2.0,HARD,16.0,True,,,2.0,1,False,True,Mercedes
ANT,12,29.0,82.968,29.145,17.888,35.935,265.0,300.0,296.0,300.0,2.0,HARD,17.0,True,,,2.0,1,False,True,Mercedes
ANT,12,30.0,82.889,29.144,17.803,35.942,265.0,303.0,298.0,298.0,2.0,HARD,18.0,True,,,2.0,1,False,True,Mercedes
ANT,12,31.0,82.88,29.175,17.772,35.933,264.0,306.0,299.0,301.0,2.0,HARD,19.0,True,,,2.0,1,False,True,Mercedes
ANT,12,32.0,83.239,29.509,17.78,35.95,265.0,303.0,301.0,295.0,2.0,HARD,20.0,True,,,2.0,1,False,True,Mercedes
ANT,12,33.0,83.017,29.36,17.772,35.885,264.0,304.0,300.0,306.0,2.0,HARD,21.0,True,,,2.0,1,False,True,Mercedes
ANT,12,34.0,98.387,29.416,29.491,39.48,265.0,187.0,306.0,300.0,2.0,HARD,22.0,True,,,2.0,167,False,False,Mercedes
ANT,12,35.0,83.292,29.604,17.871,35.817,264.0,299.0,297.0,304.0,2.0,HARD,23.0,True,,,2.0,1,False,True,Mercedes
ANT,12,36.0,82.865,29.264,17.788,35.813,267.0,299.0,296.0,302.0,2.0,HARD,24.0,True,,,2.0,1,False,True,Mercedes
ANT,12,37.0,82.966,29.271,17.847,35.848,265.0,299.0,295.0,301.0,2.0,HARD,25.0,True,,,2.0,1,False,True,Mercedes
ANT,12,38.0,82.989,29.155,17.873,35.961,273.0,299.0,289.0,302.0,2.0,HARD,26.0,True,,,2.0,1,False,True,Mercedes
ANT,12,39.0,82.921,29.196,17.847,35.878,263.0,300.0,295.0,295.0,2.0,HARD,27.0,True,,,2.0,1,False,True,Mercedes
ANT,12,40.0,82.672,29.1,17.868,35.704,257.0,300.0,298.0,297.0,2.0,HARD,28.0,True,,,2.0,1,False,True,Mercedes
ANT,12,41.0,82.928,29.162,17.803,35.963,260.0,302.0,298.0,301.0,2.0,HARD,29.0,True,,,2.0,1,False,True,Mercedes
ANT,12,42.0,82.942,29.075,17.803,36.064,264.0,303.0,302.0,301.0,2.0,HARD,30.0,True,,,2.0,1,False,True,Mercedes
ANT,12,43.0,83.015,29.244,17.82,35.951,264.0,301.0,298.0,306.0,2.0,HARD,31.0,True,,,2.0,1,False,True,Mercedes
ANT,12,44.0,83.079,29.252,17.743,36.084,264.0,303.0,298.0,303.0,2.0,HARD,32.0,True,,,2.0,1,False,True,Mercedes
ANT,12,45.0,83.123,29.311,17.763,36.049,259.0,302.0,297.0,304.0,2.0,HARD,33.0,True,,,2.0,1,False,True,Mercedes
ANT,12,46.0,83.038,29.35,17.698,35.99,261.0,303.0,299.0,301.0,2.0,HARD,34.0,True,,,2.0,1,False,True,Mercedes
ANT,12,47.0,83.066,29.276,17.687,36.103,265.0,306.0,298.0,301.0,2.0,HARD,35.0,True,,,2.0,1,False,True,Mercedes
ANT,12,48.0,82.992,29.415,17.461,36.116,266.0,313.0,292.0,301.0,2.0,HARD,36.0,True,,,2.0,1,False,True,Mercedes
ANT,12,49.0,83.245,29.403,17.728,36.114,262.0,303.0,292.0,295.0,2.0,HARD,37.0,True,,,2.0,1,False,True,Mercedes
ANT,12,50.0,82.903,29.148,17.703,36.052,262.0,303.0,294.0,298.0,2.0,HARD,38.0,True,,,2.0,1,False,True,Mercedes
ANT,12,51.0,82.625,29.108,17.706,35.811,261.0,303.0,297.0,301.0,2.0,HARD,39.0,True,,,2.0,1,False,True,Mercedes
ANT,12,52.0,82.558,28.925,17.654,35.979,271.0,303.0,295.0,302.0,2.0,HARD,40.0,True,,,2.0,1,True,True,Mercedes
ANT,12,53.0,82.613,29.088,17.651,35.874,264.0,307.0,300.0,301.0,2.0,HARD,41.0,True,,,2.0,1,False,True,Mercedes
ANT,12,54.0,82.842,29.051,17.58,36.211,262.0,312.0,298.0,305.0,2.0,HARD,42.0,True,,,2.0,1,False,True,Mercedes
ANT,12,55.0,82.928,29.332,17.668,35.928,267.0,304.0,293.0,304.0,2.0,HARD,43.0,True,,,2.0,1,False,True,Mercedes
ANT,12,56.0,82.603,29.022,17.718,35.863,264.0,304.0,293.0,300.0,2.0,HARD,44.0,True,,,2.0,1,False,True,Mercedes
ANT,12,57.0,82.417,28.926,17.66,35.831,264.0,303.0,298.0,301.0,2.0,HARD,45.0,True,,,2.0,1,True,True,Mercedes
ANT,12,58.0,82.653,29.285,17.53,35.838,271.0,308.0,313.0,306.0,2.0,HARD,46.0,True,,,2.0,1,False,True,Mercedes
ALO,14,1.0,98.271,,18.649,38.704,239.0,309.0,297.0,203.0,1.0,SOFT,1.0,True,,,10.0,1,False,False,Aston Martin
ALO,14,2.0,87.598,31.374,18.457,37.767,250.0,289.0,294.0,251.0,1.0,SOFT,2.0,True,,,10.0,1,True,True,Aston Martin
ALO,14,3.0,88.035,30.633,18.4,39.002,253.0,289.0,296.0,280.0,1.0,SOFT,3.0,True,,,12.0,1,False,True,Aston Martin
ALO,14,4.0,87.424,31.163,18.447,37.814,250.0,288.0,289.0,261.0,1.0,SOFT,4.0,True,,,12.0,1,True,True,Aston Martin
ALO,14,5.0,88.835,31.303,18.529,39.003,251.0,294.0,292.0,289.0,1.0,SOFT,5.0,True,,,14.0,1,False,True,Aston Martin
ALO,14,6.0,88.763,30.861,18.522,39.38,252.0,285.0,294.0,270.0,1.0,SOFT,6.0,True,,,16.0,1,False,True,Aston Martin
ALO,14,7.0,87.876,30.794,18.262,38.82,253.0,308.0,292.0,268.0,1.0,SOFT,7.0,True,,,17.0,1,False,True,Aston Martin
ALO,14,8.0,86.792,30.618,18.468,37.706,251.0,286.0,287.0,284.0,1.0,SOFT,8.0,True,,,17.0,1,True,True,Aston Martin
ALO,14,9.0,87.04,30.452,18.65,37.938,250.0,293.0,283.0,288.0,1.0,SOFT,9.0,True,,,16.0,1,False,True,Aston Martin
ALO,14,10.0,87.475,30.587,18.88,38.008,250.0,285.0,281.0,284.0,1.0,SOFT,10.0,True,,,16.0,1,False,True,Aston Martin
ALO,14,11.0,119.99,30.773,19.575,69.642,251.0,225.0,,276.0,1.0,SOFT,11.0,True,,4724.236,17.0,16,False,False,Aston Martin
ALO,14,12.0,122.34,44.091,34.546,43.703,214.0,127.0,277.0,202.0,2.0,SOFT,1.0,True,4750.242,,16.0,6,False,False,Aston Martin
ALO,14,13.0,,35.885,25.378,,203.0,233.0,,251.0,2.0,SOFT,2.0,True,,4969.657,19.0,6712,False,False,Aston Martin
ALO,14,14.0,98.828,42.346,18.951,37.531,241.0,271.0,288.0,190.0,3.0,SOFT,3.0,False,5942.289,,19.0,1,False,False,Aston Martin
ALO,14,15.0,85.713,29.879,18.494,37.34,251.0,275.0,285.0,283.0,3.0,SOFT,4.0,False,,,19.0,1,True,True,Aston Martin
ALO,14,16.0,86.131,30.073,18.874,37.184,252.0,266.0,282.0,279.0,3.0,SOFT,5.0,False,,,18.0,1,False,True,Aston Martin
ALO,14,17.0,86.376,30.067,19.021,37.288,252.0,263.0,283.0,275.0,3.0,SOFT,6.0,False,,,18.0,1,False,True,Aston Martin
ALO,14,18.0,85.908,30.043,18.796,37.069,252.0,265.0,285.0,277.0,3.0,SOFT,7.0,False,,,18.0,1,False,True,Aston Martin
ALO,14,19.0,88.14,30.071,18.904,39.165,253.0,259.0,284.0,276.0,3.0,SOFT,8.0,False,,,18.0,1,False,True,Aston Martin
ALO,14,20.0,86.641,30.312,18.834,37.495,259.0,259.0,284.0,278.0,3.0,SOFT,9.0,False,,,18.0,1,False,True,Aston Martin
ALO,14,21.0,88.082,31.697,18.782,37.603,253.0,284.0,285.0,276.0,3.0,SOFT,10.0,False,,,18.0,1,False,True,Aston Martin
ALO,14,22.0,,30.824,30.521,,190.0,208.0,,265.0,3.0,SOFT,11.0,False,,6747.205,18.0,167,False,False,Aston Martin
LEC,16,1.0,91.929,,18.663,36.681,248.0,280.0,277.0,244.0,1.0,MEDIUM,1.0,True,,,1.0,1,False,False,Ferrari
LEC,16,2.0,86.212,30.116,18.18,37.916,247.0,289.0,300.0,269.0,1.0,MEDIUM,2.0,True,,,2.0,1,True,True,Ferrari
LEC,16,3.0,85.453,30.141,17.876,37.436,250.0,306.0,285.0,275.0,1.0,MEDIUM,3.0,True,,,1.0,1,True,True,Ferrari
LEC,16,4.0,84.553,29.99,18.045,36.518,254.0,289.0,293.0,271.0,1.0,MEDIUM,4.0,True,,,1.0,1,True,True,Ferrari
LEC,16,5.0,83.981,29.542,18.008,36.431,255.0,289.0,291.0,288.0,1.0,MEDIUM,5.0,True,,,1.0,1,True,True,Ferrari
LEC,16,6.0,84.822,29.775,18.075,36.972,252.0,288.0,293.0,283.0,1.0,MEDIUM,6.0,True,,,1.0,1,False,True,Ferrari
LEC,16,7.0,84.034,29.693,18.01,36.331,256.0,288.0,295.0,288.0,1.0,MEDIUM,7.0,True,,,1.0,1,False,True,Ferrari
LEC,16,8.0,85.563,30.478,18.017,37.068,275.0,298.0,276.0,294.0,1.0,MEDIUM,8.0,True,,,1.0,1,False,True,Ferrari
LEC,16,9.0,85.602,30.791,18.247,36.564,274.0,280.0,295.0,277.0,1.0,MEDIUM,9.0,True,,,1.0,1,False,True,Ferrari
LEC,16,10.0,83.977,29.824,17.963,36.19,252.0,289.0,295.0,294.0,1.0,MEDIUM,10.0,True,,,1.0,1,True,True,Ferrari
LEC,16,11.0,83.798,29.585,18.082,36.131,274.0,282.0,293.0,292.0,1.0,MEDIUM,11.0,True,,,1.0,1,True,True,Ferrari
LEC,16,12.0,114.008,40.041,28.446,45.521,222.0,137.0,204.0,287.0,1.0,MEDIUM,12.0,True,,,1.0,16,False,False,Ferrari
LEC,16,13.0,115.178,41.178,27.3,46.7,181.0,142.0,175.0,213.0,1.0,MEDIUM,13.0,True,,,1.0,6,False,False,Ferrari
LEC,16,14.0,90.489,35.983,18.192,36.314,273.0,282.0,289.0,218.0,1.0,MEDIUM,14.0,True,,,1.0,671,False,False,Ferrari
LEC,16,15.0,83.765,29.539,17.9,36.326,249.0,287.0,291.0,283.0,1.0,MEDIUM,15.0,True,,,1.0,1,True,True,Ferrari
LEC,16,16.0,83.511,29.393,17.898,36.22,248.0,290.0,297.0,291.0,1.0,MEDIUM,16.0,True,,,1.0,1,True,True,Ferrari
LEC,16,17.0,84.356,29.858,18.083,36.415,275.0,285.0,291.0,300.0,1.0,MEDIUM,17.0,True,,,1.0,1,False,True,Ferrari
LEC,16,18.0,89.602,29.353,18.021,42.228,275.0,290.0,139.0,287.0,1.0,MEDIUM,18.0,True,,,1.0,126,False,False,Ferrari
LEC,16,19.0,113.653,38.364,24.534,50.755,238.0,224.0,229.0,227.0,1.0,MEDIUM,19.0,True,,,1.0,6,False,False,Ferrari
LEC,16,20.0,93.183,38.397,18.486,36.3,186.0,289.0,298.0,230.0,1.0,MEDIUM,20.0,True,,,1.0,671,False,False,Ferrari
LEC,16,21.0,83.322,29.324,17.876,36.122,248.0,292.0,299.0,299.0,1.0,MEDIUM,21.0,True,,,1.0,1,True,True,Ferrari
LEC,16,22.0,83.416,29.349,17.762,36.305,250.0,295.0,297.0,302.0,1.0,MEDIUM,22.0,True,,,1.0,1,False,True,Ferrari
LEC,16,23.0,83.476,29.5,17.655,36.321,244.0,300.0,297.0,299.0,1.0,MEDIUM,23.0,True,,,1.0,1,False,True,Ferrari
LEC,16,24.0,83.66,29.602,17.848,36.21,249.0,292.0,299.0,297.0,1.0,MEDIUM,24.0,True,,,1.0,1,False,True,Ferrari
LEC,16,25.0,97.834,29.658,17.796,50.38,251.0,292.0,,302.0,1.0,MEDIUM,25.0,True,,5963.741,4.0,1,False,False,Ferrari
LEC,16,26.0,89.317,35.37,17.951,35.996,274.0,292.0,298.0,201.0,2.0,HARD,1.0,True,5981.666,,4.0,1,False,False,Ferrari
LEC,16,27.0,83.106,29.434,17.824,35.848,251.0,292.0,302.0,295.0,2.0,HARD,2.0,True,,,4.0,1,True,True,Ferrari
LEC,16,28.0,83.089,29.241,17.821,36.027,249.0,292.0,299.0,303.0,2.0,HARD,3.0,True,,,3.0,1,True,True,Ferrari
LEC,16,29.0,82.987,29.127,17.756,36.104,256.0,292.0,298.0,300.0,2.0,HARD,4.0,True,,,3.0,1,True,True,Ferrari
LEC,16,30.0,83.026,29.173,17.763,36.09,248.0,293.0,301.0,294.0,2.0,HARD,5.0,True,,,3.0,1,False,True,Ferrari
LEC,16,31.0,82.934,29.138,17.745,36.051,256.0,292.0,300.0,302.0,2.0,HARD,6.0,True,,,3.0,1,True,True,Ferrari
LEC,16,32.0,82.947,29.221,17.788,35.938,249.0,292.0,303.0,300.0,2.0,HARD,7.0,True,,,3.0,1,False,True,Ferrari
LEC,16,33.0,83.174,29.301,17.756,36.117,252.0,294.0,302.0,302.0,2.0,HARD,8.0,True,,,3.0,1,False,True,Ferrari
LEC,16,34.0,98.516,32.568,28.471,37.477,105.0,237.0,289.0,295.0,2.0,HARD,9.0,True,,,3.0,167,False,False,Ferrari
LEC,16,35.0,83.542,29.632,17.831,36.079,254.0,294.0,304.0,276.0,2.0,HARD,10.0,True,,,3.0,1,False,True,Ferrari
LEC,16,36.0,84.376,29.478,17.907,36.991,249.0,295.0,301.0,293.0,2.0,HARD,11.0,True,,,3.0,1,False,True,Ferrari
LEC,16,37.0,83.236,29.421,17.866,35.949,256.0,291.0,302.0,297.0,2.0,HARD,12.0,True,,,3.0,1,False,True,Ferrari
LEC,16,38.0,82.579,28.995,17.699,35.885,258.0,293.0,301.0,300.0,2.0,HARD,13.0,True,,,3.0,1,True,True,Ferrari
LEC,16,39.0,82.728,29.142,17.617,35.969,255.0,298.0,301.0,292.0,2.0,HARD,14.0,True,,,3.0,1,False,True,Ferrari
LEC,16,40.0,82.93,29.199,17.741,35.99,253.0,292.0,300.0,301.0,2.0,HARD,15.0,True,,,3.0,1,False,True,Ferrari
LEC,16,41.0,82.995,29.102,17.73,36.163,253.0,292.0,295.0,301.0,2.0,HARD,16.0,True,,,3.0,1,False,True,Ferrari
LEC,16,42.0,82.846,29.167,17.705,35.974,257.0,292.0,301.0,288.0,2.0,HARD,17.0,True,,,3.0,1,False,True,Ferrari
LEC,16,43.0,82.75,29.142,17.651,35.957,253.0,292.0,301.0,298.0,2.0,HARD,18.0,True,,,3.0,1,False,True,Ferrari
LEC,16,44.0,83.094,29.326,17.643,36.125,254.0,297.0,304.0,301.0,2.0,HARD,19.0,True,,,3.0,1,False,True,Ferrari
LEC,16,45.0,83.16,29.378,17.651,36.131,250.0,293.0,300.0,294.0,2.0,HARD,20.0,True,,,3.0,1,False,True,Ferrari
LEC,16,46.0,82.894,29.254,17.685,35.955,256.0,291.0,303.0,291.0,2.0,HARD,21.0,True,,,3.0,1,False,True,Ferrari
LEC,16,47.0,82.952,29.106,17.719,36.127,250.0,291.0,301.0,294.0,2.0,HARD,22.0,True,,,3.0,1,False,True,Ferrari
LEC,16,48.0,82.899,29.299,17.678,35.922,249.0,295.0,303.0,298.0,2.0,HARD,23.0,True,,,3.0,1,False,True,Ferrari
LEC,16,49.0,83.364,29.374,17.664,36.326,249.0,296.0,304.0,301.0,2.0,HARD,24.0,True,,,3.0,1,False,True,Ferrari
LEC,16,50.0,83.2,29.246,17.742,36.212,251.0,300.0,301.0,301.0,2.0,HARD,25.0,True,,,3.0,1,False,True,Ferrari
LEC,16,51.0,82.989,29.359,17.602,36.028,259.0,299.0,306.0,300.0,2.0,HARD,26.0,True,,,3.0,1,False,True,Ferrari
LEC,16,52.0,83.049,29.441,17.598,36.01,256.0,301.0,303.0,304.0,2.0,HARD,27.0,True,,,3.0,1,False,True,Ferrari
LEC,16,53.0,83.014,29.254,17.635,36.125,255.0,292.0,299.0,305.0,2.0,HARD,28.0,True,,,3.0,1,False,True,Ferrari
LEC,16,54.0,83.045,29.077,17.673,36.295,257.0,291.0,298.0,294.0,2.0,HARD,29.0,True,,,3.0,1,False,True,Ferrari
LEC,16,55.0,82.825,29.147,17.624,36.054,257.0,292.0,299.0,288.0,2.0,HARD,30.0,True,,,3.0,1,False,True,Ferrari
LEC,16,56.0,82.965,29.161,17.681,36.123,254.0,288.0,300.0,288.0,2.0,HARD,31.0,True,,,3.0,1,False,True,Ferrari
LEC,16,57.0,83.098,29.245,17.621,36.232,258.0,291.0,293.0,289.0,2.0,HARD,32.0,True,,,3.0,1,False,True,Ferrari
LEC,16,58.0,83.317,29.364,17.704,36.249,261.0,298.0,313.0,277.0,2.0,HARD,33.0,True,,,3.0,1,False,True,Ferrari
STR,18,1.0,103.37,,19.505,40.559,232.0,272.0,292.0,188.0,1.0,MEDIUM,1.0,True,,,20.0,1,False,False,Aston Martin
STR,18,2.0,88.773,31.679,18.599,38.495,248.0,292.0,293.0,244.0,1.0,MEDIUM,2.0,True,,,20.0,1,True,True,Aston Martin
STR,18,3.0,88.58,31.507,18.467,38.606,245.0,297.0,302.0,261.0,1.0,MEDIUM,3.0,True,,,20.0,1,True,True,Aston Martin
STR,18,4.0,88.079,31.176,18.646,38.257,249.0,299.0,304.0,282.0,1.0,MEDIUM,4.0,True,,,20.0,1,True,True,Aston Martin
STR,18,5.0,88.185,31.252,18.541,38.392,247.0,292.0,292.0,281.0,1.0,MEDIUM,5.0,True,,,20.0,1,False,True,Aston Martin
STR,18,6.0,88.202,31.239,18.645,38.318,247.0,285.0,291.0,265.0,1.0,MEDIUM,6.0,True,,,20.0,1,False,True,Aston Martin
STR,18,7.0,87.987,31.152,18.586,38.249,246.0,296.0,288.0,275.0,1.0,MEDIUM,7.0,True,,,20.0,1,True,True,Aston Martin
STR,18,8.0,87.644,30.941,18.662,38.041,249.0,291.0,285.0,278.0,1.0,MEDIUM,8.0,True,,,20.0,1,True,True,Aston Martin
STR,18,9.0,88.072,30.958,18.759,38.355,249.0,278.0,284.0,274.0,1.0,MEDIUM,9.0,True,,,19.0,1,False,True,Aston Martin
STR,18,10.0,87.614,31.028,18.726,37.86,249.0,276.0,284.0,277.0,1.0,MEDIUM,10.0,True,,,19.0,1,True,True,Aston Martin
STR,18,11.0,132.251,30.877,18.895,82.479,249.0,233.0,,278.0,1.0,MEDIUM,11.0,True,,4734.258,19.0,16,False,False,Aston Martin
STR,18,12.0,118.206,43.992,27.8,46.414,202.0,136.0,270.0,198.0,2.0,HARD,1.0,True,4771.102,,18.0,6,False,False,Aston Martin
STR,18,13.0,98.945,40.361,20.569,38.015,229.0,267.0,282.0,142.0,2.0,HARD,2.0,True,,,17.0,671,False,False,Aston Martin
STR,18,14.0,87.008,30.582,18.7,37.726,250.0,269.0,283.0,268.0,2.0,HARD,3.0,True,,,17.0,1,True,True,Aston Martin
STR,18,15.0,86.872,30.449,18.787,37.636,250.0,268.0,282.0,277.0,2.0,HARD,4.0,True,,,17.0,1,True,True,Aston Martin
STR,18,16.0,87.37,30.539,18.86,37.971,248.0,266.0,282.0,277.0,2.0,HARD,5.0,True,,,17.0,1,False,True,Aston Martin
STR,18,17.0,90.502,30.552,18.854,41.096,249.0,267.0,139.0,277.0,2.0,HARD,6.0,True,,,17.0,126,False,False,Aston Martin
STR,18,18.0,114.0,41.181,23.17,49.649,237.0,230.0,270.0,188.0,2.0,HARD,7.0,True,,,17.0,6,False,False,Aston Martin
STR,18,19.0,99.887,39.971,20.637,39.279,181.0,223.0,285.0,198.0,2.0,HARD,8.0,True,,,17.0,671,False,False,Aston Martin
STR,18,20.0,88.097,30.414,18.829,38.854,251.0,284.0,287.0,281.0,2.0,HARD,9.0,True,,,17.0,1,False,True,Aston Martin
STR,18,21.0,87.915,30.951,18.969,37.995,251.0,286.0,262.0,284.0,2.0,HARD,10.0,True,,,17.0,1,False,True,Aston Martin
STR,18,22.0,87.48,30.985,18.744,37.751,256.0,287.0,280.0,245.0,2.0,HARD,11.0,True,,,17.0,1,False,True,Aston Martin
STR,18,23.0,87.511,30.801,19.05,37.66,249.0,258.0,281.0,274.0,2.0,HARD,12.0,True,,,17.0,1,False,True,Aston Martin
STR,18,24.0,87.122,30.653,18.936,37.533,248.0,259.0,281.0,275.0,2.0,HARD,13.0,True,,,17.0,1,False,True,Aston Martin
STR,18,25.0,89.033,30.673,18.907,39.453,251.0,262.0,282.0,275.0,2.0,HARD,14.0,True,,,17.0,1,False,True,Aston Martin
STR,18,26.0,118.866,30.903,18.957,69.006,249.0,289.0,,272.0,2.0,HARD,15.0,True,,6166.531,17.0,1,False,False,Aston Martin
STR,18,27.0,97.514,38.666,19.35,39.498,245.0,259.0,283.0,209.0,3.0,SOFT,1.0,True,6199.975,,17.0,1,False,False,Aston Martin
STR,18,28.0,86.074,30.185,18.792,37.097,252.0,262.0,284.0,276.0,3.0,SOFT,2.0,True,,,17.0,1,True,True,Aston Martin
STR,18,29.0,86.064,30.217,18.613,37.234,252.0,266.0,286.0,276.0,3.0,SOFT,3.0,True,,,17.0,1,True,True,Aston Martin
STR,18,30.0,87.416,30.233,18.674,38.509,252.0,265.0,290.0,275.0,3.0,SOFT,4.0,True,,,17.0,1,False,True,Aston Martin
STR,18,31.0,86.387,30.422,18.577,37.388,251.0,268.0,284.0,276.0,3.0,SOFT,5.0,True,,,17.0,1,False,True,Aston Martin
STR,18,32.0,102.468,31.787,30.644,40.037,252.0,208.0,285.0,273.0,3.0,SOFT,6.0,True,,,17.0,167,False,False,Aston Martin
STR,18,33.0,86.528,30.503,18.728,37.297,251.0,265.0,292.0,274.0,3.0,SOFT,7.0,True,,,17.0,1,False,True,Aston Martin
STR,18,34.0,,30.496,19.613,,252.0,296.0,,298.0,3.0,SOFT,8.0,True,,6918.611,17.0,1,False,False,Aston Martin
STR,18,35.0,95.637,39.439,18.905,37.293,244.0,265.0,290.0,151.0,4.0,SOFT,1.0,True,8000.515,,17.0,1,False,False,Aston Martin
STR,18,36.0,85.41,29.828,18.491,37.091,251.0,268.0,284.0,285.0,4.0,SOFT,2.0,True,,,17.0,1,True,True,Aston Martin
STR,18,37.0,86.32,30.139,18.756,37.425,251.0,261.0,287.0,276.0,4.0,SOFT,3.0,True,,,17.0,1,False,True,Aston Martin
STR,18,38.0,86.37,30.177,18.735,37.458,251.0,262.0,286.0,278.0,4.0,SOFT,4.0,True,,,17.0,1,False,True,Aston Martin
STR,18,39.0,105.889,30.411,18.745,56.733,248.0,261.0,,278.0,4.0,SOFT,5.0,True,,8437.402,17.0,1,False,False,Aston Martin
STR,18,40.0,92.972,36.906,19.049,37.017,247.0,259.0,295.0,209.0,5.0,SOFT,1.0,True,8460.243,,17.0,1,False,False,Aston Martin
STR,18,41.0,85.444,29.694,18.741,37.009,252.0,260.0,285.0,302.0,5.0,SOFT,2.0,True,,,17.0,1,False,True,Aston Martin
STR,18,42.0,85.707,29.973,18.791,36.943,252.0,257.0,283.0,275.0,5.0,SOFT,3.0,True,,,17.0,1,False,True,Aston Martin
STR,18,43.0,85.919,29.948,18.837,37.134,251.0,257.0,283.0,274.0,5.0,SOFT,4.0,True,,,17.0,1,False,True,Aston Martin
ALB,23,1.0,99.376,,19.018,39.109,225.0,290.0,291.0,209.0,1.0,MEDIUM,1.0,True,,,12.0,1,False,False,Williams
ALB,23,2.0,87.78,31.155,18.16,38.465,259.0,285.0,281.0,265.0,1.0,MEDIUM,2.0,True,,,13.0,1,True,True,Williams
ALB,23,3.0,87.512,31.369,18.234,37.909,267.0,310.0,301.0,251.0,1.0,MEDIUM,3.0,True,,,13.0,1,True,True,Williams
ALB,23,4.0,87.911,30.836,18.153,38.922,255.0,293.0,301.0,276.0,1.0,MEDIUM,4.0,True,,,14.0,1,False,True,Williams
ALB,23,5.0,87.176,30.385,18.275,38.516,260.0,318.0,292.0,278.0,1.0,MEDIUM,5.0,True,,,13.0,1,True,True,Williams
ALB,23,6.0,86.436,30.347,18.545,37.544,264.0,297.0,294.0,282.0,1.0,MEDIUM,6.0,True,,,13.0,1,True,True,Williams
ALB,23,7.0,85.688,30.041,18.442,37.205,264.0,300.0,291.0,281.0,1.0,MEDIUM,7.0,True,,,13.0,1,True,True,Williams
ALB,23,8.0,85.558,29.979,18.318,37.261,260.0,301.0,287.0,285.0,1.0,MEDIUM,8.0,True,,,13.0,1,True,True,Williams
ALB,23,9.0,85.728,30.086,18.257,37.385,265.0,301.0,291.0,287.0,1.0,MEDIUM,9.0,True,,,13.0,1,False,True,Williams
ALB,23,10.0,86.03,30.181,18.432,37.417,262.0,299.0,288.0,285.0,1.0,MEDIUM,10.0,True,,,13.0,1,False,True,Williams
ALB,23,11.0,93.98,30.057,18.391,45.532,266.0,299.0,227.0,284.0,1.0,MEDIUM,11.0,True,,,10.0,16,False,False,Williams
ALB,23,12.0,125.578,40.48,27.083,58.015,214.0,169.0,,218.0,1.0,MEDIUM,12.0,True,,4822.785,12.0,6,False,False,Williams
ALB,23,13.0,112.348,44.516,26.746,41.086,174.0,135.0,288.0,223.0,2.0,HARD,1.0,True,4841.19,,12.0,671,False,False,Williams
ALB,23,14.0,85.379,30.09,18.34,36.949,264.0,300.0,290.0,273.0,2.0,HARD,2.0,True,,,12.0,1,True,True,Williams
ALB,23,15.0,85.035,29.782,18.291,36.962,254.0,300.0,296.0,284.0,2.0,HARD,3.0,True,,,12.0,1,True,True,Williams
ALB,23,16.0,88.434,32.674,18.369,37.391,256.0,300.0,290.0,288.0,2.0,HARD,4.0,True,,,13.0,1,False,True,Williams
ALB,23,17.0,85.662,29.953,18.346,37.363,263.0,300.0,287.0,281.0,2.0,HARD,5.0,True,,,13.0,1,False,True,Williams
ALB,23,18.0,104.028,29.856,26.359,47.813,257.0,208.0,206.0,281.0,2.0,HARD,6.0,True,,,13.0,126,False,False,Williams
ALB,23,19.0,109.476,40.275,25.064,44.137,240.0,256.0,297.0,221.0,2.0,HARD,7.0,True,,,13.0,671,False,False,Williams
ALB,23,20.0,85.041,29.647,18.338,37.056,264.0,299.0,296.0,288.0,2.0,HARD,8.0,True,,,13.0,1,False,True,Williams
ALB,23,21.0,85.065,29.694,18.172,37.199,257.0,302.0,295.0,288.0,2.0,HARD,9.0,True,,,13.0,1,False,True,Williams
ALB,23,22.0,85.297,29.771,18.29,37.236,260.0,301.0,295.0,287.0,2.0,HARD,10.0,True,,,13.0,1,False,True,Williams
ALB,23,23.0,85.258,29.798,18.173,37.287,256.0,301.0,297.0,286.0,2.0,HARD,11.0,True,,,13.0,1,False,True,Williams
ALB,23,24.0,85.334,29.842,18.245,37.247,266.0,302.0,292.0,286.0,2.0,HARD,12.0,True,,,13.0,1,False,True,Williams
ALB,23,25.0,85.569,29.99,18.291,37.288,262.0,302.0,296.0,283.0,2.0,HARD,13.0,True,,,13.0,1,False,True,Williams
ALB,23,26.0,85.782,29.871,18.341,37.57,266.0,303.0,293.0,283.0,2.0,HARD,14.0,True,,,13.0,1,False,True,Williams
ALB,23,27.0,85.734,29.901,18.232,37.601,268.0,300.0,298.0,286.0,2.0,HARD,15.0,True,,,13.0,1,False,True,Williams
ALB,23,28.0,86.642,30.362,18.456,37.824,266.0,302.0,296.0,277.0,2.0,HARD,16.0,True,,,13.0,1,False,True,Williams
ALB,23,29.0,86.614,30.359,18.191,38.064,266.0,301.0,289.0,280.0,2.0,HARD,17.0,True,,,12.0,1,False,True,Williams
ALB,23,30.0,86.472,30.327,18.382,37.763,248.0,296.0,294.0,281.0,2.0,HARD,18.0,True,,,12.0,1,False,True,Williams
ALB,23,31.0,86.523,30.134,18.46,37.929,264.0,297.0,291.0,283.0,2.0,HARD,19.0,True,,,12.0,1,False,True,Williams
ALB,23,32.0,86.459,30.357,18.353,37.749,264.0,295.0,286.0,279.0,2.0,HARD,20.0,True,,,12.0,1,False,True,Williams
ALB,23,33.0,110.03,30.255,18.445,61.33,261.0,296.0,,278.0,2.0,HARD,21.0,True,,6718.614,12.0,167,False,False,Williams
ALB,23,34.0,90.918,36.035,18.141,36.742,266.0,305.0,292.0,218.0,3.0,SOFT,1.0,True,6737.259,,12.0,1,False,False,Williams
ALB,23,35.0,84.446,29.483,18.135,36.828,265.0,300.0,287.0,287.0,3.0,SOFT,2.0,True,,,12.0,1,True,True,Williams
ALB,23,36.0,84.375,29.418,18.165,36.792,263.0,298.0,296.0,285.0,3.0,SOFT,3.0,True,,,12.0,1,True,True,Williams
ALB,23,37.0,85.052,29.898,18.205,36.949,259.0,297.0,295.0,276.0,3.0,SOFT,4.0,True,,,12.0,1,False,True,Williams
ALB,23,38.0,86.338,29.646,18.304,38.388,260.0,299.0,295.0,287.0,3.0,SOFT,5.0,True,,,12.0,1,False,True,Williams
ALB,23,39.0,84.858,29.97,18.028,36.86,259.0,304.0,293.0,287.0,3.0,SOFT,6.0,True,,,12.0,1,False,True,Williams
ALB,23,40.0,86.672,29.92,18.212,38.54,247.0,301.0,297.0,287.0,3.0,SOFT,7.0,True,,,12.0,1,False,True,Williams
ALB,23,41.0,84.876,29.843,18.061,36.972,258.0,302.0,295.0,287.0,3.0,SOFT,8.0,True,,,12.0,1,False,True,Williams
ALB,23,42.0,84.858,29.705,18.242,36.911,244.0,299.0,291.0,285.0,3.0,SOFT,9.0,True,,,12.0,1,False,True,Williams
ALB,23,43.0,84.956,29.745,18.256,36.955,260.0,300.0,290.0,282.0,3.0,SOFT,10.0,True,,,12.0,1,False,True,Williams
ALB,23,44.0,84.841,29.537,18.178,37.126,264.0,299.0,294.0,282.0,3.0,SOFT,11.0,True,,,12.0,1,False,True,Williams
ALB,23,45.0,84.702,29.548,18.205,36.949,258.0,297.0,294.0,282.0,3.0,SOFT,12.0,True,,,12.0,1,False,True,Williams
ALB,23,46.0,84.777,29.574,18.274,36.929,257.0,297.0,289.0,283.0,3.0,SOFT,13.0,True,,,12.0,1,False,True,Williams
ALB,23,47.0,84.815,29.602,18.169,37.044,255.0,298.0,293.0,283.0,3.0,SOFT,14.0,True,,,12.0,1,False,True,Williams
ALB,23,48.0,84.773,29.606,18.156,37.011,255.0,298.0,294.0,281.0,3.0,SOFT,15.0,True,,,12.0,1,False,True,Williams
ALB,23,49.0,84.785,29.474,18.34,36.971,265.0,297.0,295.0,285.0,3.0,SOFT,16.0,True,,,12.0,1,False,True,Williams
ALB,23,50.0,84.856,29.794,18.218,36.844,244.0,301.0,297.0,286.0,3.0,SOFT,17.0,True,,,12.0,1,False,True,Williams
ALB,23,51.0,84.749,29.468,18.211,37.07,257.0,300.0,294.0,285.0,3.0,SOFT,18.0,True,,,12.0,1,False,True,Williams
ALB,23,52.0,84.764,29.582,18.133,37.049,261.0,300.0,289.0,290.0,3.0,SOFT,19.0,True,,,12.0,1,False,True,Williams
ALB,23,53.0,85.019,29.769,18.199,37.051,254.0,302.0,294.0,286.0,3.0,SOFT,20.0,True,,,12.0,1,False,True,Williams
ALB,23,54.0,84.861,29.69,18.266,36.905,255.0,296.0,289.0,291.0,3.0,SOFT,21.0,True,,,12.0,1,False,True,Williams
ALB,23,55.0,84.995,29.747,18.208,37.04,255.0,296.0,292.0,287.0,3.0,SOFT,22.0,True,,,12.0,1,False,True,Williams
ALB,23,56.0,86.387,29.824,18.321,38.242,261.0,295.0,287.0,288.0,3.0,SOFT,23.0,True,,,12.0,1,False,True,Williams
ALB,23,57.0,86.268,31.326,18.011,36.931,261.0,308.0,301.0,278.0,3.0,SOFT,24.0,True,,,12.0,1,False,True,Williams
HUL,27,1.0,,,,,,,,,1.0,HARD,1.0,True,,,,1,False,False,Audi
VER,3,1.0,101.333,,18.975,39.753,235.0,292.0,277.0,211.0,1.0,HARD,1.0,True,,,16.0,1,False,False,Red Bull Racing
VER,3,2.0,86.828,31.2,18.005,37.623,245.0,313.0,306.0,269.0,1.0,HARD,2.0,True,,,15.0,1,True,True,Red Bull Racing
VER,3,3.0,87.096,31.213,18.031,37.852,246.0,306.0,306.0,266.0,1.0,HARD,3.0,True,,,14.0,1,False,True,Red Bull Racing
VER,3,4.0,86.571,30.547,17.928,38.096,251.0,292.0,303.0,282.0,1.0,HARD,4.0,True,,,13.0,1,True,True,Red Bull Racing
VER,3,5.0,84.879,29.902,18.36,36.617,247.0,295.0,308.0,281.0,1.0,HARD,5.0,True,,,12.0,1,True,True,Red Bull Racing
VER,3,6.0,84.968,30.063,17.806,37.099,253.0,324.0,308.0,295.0,1.0,HARD,6.0,True,,,11.0,1,False,True,Red Bull Racing
VER,3,7.0,85.384,30.335,18.224,36.825,254.0,303.0,312.0,275.0,1.0,HARD,7.0,True,,,11.0,1,False,True,Red Bull Racing
VER,3,8.0,84.707,29.79,18.051,36.866,251.0,300.0,301.0,305.0,1.0,HARD,8.0,True,,,10.0,1,True,True,Red Bull Racing
VER,3,9.0,85.071,29.879,17.966,37.226,249.0,304.0,302.0,297.0,1.0,HARD,9.0,True,,,10.0,1,False,True,Red Bull Racing
VER,3,10.0,85.133,30.036,17.609,37.488,254.0,324.0,300.0,298.0,1.0,HARD,10.0,True,,,9.0,1,False,True,Red Bull Racing
VER,3,11.0,91.029,29.804,18.006,43.219,253.0,308.0,226.0,300.0,1.0,HARD,11.0,True,,,6.0,16,False,False,Red Bull Racing
VER,3,12.0,114.214,39.818,27.803,46.593,175.0,141.0,196.0,180.0,1.0,HARD,12.0,True,,,6.0,6,False,False,Red Bull Racing
VER,3,13.0,114.861,40.5,28.662,45.699,211.0,135.0,196.0,184.0,1.0,HARD,13.0,True,,,6.0,67,False,False,Red Bull Racing
VER,3,14.0,86.13,31.326,18.104,36.7,252.0,302.0,295.0,266.0,1.0,HARD,14.0,True,,,6.0,71,False,False,Red Bull Racing
VER,3,15.0,84.098,29.618,17.939,36.541,247.0,301.0,300.0,299.0,1.0,HARD,15.0,True,,,6.0,1,True,True,Red Bull Racing
VER,3,16.0,84.606,29.522,18.04,37.044,267.0,301.0,296.0,305.0,1.0,HARD,16.0,True,,,6.0,1,False,True,Red Bull Racing
VER,3,17.0,84.757,29.737,17.967,37.053,251.0,305.0,303.0,298.0,1.0,HARD,17.0,True,,,6.0,1,False,True,Red Bull Racing
VER,3,18.0,108.547,30.11,17.724,60.713,249.0,318.0,,295.0,1.0,HARD,18.0,True,,5363.209,7.0,126,False,False,Red Bull Racing
VER,3,19.0,116.349,42.485,26.161,47.703,231.0,237.0,282.0,226.0,2.0,MEDIUM,1.0,True,5382.692,,7.0,671,False,False,Red Bull Racing
VER,3,20.0,83.566,29.779,17.769,36.018,252.0,309.0,303.0,269.0,2.0,MEDIUM,2.0,True,,,6.0,1,True,True,Red Bull Racing
VER,3,21.0,83.536,29.143,18.11,36.283,245.0,292.0,299.0,306.0,2.0,MEDIUM,3.0,True,,,6.0,1,True,True,Red Bull Racing
VER,3,22.0,83.458,29.148,17.987,36.323,250.0,296.0,296.0,299.0,2.0,MEDIUM,4.0,True,,,6.0,1,True,True,Red Bull Racing
VER,3,23.0,83.516,29.193,18.022,36.301,250.0,294.0,293.0,296.0,2.0,MEDIUM,5.0,True,,,6.0,1,False,True,Red Bull Racing
VER,3,24.0,83.472,29.331,17.986,36.155,250.0,295.0,295.0,294.0,2.0,MEDIUM,6.0,True,,,6.0,1,False,True,Red Bull Racing
VER,3,25.0,83.554,29.364,17.93,36.26,250.0,296.0,298.0,294.0,2.0,MEDIUM,7.0,True,,,6.0,1,False,True,Red Bull Racing
VER,3,26.0,83.363,29.297,17.886,36.18,250.0,298.0,299.0,299.0,2.0,MEDIUM,8.0,True,,,6.0,1,True,True,Red Bull Racing
VER,3,27.0,83.74,29.355,17.915,36.47,255.0,298.0,297.0,299.0,2.0,MEDIUM,9.0,True,,,6.0,1,False,True,Red Bull Racing
VER,3,28.0,83.463,29.351,17.958,36.154,252.0,296.0,297.0,295.0,2.0,MEDIUM,10.0,True,,,6.0,1,False,True,Red Bull Racing
VER,3,29.0,83.439,29.24,17.886,36.313,253.0,302.0,297.0,299.0,2.0,MEDIUM,11.0,True,,,6.0,1,False,True,Red Bull Racing
VER,3,30.0,83.39,29.256,17.871,36.263,252.0,299.0,300.0,296.0,2.0,MEDIUM,12.0,True,,,6.0,1,False,True,Red Bull Racing
VER,3,31.0,83.51,29.324,17.844,36.342,253.0,300.0,304.0,295.0,2.0,MEDIUM,13.0,True,,,6.0,1,False,True,Red Bull Racing
VER,3,32.0,83.587,29.193,17.877,36.517,254.0,300.0,292.0,303.0,2.0,MEDIUM,14.0,True,,,6.0,1,False,True,Red Bull Racing
VER,3,33.0,83.93,29.526,17.854,36.55,250.0,303.0,302.0,297.0,2.0,MEDIUM,15.0,True,,,6.0,1,False,True,Red Bull Racing
VER,3,34.0,98.216,39.424,22.416,36.376,217.0,291.0,314.0,303.0,2.0,MEDIUM,16.0,True,,,5.0,167,False,False,Red Bull Racing
VER,3,35.0,84.556,29.456,18.087,37.013,251.0,292.0,313.0,313.0,2.0,MEDIUM,17.0,True,,,5.0,1,False,True,Red Bull Racing
VER,3,36.0,83.967,29.51,18.177,36.28,252.0,291.0,311.0,311.0,2.0,MEDIUM,18.0,True,,,5.0,1,False,True,Red Bull Racing
VER,3,37.0,83.675,29.34,18.18,36.155,253.0,291.0,312.0,308.0,2.0,MEDIUM,19.0,True,,,5.0,1,False,True,Red Bull Racing
VER,3,38.0,83.912,29.242,18.212,36.458,252.0,292.0,307.0,308.0,2.0,MEDIUM,20.0,True,,,5.0,1,False,True,Red Bull Racing
VER,3,39.0,83.715,29.316,18.034,36.365,251.0,297.0,305.0,304.0,2.0,MEDIUM,21.0,True,,,5.0,1,False,True,Red Bull Racing
VER,3,40.0,84.595,29.579,17.878,37.138,254.0,304.0,295.0,295.0,2.0,MEDIUM,22.0,True,,,5.0,1,False,True,Red Bull Racing
VER,3,41.0,98.866,29.633,17.899,51.334,252.0,297.0,,291.0,2.0,MEDIUM,23.0,True,,7351.678,5.0,1,False,False,Red Bull Racing
VER,3,42.0,87.991,34.309,17.942,35.74,253.0,297.0,293.0,233.0,3.0,HARD,1.0,True,7369.983,,6.0,1,False,False,Red Bull Racing
VER,3,43.0,82.091,28.823,17.616,35.652,255.0,300.0,305.0,297.0,3.0,HARD,2.0,True,,,6.0,1,True,True,Red Bull Racing
VER,3,44.0,82.52,28.919,17.767,35.834,253.0,300.0,302.0,304.0,3.0,HARD,3.0,True,,,6.0,1,False,True,Red Bull Racing
VER,3,45.0,82.453,28.859,17.681,35.913,269.0,303.0,299.0,306.0,3.0,HARD,4.0,True,,,6.0,1,False,True,Red Bull Racing
VER,3,46.0,82.81,29.22,17.664,35.926,251.0,305.0,308.0,302.0,3.0,HARD,5.0,True,,,6.0,1,False,True,Red Bull Racing
VER,3,47.0,82.489,28.873,17.603,36.013,259.0,307.0,305.0,309.0,3.0,HARD,6.0,True,,,6.0,1,False,True,Red Bull Racing
VER,3,48.0,82.906,29.093,17.536,36.277,258.0,312.0,307.0,307.0,3.0,HARD,7.0,True,,,6.0,1,False,True,Red Bull Racing
VER,3,49.0,82.939,29.15,17.584,36.205,259.0,308.0,304.0,302.0,3.0,HARD,8.0,True,,,6.0,1,False,True,Red Bull Racing
VER,3,50.0,82.738,29.125,17.654,35.959,256.0,305.0,307.0,306.0,3.0,HARD,9.0,True,,,6.0,1,False,True,Red Bull Racing
VER,3,51.0,82.69,29.042,17.676,35.972,256.0,302.0,308.0,307.0,3.0,HARD,10.0,True,,,6.0,1,False,True,Red Bull Racing
VER,3,52.0,82.683,28.971,17.606,36.106,250.0,304.0,309.0,309.0,3.0,HARD,11.0,True,,,6.0,1,False,True,Red Bull Racing
VER,3,53.0,83.109,29.115,17.894,36.1,242.0,297.0,305.0,313.0,3.0,HARD,12.0,True,,,6.0,1,False,True,Red Bull Racing
VER,3,54.0,83.09,29.024,17.803,36.263,258.0,296.0,304.0,304.0,3.0,HARD,13.0,True,,,6.0,1,False,True,Red Bull Racing
VER,3,55.0,83.211,29.154,17.844,36.213,243.0,295.0,304.0,304.0,3.0,HARD,14.0,True,,,6.0,1,False,True,Red Bull Racing
VER,3,56.0,83.109,29.051,17.734,36.324,271.0,295.0,303.0,303.0,3.0,HARD,15.0,True,,,6.0,1,False,True,Red Bull Racing
VER,3,57.0,83.469,29.153,17.83,36.486,252.0,296.0,308.0,306.0,3.0,HARD,16.0,True,,,6.0,1,False,True,Red Bull Racing
VER,3,58.0,83.533,29.247,17.832,36.454,254.0,294.0,292.0,303.0,3.0,HARD,17.0,True,,,6.0,1,False,True,Red Bull Racing
LAW,30,1.0,102.188,,19.28,39.431,224.0,303.0,287.0,182.0,1.0,MEDIUM,1.0,True,,,18.0,1,False,False,Racing Bulls
LAW,30,2.0,88.537,31.545,18.1,38.892,250.0,299.0,286.0,259.0,1.0,MEDIUM,2.0,True,,,17.0,1,True,True,Racing Bulls
LAW,30,3.0,86.869,30.837,18.295,37.737,251.0,286.0,296.0,262.0,1.0,MEDIUM,3.0,True,,,17.0,1,True,True,Racing Bulls
LAW,30,4.0,86.661,30.649,17.998,38.014,246.0,301.0,295.0,279.0,1.0,MEDIUM,4.0,True,,,17.0,1,True,True,Racing Bulls
LAW,30,5.0,87.142,30.77,17.979,38.393,251.0,305.0,304.0,276.0,1.0,MEDIUM,5.0,True,,,17.0,1,False,True,Racing Bulls
LAW,30,6.0,87.96,31.183,18.191,38.586,239.0,306.0,291.0,280.0,1.0,MEDIUM,6.0,True,,,17.0,1,False,True,Racing Bulls
LAW,30,7.0,86.644,30.977,18.039,37.628,247.0,306.0,290.0,264.0,1.0,MEDIUM,7.0,True,,,16.0,1,True,True,Racing Bulls
LAW,30,8.0,85.888,30.435,18.082,37.371,247.0,300.0,292.0,277.0,1.0,MEDIUM,8.0,True,,,16.0,1,True,True,Racing Bulls
LAW,30,9.0,86.025,30.229,18.073,37.723,249.0,304.0,285.0,280.0,1.0,MEDIUM,9.0,True,,,15.0,1,False,True,Racing Bulls
LAW,30,10.0,85.751,30.485,18.132,37.134,248.0,298.0,297.0,276.0,1.0,MEDIUM,10.0,True,,,15.0,1,True,True,Racing Bulls
LAW,30,11.0,110.026,30.604,18.153,61.269,246.0,284.0,,296.0,1.0,MEDIUM,11.0,True,,4716.737,16.0,16,False,False,Racing Bulls
LAW,30,12.0,130.384,47.42,40.637,42.327,84.0,135.0,252.0,200.0,2.0,HARD,1.0,True,4736.054,,15.0,6,False,False,Racing Bulls
LAW,30,13.0,95.45,33.059,23.573,38.818,237.0,170.0,308.0,234.0,2.0,HARD,2.0,True,,,15.0,671,False,False,Racing Bulls
LAW,30,14.0,85.233,29.733,18.13,37.37,260.0,289.0,288.0,291.0,2.0,HARD,3.0,True,,,15.0,1,True,True,Racing Bulls
LAW,30,15.0,86.791,30.225,17.908,38.658,249.0,297.0,308.0,275.0,2.0,HARD,4.0,True,,,15.0,1,False,True,Racing Bulls
LAW,30,16.0,89.919,32.87,18.431,38.618,231.0,298.0,289.0,245.0,2.0,HARD,5.0,True,,,14.0,1,False,True,Racing Bulls
LAW,30,17.0,85.839,30.269,18.18,37.39,251.0,293.0,284.0,277.0,2.0,HARD,6.0,True,,,14.0,1,False,True,Racing Bulls
LAW,30,18.0,108.965,36.165,24.07,48.73,202.0,202.0,181.0,273.0,2.0,HARD,7.0,True,,,14.0,126,False,False,Racing Bulls
LAW,30,19.0,105.808,41.187,24.218,40.403,212.0,179.0,306.0,185.0,2.0,HARD,8.0,True,,,14.0,671,False,False,Racing Bulls
LAW,30,20.0,85.068,29.568,18.433,37.067,259.0,285.0,288.0,288.0,2.0,HARD,9.0,True,,,14.0,1,True,True,Racing Bulls
LAW,30,21.0,84.91,29.999,17.994,36.917,255.0,296.0,295.0,280.0,2.0,HARD,10.0,True,,,14.0,1,True,True,Racing Bulls
LAW,30,22.0,85.041,29.874,18.032,37.135,248.0,295.0,287.0,292.0,2.0,HARD,11.0,True,,,14.0,1,False,True,Racing Bulls
LAW,30,23.0,85.074,30.148,17.998,36.928,250.0,295.0,296.0,275.0,2.0,HARD,12.0,True,,,14.0,1,False,True,Racing Bulls
LAW,30,24.0,86.526,30.096,18.083,38.347,250.0,294.0,292.0,294.0,2.0,HARD,13.0,True,,,14.0,1,False,True,Racing Bulls
LAW,30,25.0,85.255,30.197,18.086,36.972,251.0,294.0,292.0,286.0,2.0,HARD,14.0,True,,,14.0,1,False,True,Racing Bulls
LAW,30,26.0,84.972,29.78,18.048,37.144,260.0,294.0,292.0,286.0,2.0,HARD,15.0,True,,,14.0,1,False,True,Racing Bulls
LAW,30,27.0,85.173,30.0,18.079,37.094,254.0,293.0,293.0,284.0,2.0,HARD,16.0,True,,,14.0,1,False,True,Racing Bulls
LAW,30,28.0,85.377,30.088,18.065,37.224,252.0,291.0,285.0,284.0,2.0,HARD,17.0,True,,,14.0,1,False,True,Racing Bulls
LAW,30,29.0,85.253,30.109,18.063,37.081,254.0,292.0,292.0,273.0,2.0,HARD,18.0,True,,,14.0,1,False,True,Racing Bulls
LAW,30,30.0,85.65,30.163,18.125,37.362,256.0,292.0,291.0,289.0,2.0,HARD,19.0,True,,,14.0,1,False,True,Racing Bulls
LAW,30,31.0,85.792,30.358,18.099,37.335,256.0,292.0,291.0,287.0,2.0,HARD,20.0,True,,,14.0,1,False,True,Racing Bulls
LAW,30,32.0,85.867,30.132,18.063,37.672,255.0,295.0,290.0,284.0,2.0,HARD,21.0,True,,,14.0,1,False,True,Racing Bulls
LAW,30,33.0,114.107,30.338,23.781,59.988,252.0,176.0,,275.0,2.0,HARD,22.0,True,,6730.404,13.0,167,False,False,Racing Bulls
LAW,30,34.0,90.927,35.612,18.018,37.297,259.0,293.0,278.0,207.0,3.0,SOFT,1.0,True,6748.51,,14.0,1,False,False,Racing Bulls
LAW,30,35.0,84.21,29.684,17.768,36.758,252.0,297.0,295.0,271.0,3.0,SOFT,2.0,True,,,14.0,1,True,True,Racing Bulls
LAW,30,36.0,86.728,31.791,17.8,37.137,254.0,302.0,307.0,282.0,3.0,SOFT,3.0,True,,,14.0,1,False,True,Racing Bulls
LAW,30,37.0,85.74,30.472,17.992,37.276,252.0,293.0,289.0,277.0,3.0,SOFT,4.0,True,,,13.0,1,False,True,Racing Bulls
LAW,30,38.0,84.423,29.858,17.952,36.613,252.0,296.0,291.0,275.0,3.0,SOFT,5.0,True,,,13.0,1,False,True,Racing Bulls
LAW,30,39.0,84.124,29.654,17.837,36.633,256.0,295.0,296.0,279.0,3.0,SOFT,6.0,True,,,13.0,1,True,True,Racing Bulls
LAW,30,40.0,84.077,29.497,17.953,36.627,256.0,290.0,293.0,293.0,3.0,SOFT,7.0,True,,,13.0,1,True,True,Racing Bulls
LAW,30,41.0,83.92,29.49,17.906,36.524,264.0,291.0,291.0,290.0,3.0,SOFT,8.0,True,,,13.0,1,True,True,Racing Bulls
LAW,30,42.0,84.048,29.555,17.97,36.523,253.0,289.0,296.0,276.0,3.0,SOFT,9.0,True,,,13.0,1,False,True,Racing Bulls
LAW,30,43.0,84.232,29.564,18.033,36.635,237.0,294.0,295.0,292.0,3.0,SOFT,10.0,True,,,13.0,1,False,True,Racing Bulls
LAW,30,44.0,84.071,29.647,17.945,36.479,238.0,295.0,298.0,287.0,3.0,SOFT,11.0,True,,,13.0,1,False,True,Racing Bulls
LAW,30,45.0,84.31,29.849,18.022,36.439,230.0,294.0,299.0,290.0,3.0,SOFT,12.0,True,,,13.0,1,False,True,Racing Bulls
LAW,30,46.0,84.023,29.625,17.849,36.549,242.0,298.0,296.0,297.0,3.0,SOFT,13.0,True,,,13.0,1,False,True,Racing Bulls
LAW,30,47.0,83.783,29.407,17.848,36.528,243.0,299.0,290.0,296.0,3.0,SOFT,14.0,True,,,13.0,1,True,True,Racing Bulls
LAW,30,48.0,84.222,29.646,17.894,36.682,236.0,299.0,295.0,280.0,3.0,SOFT,15.0,True,,,13.0,1,False,True,Racing Bulls
LAW,30,49.0,83.932,29.404,17.932,36.596,258.0,299.0,301.0,283.0,3.0,SOFT,16.0,True,,,13.0,1,False,True,Racing Bulls
LAW,30,50.0,83.912,29.434,17.783,36.695,255.0,302.0,300.0,294.0,3.0,SOFT,17.0,True,,,13.0,1,False,True,Racing Bulls
LAW,30,51.0,84.46,29.699,17.888,36.873,237.0,304.0,301.0,294.0,3.0,SOFT,18.0,True,,,13.0,1,False,True,Racing Bulls
LAW,30,52.0,84.665,29.812,17.679,37.174,242.0,309.0,301.0,294.0,3.0,SOFT,19.0,True,,,13.0,1,False,True,Racing Bulls
LAW,30,53.0,85.162,29.988,17.791,37.383,240.0,309.0,296.0,290.0,3.0,SOFT,20.0,True,,,13.0,1,False,True,Racing Bulls
LAW,30,54.0,84.525,29.874,17.754,36.897,256.0,306.0,305.0,282.0,3.0,SOFT,21.0,True,,,13.0,1,False,True,Racing Bulls
LAW,30,55.0,85.123,30.102,17.996,37.025,240.0,304.0,299.0,271.0,3.0,SOFT,22.0,True,,,13.0,1,False,True,Racing Bulls
LAW,30,56.0,86.895,31.114,18.065,37.716,232.0,303.0,258.0,284.0,3.0,SOFT,23.0,True,,,13.0,1,False,True,Racing Bulls
LAW,30,57.0,86.317,30.9,17.896,37.521,253.0,308.0,287.0,264.0,3.0,SOFT,24.0,True,,,13.0,1,False,True,Racing Bulls
OCO,31,1.0,97.5,,18.692,38.573,227.0,309.0,280.0,211.0,1.0,MEDIUM,1.0,True,,,8.0,1,False,False,Haas F1 Team
OCO,31,2.0,87.035,31.014,17.977,38.044,260.0,296.0,302.0,266.0,1.0,MEDIUM,2.0,True,,,8.0,1,True,True,Haas F1 Team
OCO,31,3.0,86.567,30.865,17.978,37.724,260.0,308.0,289.0,267.0,1.0,MEDIUM,3.0,True,,,8.0,1,True,True,Haas F1 Team
OCO,31,4.0,86.186,30.431,17.642,38.113,263.0,296.0,277.0,273.0,1.0,MEDIUM,4.0,True,,,8.0,1,True,True,Haas F1 Team
OCO,31,5.0,86.808,30.836,17.956,38.016,264.0,308.0,272.0,274.0,1.0,MEDIUM,5.0,True,,,8.0,1,False,True,Haas F1 Team
OCO,31,6.0,85.569,30.704,17.956,36.909,261.0,296.0,294.0,277.0,1.0,MEDIUM,6.0,True,,,8.0,1,True,True,Haas F1 Team
OCO,31,7.0,85.087,30.269,17.909,36.909,264.0,294.0,286.0,285.0,1.0,MEDIUM,7.0,True,,,8.0,1,True,True,Haas F1 Team
OCO,31,8.0,85.029,30.287,17.905,36.837,261.0,297.0,295.0,285.0,1.0,MEDIUM,8.0,True,,,8.0,1,True,True,Haas F1 Team
OCO,31,9.0,85.552,30.308,17.927,37.317,258.0,298.0,295.0,279.0,1.0,MEDIUM,9.0,True,,,8.0,1,False,True,Haas F1 Team
OCO,31,10.0,85.632,30.464,17.902,37.266,263.0,297.0,296.0,288.0,1.0,MEDIUM,10.0,True,,,8.0,1,False,True,Haas F1 Team
OCO,31,11.0,105.949,30.36,18.101,57.488,262.0,294.0,,290.0,1.0,MEDIUM,11.0,True,,4700.493,11.0,16,False,False,Haas F1 Team
OCO,31,12.0,116.405,42.111,28.731,45.563,201.0,139.0,199.0,215.0,2.0,HARD,1.0,True,4719.302,,10.0,6,False,False,Haas F1 Team
OCO,31,13.0,112.218,41.465,28.714,42.039,166.0,132.0,294.0,203.0,2.0,HARD,2.0,True,,,10.0,671,False,False,Haas F1 Team
OCO,31,14.0,85.303,30.4,17.985,36.918,263.0,293.0,297.0,282.0,2.0,HARD,3.0,True,,,10.0,1,False,True,Haas F1 Team
OCO,31,15.0,85.36,30.329,17.972,37.059,263.0,292.0,296.0,282.0,2.0,HARD,4.0,True,,,10.0,1,False,True,Haas F1 Team
OCO,31,16.0,85.43,30.332,17.995,37.103,261.0,291.0,295.0,282.0,2.0,HARD,5.0,True,,,10.0,1,False,True,Haas F1 Team
OCO,31,17.0,85.716,30.159,17.982,37.575,258.0,291.0,273.0,290.0,2.0,HARD,6.0,True,,,10.0,1,False,True,Haas F1 Team
OCO,31,18.0,101.381,30.733,25.042,45.606,259.0,193.0,224.0,294.0,2.0,HARD,7.0,True,,,10.0,126,False,False,Haas F1 Team
OCO,31,19.0,112.711,40.623,25.848,46.24,199.0,207.0,303.0,214.0,2.0,HARD,8.0,True,,,9.0,671,False,False,Haas F1 Team
OCO,31,20.0,86.713,31.066,17.873,37.774,256.0,308.0,281.0,268.0,2.0,HARD,9.0,True,,,10.0,1,False,True,Haas F1 Team
OCO,31,21.0,86.571,31.496,17.886,37.189,262.0,308.0,300.0,288.0,2.0,HARD,10.0,True,,,11.0,1,False,True,Haas F1 Team
OCO,31,22.0,84.821,29.967,17.651,37.203,265.0,307.0,298.0,289.0,2.0,HARD,11.0,True,,,11.0,1,True,True,Haas F1 Team
OCO,31,23.0,84.65,29.889,17.634,37.127,267.0,305.0,298.0,286.0,2.0,HARD,12.0,True,,,11.0,1,True,True,Haas F1 Team
OCO,31,24.0,85.255,30.114,18.787,36.354,265.0,285.0,308.0,291.0,2.0,HARD,13.0,True,,,11.0,1,False,True,Haas F1 Team
OCO,31,25.0,84.424,29.924,17.752,36.748,264.0,301.0,301.0,304.0,2.0,HARD,14.0,True,,,11.0,1,True,True,Haas F1 Team
OCO,31,26.0,84.696,30.001,17.783,36.912,265.0,303.0,299.0,293.0,2.0,HARD,15.0,True,,,11.0,1,False,True,Haas F1 Team
OCO,31,27.0,84.801,29.828,17.799,37.174,265.0,300.0,299.0,296.0,2.0,HARD,16.0,True,,,11.0,1,False,True,Haas F1 Team
OCO,31,28.0,84.737,29.828,17.835,37.074,267.0,297.0,293.0,297.0,2.0,HARD,17.0,True,,,11.0,1,False,True,Haas F1 Team
OCO,31,29.0,84.769,29.932,17.765,37.072,266.0,301.0,298.0,289.0,2.0,HARD,18.0,True,,,11.0,1,False,True,Haas F1 Team
OCO,31,30.0,84.966,30.182,17.741,37.043,263.0,304.0,300.0,285.0,2.0,HARD,19.0,True,,,11.0,1,False,True,Haas F1 Team
OCO,31,31.0,85.307,30.066,17.593,37.648,264.0,305.0,278.0,287.0,2.0,HARD,20.0,True,,,11.0,1,False,True,Haas F1 Team
OCO,31,32.0,85.045,30.295,17.641,37.109,262.0,308.0,301.0,266.0,2.0,HARD,21.0,True,,,11.0,1,False,True,Haas F1 Team
OCO,31,33.0,93.284,30.238,17.83,45.216,269.0,296.0,228.0,291.0,2.0,HARD,22.0,True,,,10.0,16,False,False,Haas F1 Team
OCO,31,34.0,90.235,35.21,17.78,37.245,266.0,299.0,300.0,228.0,2.0,HARD,23.0,True,,,10.0,671,False,False,Haas F1 Team
OCO,31,35.0,85.199,30.107,17.711,37.381,267.0,294.0,299.0,286.0,2.0,HARD,24.0,True,,,10.0,1,False,True,Haas F1 Team
OCO,31,36.0,85.018,30.015,17.675,37.328,266.0,304.0,301.0,293.0,2.0,HARD,25.0,True,,,10.0,1,False,True,Haas F1 Team
OCO,31,37.0,85.462,30.176,17.482,37.804,265.0,315.0,276.0,290.0,2.0,HARD,26.0,True,,,9.0,1,False,True,Haas F1 Team
OCO,31,38.0,86.972,30.327,18.318,38.327,235.0,292.0,304.0,296.0,2.0,HARD,27.0,True,,,10.0,1,False,True,Haas F1 Team
OCO,31,39.0,85.913,30.944,18.047,36.922,258.0,296.0,313.0,265.0,2.0,HARD,28.0,True,,,11.0,1,False,True,Haas F1 Team
OCO,31,40.0,85.433,30.255,17.793,37.385,251.0,307.0,303.0,293.0,2.0,HARD,29.0,True,,,11.0,1,False,True,Haas F1 Team
OCO,31,41.0,85.164,30.281,17.633,37.25,263.0,308.0,322.0,294.0,2.0,HARD,30.0,True,,,11.0,1,False,True,Haas F1 Team
OCO,31,42.0,85.249,30.317,17.775,37.157,251.0,305.0,297.0,288.0,2.0,HARD,31.0,True,,,11.0,1,False,True,Haas F1 Team
OCO,31,43.0,85.106,30.046,17.62,37.44,267.0,312.0,278.0,290.0,2.0,HARD,32.0,True,,,11.0,1,False,True,Haas F1 Team
OCO,31,44.0,86.597,30.143,17.654,38.8,267.0,308.0,302.0,273.0,2.0,HARD,33.0,True,,,11.0,1,False,True,Haas F1 Team
OCO,31,45.0,85.228,30.093,17.752,37.383,264.0,303.0,302.0,286.0,2.0,HARD,34.0,True,,,11.0,1,False,True,Haas F1 Team
OCO,31,46.0,86.221,30.232,17.388,38.601,267.0,325.0,241.0,284.0,2.0,HARD,35.0,True,,,11.0,1,False,True,Haas F1 Team
OCO,31,47.0,86.334,31.078,17.881,37.375,264.0,296.0,300.0,280.0,2.0,HARD,36.0,True,,,11.0,1,False,True,Haas F1 Team
OCO,31,48.0,85.019,29.989,17.756,37.274,268.0,301.0,302.0,294.0,2.0,HARD,37.0,True,,,11.0,1,False,True,Haas F1 Team
OCO,31,49.0,85.115,29.863,17.963,37.289,276.0,297.0,294.0,295.0,2.0,HARD,38.0,True,,,11.0,1,False,True,Haas F1 Team
OCO,31,50.0,86.815,30.11,19.111,37.594,277.0,213.0,296.0,287.0,2.0,HARD,39.0,True,,,11.0,1,False,True,Haas F1 Team
OCO,31,51.0,86.297,31.435,17.814,37.048,266.0,299.0,302.0,293.0,2.0,HARD,40.0,True,,,11.0,1,False,True,Haas F1 Team
OCO,31,52.0,84.584,29.943,17.711,36.93,271.0,301.0,304.0,295.0,2.0,HARD,41.0,True,,,11.0,1,False,True,Haas F1 Team
OCO,31,53.0,84.622,29.831,17.621,37.17,269.0,311.0,302.0,298.0,2.0,HARD,42.0,True,,,11.0,1,False,True,Haas F1 Team
OCO,31,54.0,84.908,29.963,17.561,37.384,266.0,307.0,279.0,298.0,2.0,HARD,43.0,True,,,11.0,1,False,True,Haas F1 Team
OCO,31,55.0,84.577,30.097,17.655,36.825,265.0,302.0,304.0,271.0,2.0,HARD,44.0,True,,,11.0,1,False,True,Haas F1 Team
OCO,31,56.0,84.533,29.888,17.767,36.878,271.0,297.0,300.0,301.0,2.0,HARD,45.0,True,,,11.0,1,False,True,Haas F1 Team
OCO,31,57.0,84.573,29.92,17.754,36.899,270.0,298.0,302.0,295.0,2.0,HARD,46.0,True,,,11.0,1,False,True,Haas F1 Team
LIN,41,1.0,96.081,,18.025,39.211,253.0,310.0,279.0,235.0,1.0,MEDIUM,1.0,True,,,5.0,1,False,False,Racing Bulls
LIN,41,2.0,87.218,30.8,18.041,38.377,254.0,298.0,300.0,260.0,1.0,MEDIUM,2.0,True,,,5.0,1,True,True,Racing Bulls
LIN,41,3.0,85.497,30.171,17.966,37.36,255.0,304.0,301.0,289.0,1.0,MEDIUM,3.0,True,,,5.0,1,True,True,Racing Bulls
LIN,41,4.0,86.072,30.126,17.94,38.006,252.0,302.0,293.0,293.0,1.0,MEDIUM,4.0,True,,,5.0,1,False,True,Racing Bulls
LIN,41,5.0,86.235,30.966,17.919,37.35,256.0,308.0,296.0,264.0,1.0,MEDIUM,5.0,True,,,6.0,1,False,True,Racing Bulls
LIN,41,6.0,85.392,30.162,17.916,37.314,253.0,304.0,295.0,289.0,1.0,MEDIUM,6.0,True,,,6.0,1,True,True,Racing Bulls
LIN,41,7.0,85.194,30.025,17.897,37.272,253.0,304.0,295.0,288.0,1.0,MEDIUM,7.0,True,,,6.0,1,True,True,Racing Bulls
LIN,41,8.0,85.26,30.164,17.919,37.177,251.0,304.0,294.0,286.0,1.0,MEDIUM,8.0,True,,,6.0,1,False,True,Racing Bulls
LIN,41,9.0,85.337,30.236,17.915,37.186,252.0,305.0,295.0,287.0,1.0,MEDIUM,9.0,True,,,6.0,1,False,True,Racing Bulls
LIN,41,10.0,85.565,30.168,17.947,37.45,251.0,303.0,293.0,287.0,1.0,MEDIUM,10.0,True,,,6.0,1,False,True,Racing Bulls
LIN,41,11.0,92.238,30.141,17.967,44.13,250.0,299.0,240.0,286.0,1.0,MEDIUM,11.0,True,,,5.0,16,False,False,Racing Bulls
LIN,41,12.0,112.0,37.694,26.533,47.773,199.0,140.0,216.0,221.0,1.0,MEDIUM,12.0,True,,,4.0,6,False,False,Racing Bulls
LIN,41,13.0,114.878,40.567,27.761,46.55,199.0,133.0,183.0,181.0,1.0,MEDIUM,13.0,True,,,4.0,67,False,False,Racing Bulls
LIN,41,14.0,88.161,33.006,17.955,37.2,251.0,302.0,294.0,194.0,1.0,MEDIUM,14.0,True,,,4.0,71,False,False,Racing Bulls
LIN,41,15.0,84.877,29.995,17.892,36.99,253.0,301.0,297.0,280.0,1.0,MEDIUM,15.0,True,,,4.0,1,True,True,Racing Bulls
LIN,41,16.0,85.898,30.82,17.896,37.182,256.0,307.0,298.0,259.0,1.0,MEDIUM,16.0,True,,,5.0,1,False,True,Racing Bulls
LIN,41,17.0,85.096,29.829,17.94,37.327,247.0,303.0,291.0,290.0,1.0,MEDIUM,17.0,True,,,5.0,1,False,True,Racing Bulls
LIN,41,18.0,108.224,30.225,17.956,60.043,252.0,301.0,,284.0,1.0,MEDIUM,18.0,True,,5362.947,6.0,126,False,False,Racing Bulls
LIN,41,19.0,117.225,42.462,25.719,49.044,198.0,220.0,277.0,213.0,2.0,HARD,1.0,True,5381.498,,6.0,671,False,False,Racing Bulls
LIN,41,20.0,85.424,29.507,18.19,37.727,260.0,278.0,294.0,293.0,2.0,HARD,2.0,True,,,7.0,1,False,True,Racing Bulls
LIN,41,21.0,84.182,29.574,17.755,36.853,259.0,308.0,297.0,289.0,2.0,HARD,3.0,True,,,7.0,1,True,True,Racing Bulls
LIN,41,22.0,84.29,29.605,17.753,36.932,258.0,306.0,299.0,291.0,2.0,HARD,4.0,True,,,7.0,1,False,True,Racing Bulls
LIN,41,23.0,84.909,29.687,17.824,37.398,251.0,305.0,294.0,291.0,2.0,HARD,5.0,True,,,7.0,1,False,True,Racing Bulls
LIN,41,24.0,84.554,29.834,17.868,36.852,252.0,303.0,296.0,289.0,2.0,HARD,6.0,True,,,7.0,1,False,True,Racing Bulls
LIN,41,25.0,84.263,29.548,17.841,36.874,252.0,303.0,296.0,291.0,2.0,HARD,7.0,True,,,7.0,1,False,True,Racing Bulls
LIN,41,26.0,84.205,29.551,17.874,36.78,255.0,303.0,297.0,292.0,2.0,HARD,8.0,True,,,7.0,1,False,True,Racing Bulls
LIN,41,27.0,84.361,29.508,17.881,36.972,254.0,302.0,291.0,294.0,2.0,HARD,9.0,True,,,7.0,1,False,True,Racing Bulls
LIN,41,28.0,84.475,29.902,17.869,36.704,252.0,302.0,295.0,285.0,2.0,HARD,10.0,True,,,7.0,1,False,True,Racing Bulls
LIN,41,29.0,84.916,29.977,18.019,36.92,252.0,302.0,293.0,289.0,2.0,HARD,11.0,True,,,7.0,1,False,True,Racing Bulls
LIN,41,30.0,84.282,29.767,17.837,36.678,252.0,303.0,297.0,286.0,2.0,HARD,12.0,True,,,7.0,1,False,True,Racing Bulls
LIN,41,31.0,84.876,29.785,18.09,37.001,251.0,300.0,297.0,292.0,2.0,HARD,13.0,True,,,7.0,1,False,True,Racing Bulls
LIN,41,32.0,84.671,29.694,17.78,37.197,253.0,307.0,293.0,293.0,2.0,HARD,14.0,True,,,7.0,1,False,True,Racing Bulls
LIN,41,33.0,89.426,29.771,17.976,41.679,251.0,300.0,212.0,288.0,2.0,HARD,15.0,True,,,7.0,16,False,False,Racing Bulls
LIN,41,34.0,93.812,38.151,18.652,37.009,191.0,293.0,307.0,229.0,2.0,HARD,16.0,True,,,7.0,671,False,False,Racing Bulls
LIN,41,35.0,84.536,29.663,17.919,36.954,252.0,300.0,295.0,301.0,2.0,HARD,17.0,True,,,6.0,1,False,True,Racing Bulls
LIN,41,36.0,84.698,29.762,17.928,37.008,252.0,300.0,294.0,287.0,2.0,HARD,18.0,True,,,6.0,1,False,True,Racing Bulls
LIN,41,37.0,84.523,29.871,17.873,36.779,251.0,301.0,296.0,287.0,2.0,HARD,19.0,True,,,6.0,1,False,True,Racing Bulls
LIN,41,38.0,84.797,29.796,17.906,37.095,252.0,300.0,293.0,288.0,2.0,HARD,20.0,True,,,6.0,1,False,True,Racing Bulls
LIN,41,39.0,85.955,30.718,17.813,37.424,253.0,309.0,298.0,259.0,2.0,HARD,21.0,True,,,7.0,1,False,True,Racing Bulls
LIN,41,40.0,88.242,31.551,18.051,38.64,252.0,310.0,297.0,275.0,2.0,HARD,22.0,True,,,8.0,1,False,True,Racing Bulls
LIN,41,41.0,85.406,30.136,17.882,37.388,259.0,307.0,298.0,293.0,2.0,HARD,23.0,True,,,8.0,1,False,True,Racing Bulls
LIN,41,42.0,85.409,30.221,17.763,37.425,252.0,310.0,297.0,288.0,2.0,HARD,24.0,True,,,8.0,1,False,True,Racing Bulls
LIN,41,43.0,84.862,29.977,17.828,37.057,252.0,306.0,296.0,292.0,2.0,HARD,25.0,True,,,8.0,1,False,True,Racing Bulls
LIN,41,44.0,84.747,29.887,17.758,37.102,253.0,306.0,298.0,290.0,2.0,HARD,26.0,True,,,8.0,1,False,True,Racing Bulls
LIN,41,45.0,84.645,29.827,17.836,36.982,252.0,304.0,295.0,295.0,2.0,HARD,27.0,True,,,8.0,1,False,True,Racing Bulls
LIN,41,46.0,84.688,29.891,17.824,36.973,252.0,305.0,295.0,292.0,2.0,HARD,28.0,True,,,8.0,1,False,True,Racing Bulls
LIN,41,47.0,84.773,29.868,17.879,37.026,262.0,302.0,297.0,291.0,2.0,HARD,29.0,True,,,8.0,1,False,True,Racing Bulls
LIN,41,48.0,84.863,29.958,17.827,37.078,252.0,304.0,297.0,291.0,2.0,HARD,30.0,True,,,8.0,1,False,True,Racing Bulls
LIN,41,49.0,84.774,29.859,17.878,37.037,253.0,303.0,296.0,291.0,2.0,HARD,31.0,True,,,8.0,1,False,True,Racing Bulls
LIN,41,50.0,84.715,29.829,17.897,36.989,253.0,303.0,298.0,290.0,2.0,HARD,32.0,True,,,8.0,1,False,True,Racing Bulls
LIN,41,51.0,84.374,29.802,17.819,36.753,253.0,304.0,299.0,293.0,2.0,HARD,33.0,True,,,8.0,1,False,True,Racing Bulls
LIN,41,52.0,85.21,29.876,17.834,37.5,253.0,305.0,297.0,296.0,2.0,HARD,34.0,True,,,8.0,1,False,True,Racing Bulls
LIN,41,53.0,86.148,29.84,18.429,37.879,253.0,236.0,298.0,292.0,2.0,HARD,35.0,True,,,8.0,1,False,True,Racing Bulls
LIN,41,54.0,88.167,31.949,18.437,37.781,219.0,315.0,306.0,272.0,2.0,HARD,36.0,True,,,8.0,1,False,True,Racing Bulls
LIN,41,55.0,84.614,30.016,17.645,36.953,251.0,312.0,305.0,290.0,2.0,HARD,37.0,True,,,8.0,1,False,True,Racing Bulls
LIN,41,56.0,84.688,29.961,17.776,36.951,254.0,306.0,300.0,299.0,2.0,HARD,38.0,True,,,8.0,1,False,True,Racing Bulls
LIN,41,57.0,84.689,29.872,17.727,37.09,254.0,305.0,301.0,296.0,2.0,HARD,39.0,True,,,8.0,1,False,True,Racing Bulls
COL,43,1.0,101.613,,19.039,40.226,227.0,302.0,294.0,209.0,1.0,HARD,1.0,True,,,17.0,1,False,False,Alpine
COL,43,2.0,88.166,31.674,18.157,38.335,260.0,284.0,285.0,257.0,1.0,HARD,2.0,True,,,16.0,1,True,True,Alpine
COL,43,3.0,86.935,30.607,18.32,38.008,258.0,284.0,302.0,267.0,1.0,HARD,3.0,True,,,16.0,1,True,True,Alpine
COL,43,4.0,86.812,30.715,17.902,38.195,259.0,299.0,307.0,286.0,1.0,HARD,4.0,True,,,16.0,1,True,True,Alpine
COL,43,5.0,87.512,30.698,17.936,38.878,264.0,302.0,316.0,265.0,1.0,HARD,5.0,True,,,16.0,1,False,True,Alpine
COL,43,6.0,87.513,30.986,17.993,38.534,258.0,309.0,288.0,265.0,1.0,HARD,6.0,True,,,15.0,1,False,True,Alpine
COL,43,7.0,86.068,30.496,18.028,37.544,257.0,301.0,299.0,277.0,1.0,HARD,7.0,True,,,15.0,1,True,True,Alpine
COL,43,8.0,85.818,30.39,18.004,37.424,254.0,305.0,297.0,279.0,1.0,HARD,8.0,True,,,15.0,1,True,True,Alpine
COL,43,9.0,109.931,30.4,18.017,61.514,259.0,307.0,,293.0,1.0,HARD,9.0,True,,4534.795,20.0,1,False,False,Alpine
COL,43,10.0,92.762,36.557,18.377,37.828,253.0,296.0,290.0,217.0,2.0,HARD,10.0,False,4562.847,,20.0,1,False,False,Alpine
COL,43,11.0,105.807,30.568,27.783,47.456,250.0,138.0,205.0,283.0,2.0,HARD,11.0,False,,,18.0,16,False,False,Alpine
COL,43,12.0,123.67,41.094,27.882,54.694,199.0,122.0,280.0,187.0,2.0,HARD,12.0,False,,,17.0,6,False,False,Alpine
COL,43,13.0,93.872,32.451,23.161,38.26,242.0,280.0,288.0,270.0,2.0,HARD,13.0,False,,,16.0,671,False,False,Alpine
COL,43,14.0,86.663,30.41,18.256,37.997,258.0,298.0,291.0,287.0,2.0,HARD,14.0,False,,,16.0,1,False,True,Alpine
COL,43,15.0,85.6,30.086,18.096,37.418,258.0,297.0,289.0,288.0,2.0,HARD,15.0,False,,,16.0,1,True,True,Alpine
COL,43,16.0,85.911,30.157,18.27,37.484,257.0,297.0,290.0,290.0,2.0,HARD,16.0,False,,,16.0,1,False,True,Alpine
COL,43,17.0,85.708,30.221,18.119,37.368,258.0,300.0,291.0,292.0,2.0,HARD,17.0,False,,,16.0,12,False,True,Alpine
COL,43,18.0,112.961,39.656,23.049,50.256,239.0,227.0,214.0,291.0,2.0,HARD,18.0,False,,,15.0,26,False,False,Alpine
COL,43,19.0,101.676,39.674,24.199,37.803,240.0,287.0,297.0,202.0,2.0,HARD,19.0,False,,,15.0,671,False,False,Alpine
COL,43,20.0,85.331,29.839,18.136,37.356,261.0,297.0,286.0,288.0,2.0,HARD,20.0,False,,,15.0,1,True,True,Alpine
COL,43,21.0,84.932,29.764,18.096,37.072,263.0,298.0,292.0,293.0,2.0,HARD,21.0,False,,,15.0,1,True,True,Alpine
COL,43,22.0,85.011,29.789,17.999,37.223,265.0,298.0,292.0,293.0,2.0,HARD,22.0,False,,,15.0,1,False,True,Alpine
COL,43,23.0,85.136,29.869,18.049,37.218,261.0,299.0,294.0,293.0,2.0,HARD,23.0,False,,,15.0,1,False,True,Alpine
COL,43,24.0,85.449,30.097,18.128,37.224,257.0,299.0,295.0,290.0,2.0,HARD,24.0,False,,,15.0,1,False,True,Alpine
COL,43,25.0,85.225,29.946,18.102,37.177,258.0,300.0,293.0,296.0,2.0,HARD,25.0,False,,,15.0,1,False,True,Alpine
COL,43,26.0,85.174,29.93,18.081,37.163,262.0,300.0,292.0,295.0,2.0,HARD,26.0,False,,,15.0,1,False,True,Alpine
COL,43,27.0,85.626,30.037,18.139,37.45,259.0,300.0,295.0,294.0,2.0,HARD,27.0,False,,,15.0,1,False,True,Alpine
COL,43,28.0,86.172,30.003,18.067,38.102,259.0,301.0,235.0,295.0,2.0,HARD,28.0,False,,,15.0,1,False,True,Alpine
COL,43,29.0,86.483,30.995,18.014,37.474,260.0,308.0,288.0,260.0,2.0,HARD,29.0,False,,,15.0,1,False,True,Alpine
COL,43,30.0,85.566,30.111,18.034,37.421,260.0,303.0,287.0,291.0,2.0,HARD,30.0,False,,,15.0,1,False,True,Alpine
COL,43,31.0,87.26,31.496,17.976,37.788,262.0,309.0,296.0,287.0,2.0,HARD,31.0,False,,,15.0,1,False,True,Alpine
COL,43,32.0,85.707,30.159,18.001,37.547,259.0,304.0,298.0,298.0,2.0,HARD,32.0,False,,,15.0,1,False,True,Alpine
COL,43,33.0,100.541,32.599,27.744,40.198,125.0,216.0,281.0,290.0,2.0,HARD,33.0,False,,,15.0,167,False,False,Alpine
COL,43,34.0,86.067,30.806,18.018,37.243,259.0,306.0,298.0,250.0,2.0,HARD,34.0,False,,,13.0,1,False,True,Alpine
COL,43,35.0,85.633,30.24,17.955,37.438,261.0,304.0,295.0,300.0,2.0,HARD,35.0,False,,,13.0,1,False,True,Alpine
COL,43,36.0,87.434,30.218,18.176,39.04,259.0,263.0,313.0,291.0,2.0,HARD,36.0,False,,,13.0,1,False,True,Alpine
COL,43,37.0,87.047,30.234,18.605,38.208,256.0,284.0,313.0,285.0,2.0,HARD,37.0,False,,,14.0,1,False,True,Alpine
COL,43,38.0,87.012,30.376,18.535,38.101,221.0,300.0,292.0,291.0,2.0,HARD,38.0,False,,,14.0,1,False,True,Alpine
COL,43,39.0,86.964,30.268,18.179,38.517,252.0,307.0,275.0,288.0,2.0,HARD,39.0,False,,,14.0,1,False,True,Alpine
COL,43,40.0,86.665,30.853,17.99,37.822,241.0,296.0,302.0,262.0,2.0,HARD,40.0,False,,,14.0,1,False,True,Alpine
COL,43,41.0,86.469,30.443,18.308,37.718,241.0,309.0,290.0,287.0,2.0,HARD,41.0,False,,,14.0,1,False,True,Alpine
COL,43,42.0,85.275,30.041,18.114,37.12,261.0,297.0,292.0,288.0,2.0,HARD,42.0,False,,,14.0,1,False,True,Alpine
COL,43,43.0,85.381,30.093,18.083,37.205,252.0,296.0,295.0,290.0,2.0,HARD,43.0,False,,,14.0,1,False,True,Alpine
COL,43,44.0,85.24,30.052,18.011,37.177,261.0,296.0,294.0,292.0,2.0,HARD,44.0,False,,,14.0,1,False,True,Alpine
COL,43,45.0,84.939,29.961,17.996,36.982,263.0,302.0,297.0,288.0,2.0,HARD,45.0,False,,,14.0,1,False,True,Alpine
COL,43,46.0,102.911,30.115,19.536,53.26,259.0,306.0,,291.0,2.0,HARD,46.0,False,,7869.223,14.0,1,False,False,Alpine
COL,43,47.0,90.309,35.971,17.845,36.493,258.0,311.0,304.0,226.0,3.0,SOFT,1.0,True,7888.007,,14.0,1,False,False,Alpine
COL,43,48.0,82.926,29.194,17.38,36.352,269.0,318.0,292.0,297.0,3.0,SOFT,2.0,True,,,14.0,1,True,True,Alpine
COL,43,49.0,83.259,29.042,17.815,36.402,273.0,305.0,292.0,298.0,3.0,SOFT,3.0,True,,,14.0,1,False,True,Alpine
COL,43,50.0,83.721,29.463,17.65,36.608,269.0,310.0,304.0,296.0,3.0,SOFT,4.0,True,,,14.0,1,False,True,Alpine
COL,43,51.0,85.633,29.397,17.611,38.625,262.0,307.0,273.0,299.0,3.0,SOFT,5.0,True,,,14.0,1,False,True,Alpine
COL,43,52.0,85.151,30.396,17.677,37.078,262.0,311.0,321.0,272.0,3.0,SOFT,6.0,True,,,14.0,1,False,True,Alpine
COL,43,53.0,87.12,30.919,19.007,37.194,254.0,293.0,297.0,306.0,3.0,SOFT,7.0,True,,,14.0,1,False,True,Alpine
COL,43,54.0,83.988,29.24,17.92,36.828,269.0,303.0,287.0,300.0,3.0,SOFT,8.0,True,,,14.0,1,False,True,Alpine
COL,43,55.0,83.912,29.52,17.75,36.642,267.0,302.0,292.0,296.0,3.0,SOFT,9.0,True,,,14.0,1,False,True,Alpine
COL,43,56.0,83.621,29.465,17.601,36.555,261.0,311.0,319.0,297.0,3.0,SOFT,10.0,True,,,14.0,1,False,True,Alpine
HAM,44,1.0,95.261,,18.385,37.713,245.0,306.0,290.0,240.0,1.0,MEDIUM,1.0,True,,,3.0,1,False,False,Ferrari
HAM,44,2.0,84.626,29.988,18.115,36.523,248.0,295.0,291.0,282.0,1.0,MEDIUM,2.0,True,,,3.0,1,True,True,Ferrari
HAM,44,3.0,84.874,30.233,18.076,36.565,247.0,299.0,303.0,271.0,1.0,MEDIUM,3.0,True,,,3.0,1,False,True,Ferrari
HAM,44,4.0,85.066,30.332,18.021,36.713,243.0,298.0,301.0,286.0,1.0,MEDIUM,4.0,True,,,3.0,1,False,True,Ferrari
HAM,44,5.0,84.502,29.967,18.029,36.506,253.0,296.0,299.0,285.0,1.0,MEDIUM,5.0,True,,,3.0,1,True,True,Ferrari
HAM,44,6.0,84.703,29.97,18.016,36.717,251.0,295.0,295.0,290.0,1.0,MEDIUM,6.0,True,,,3.0,1,False,True,Ferrari
HAM,44,7.0,84.365,29.888,18.034,36.443,255.0,296.0,298.0,291.0,1.0,MEDIUM,7.0,True,,,3.0,1,True,True,Ferrari
HAM,44,8.0,84.408,29.787,18.093,36.528,249.0,292.0,300.0,304.0,1.0,MEDIUM,8.0,True,,,3.0,1,False,True,Ferrari
HAM,44,9.0,85.844,30.984,18.266,36.594,228.0,299.0,299.0,302.0,1.0,MEDIUM,9.0,True,,,3.0,1,False,True,Ferrari
HAM,44,10.0,84.255,29.827,17.875,36.553,249.0,305.0,296.0,298.0,1.0,MEDIUM,10.0,True,,,3.0,1,True,True,Ferrari
HAM,44,11.0,84.073,29.686,17.816,36.571,248.0,302.0,297.0,292.0,1.0,MEDIUM,11.0,True,,,3.0,1,True,True,Ferrari
HAM,44,12.0,114.958,40.845,28.326,45.787,219.0,138.0,156.0,219.0,1.0,MEDIUM,12.0,True,,,2.0,16,False,False,Ferrari
HAM,44,13.0,116.315,41.178,27.777,47.36,196.0,144.0,149.0,216.0,1.0,MEDIUM,13.0,True,,,2.0,6,False,False,Ferrari
HAM,44,14.0,88.327,33.824,17.902,36.601,254.0,293.0,292.0,232.0,1.0,MEDIUM,14.0,True,,,2.0,671,False,False,Ferrari
HAM,44,15.0,83.703,29.547,17.763,36.393,258.0,294.0,296.0,289.0,1.0,MEDIUM,15.0,True,,,2.0,1,True,True,Ferrari
HAM,44,16.0,83.412,29.291,17.817,36.304,259.0,295.0,297.0,296.0,1.0,MEDIUM,16.0,True,,,2.0,1,True,True,Ferrari
HAM,44,17.0,84.045,29.729,17.883,36.433,256.0,296.0,297.0,299.0,1.0,MEDIUM,17.0,True,,,2.0,1,False,True,Ferrari
HAM,44,18.0,91.597,29.625,17.793,44.179,255.0,298.0,143.0,296.0,1.0,MEDIUM,18.0,True,,,2.0,126,False,False,Ferrari
HAM,44,19.0,113.1,37.081,24.573,51.446,221.0,170.0,228.0,223.0,1.0,MEDIUM,19.0,True,,,2.0,6,False,False,Ferrari
HAM,44,20.0,91.637,37.133,18.014,36.49,235.0,297.0,299.0,247.0,1.0,MEDIUM,20.0,True,,,2.0,671,False,False,Ferrari
HAM,44,21.0,83.617,29.381,17.818,36.418,256.0,297.0,298.0,296.0,1.0,MEDIUM,21.0,True,,,2.0,1,False,True,Ferrari
HAM,44,22.0,83.509,29.258,17.832,36.419,259.0,298.0,299.0,296.0,1.0,MEDIUM,22.0,True,,,2.0,1,False,True,Ferrari
HAM,44,23.0,83.382,29.306,17.766,36.31,260.0,298.0,300.0,304.0,1.0,MEDIUM,23.0,True,,,2.0,1,True,True,Ferrari
HAM,44,24.0,84.329,29.999,17.913,36.417,255.0,295.0,299.0,305.0,1.0,MEDIUM,24.0,True,,,2.0,1,False,True,Ferrari
HAM,44,25.0,83.66,29.419,17.845,36.396,257.0,296.0,298.0,303.0,1.0,MEDIUM,25.0,True,,,1.0,1,False,True,Ferrari
HAM,44,26.0,84.085,29.611,17.867,36.607,255.0,294.0,298.0,300.0,1.0,MEDIUM,26.0,True,,,1.0,1,False,True,Ferrari
HAM,44,27.0,83.76,29.455,17.86,36.445,258.0,294.0,298.0,300.0,1.0,MEDIUM,27.0,True,,,1.0,1,False,True,Ferrari
HAM,44,28.0,99.578,29.438,17.924,52.216,253.0,296.0,,300.0,1.0,MEDIUM,28.0,True,,6219.308,4.0,1,False,False,Ferrari
HAM,44,29.0,89.135,35.116,17.909,36.11,275.0,290.0,293.0,220.0,2.0,HARD,1.0,True,6237.281,,4.0,1,False,False,Ferrari
HAM,44,30.0,83.474,29.431,17.923,36.12,251.0,289.0,293.0,285.0,2.0,HARD,2.0,True,,,4.0,1,False,True,Ferrari
HAM,44,31.0,83.129,29.336,17.854,35.939,244.0,293.0,301.0,287.0,2.0,HARD,3.0,True,,,4.0,1,True,True,Ferrari
HAM,44,32.0,83.185,29.328,17.835,36.022,244.0,293.0,300.0,302.0,2.0,HARD,4.0,True,,,4.0,1,False,True,Ferrari
HAM,44,33.0,83.775,29.415,17.921,36.439,250.0,299.0,281.0,302.0,2.0,HARD,5.0,True,,,4.0,1,False,True,Ferrari
HAM,44,34.0,98.315,36.057,24.217,38.041,203.0,241.0,308.0,275.0,2.0,HARD,6.0,True,,,4.0,167,False,False,Ferrari
HAM,44,35.0,83.317,29.381,17.698,36.238,251.0,301.0,302.0,312.0,2.0,HARD,7.0,True,,,4.0,1,False,True,Ferrari
HAM,44,36.0,83.338,29.42,17.712,36.206,246.0,298.0,304.0,305.0,2.0,HARD,8.0,True,,,4.0,1,False,True,Ferrari
HAM,44,37.0,83.086,29.353,17.661,36.072,250.0,298.0,303.0,304.0,2.0,HARD,9.0,True,,,4.0,1,True,True,Ferrari
HAM,44,38.0,82.688,29.069,17.752,35.867,245.0,293.0,303.0,305.0,2.0,HARD,10.0,True,,,4.0,1,True,True,Ferrari
HAM,44,39.0,82.536,28.919,17.689,35.928,252.0,294.0,301.0,307.0,2.0,HARD,11.0,True,,,4.0,1,True,True,Ferrari
HAM,44,40.0,82.55,29.091,17.679,35.78,252.0,296.0,304.0,303.0,2.0,HARD,12.0,True,,,4.0,1,False,True,Ferrari
HAM,44,41.0,82.648,29.065,17.564,36.019,253.0,302.0,301.0,308.0,2.0,HARD,13.0,True,,,4.0,1,False,True,Ferrari
HAM,44,42.0,82.636,29.114,17.688,35.834,252.0,295.0,300.0,302.0,2.0,HARD,14.0,True,,,4.0,1,False,True,Ferrari
HAM,44,43.0,82.559,28.993,17.663,35.903,251.0,294.0,301.0,301.0,2.0,HARD,15.0,True,,,4.0,1,False,True,Ferrari
HAM,44,44.0,82.837,29.087,17.685,36.065,253.0,296.0,303.0,304.0,2.0,HARD,16.0,True,,,4.0,1,False,True,Ferrari
HAM,44,45.0,82.529,28.867,17.57,36.092,253.0,300.0,301.0,308.0,2.0,HARD,17.0,True,,,4.0,1,True,True,Ferrari
HAM,44,46.0,82.945,29.158,17.77,36.017,245.0,293.0,303.0,305.0,2.0,HARD,18.0,True,,,4.0,1,False,True,Ferrari
HAM,44,47.0,82.677,29.105,17.709,35.863,252.0,295.0,302.0,307.0,2.0,HARD,19.0,True,,,4.0,1,False,True,Ferrari
HAM,44,48.0,82.764,29.189,17.665,35.91,251.0,297.0,301.0,307.0,2.0,HARD,20.0,True,,,4.0,1,False,True,Ferrari
HAM,44,49.0,82.835,29.086,17.65,36.099,252.0,297.0,304.0,303.0,2.0,HARD,21.0,True,,,4.0,1,False,True,Ferrari
HAM,44,50.0,83.31,29.107,17.787,36.416,248.0,296.0,300.0,312.0,2.0,HARD,22.0,True,,,4.0,1,False,True,Ferrari
HAM,44,51.0,82.683,29.231,17.661,35.791,251.0,298.0,309.0,306.0,2.0,HARD,23.0,True,,,4.0,1,False,True,Ferrari
HAM,44,52.0,83.008,29.158,17.67,36.18,246.0,298.0,306.0,317.0,2.0,HARD,24.0,True,,,4.0,1,False,True,Ferrari
HAM,44,53.0,83.165,29.52,17.678,35.967,254.0,296.0,304.0,304.0,2.0,HARD,25.0,True,,,4.0,1,False,True,Ferrari
HAM,44,54.0,82.554,29.035,17.661,35.858,252.0,295.0,305.0,313.0,2.0,HARD,26.0,True,,,4.0,1,False,True,Ferrari
HAM,44,55.0,82.423,29.094,17.613,35.716,252.0,296.0,303.0,316.0,2.0,HARD,27.0,True,,,4.0,1,True,True,Ferrari
HAM,44,56.0,82.5,28.996,17.577,35.927,254.0,299.0,304.0,312.0,2.0,HARD,28.0,True,,,4.0,1,False,True,Ferrari
HAM,44,57.0,82.716,29.004,17.632,36.08,254.0,298.0,304.0,313.0,2.0,HARD,29.0,True,,,4.0,1,False,True,Ferrari
HAM,44,58.0,82.637,29.096,17.505,36.036,255.0,301.0,302.0,315.0,2.0,HARD,30.0,True,,,4.0,1,False,True,Ferrari
BOR,5,1.0,98.755,,18.975,38.744,238.0,300.0,295.0,216.0,1.0,MEDIUM,1.0,True,,,11.0,1,False,False,Audi
BOR,5,2.0,87.538,31.092,18.428,38.018,261.0,284.0,294.0,274.0,1.0,MEDIUM,2.0,True,,,11.0,1,True,True,Audi
BOR,5,3.0,86.324,30.546,18.125,37.653,263.0,292.0,289.0,276.0,1.0,MEDIUM,3.0,True,,,10.0,1,True,True,Audi
BOR,5,4.0,86.032,30.416,18.415,37.201,251.0,295.0,294.0,283.0,1.0,MEDIUM,4.0,True,,,10.0,1,True,True,Audi
BOR,5,5.0,86.327,30.512,17.836,37.979,250.0,306.0,299.0,286.0,1.0,MEDIUM,5.0,True,,,10.0,1,False,True,Audi
BOR,5,6.0,87.463,31.563,18.038,37.862,263.0,298.0,299.0,277.0,1.0,MEDIUM,6.0,True,,,12.0,1,False,True,Audi
BOR,5,7.0,85.785,30.465,17.945,37.375,264.0,298.0,297.0,300.0,1.0,MEDIUM,7.0,True,,,12.0,1,True,True,Audi
BOR,5,8.0,85.47,30.114,17.925,37.431,267.0,299.0,297.0,290.0,1.0,MEDIUM,8.0,True,,,12.0,1,True,True,Audi
BOR,5,9.0,85.224,30.146,17.839,37.239,256.0,301.0,299.0,285.0,1.0,MEDIUM,9.0,True,,,12.0,1,True,True,Audi
BOR,5,10.0,85.561,30.476,17.834,37.251,266.0,301.0,298.0,300.0,1.0,MEDIUM,10.0,True,,,12.0,1,False,True,Audi
BOR,5,11.0,91.862,30.096,17.91,43.856,267.0,296.0,245.0,294.0,1.0,MEDIUM,11.0,True,,,8.0,16,False,False,Audi
BOR,5,12.0,114.364,39.819,27.688,46.857,188.0,160.0,265.0,211.0,1.0,MEDIUM,12.0,True,,,8.0,6,False,False,Audi
BOR,5,13.0,114.445,40.36,28.226,45.859,184.0,138.0,227.0,188.0,1.0,MEDIUM,13.0,True,,,8.0,671,False,False,Audi
BOR,5,14.0,85.958,31.023,17.824,37.111,254.0,301.0,295.0,273.0,1.0,MEDIUM,14.0,True,,,8.0,1,False,True,Audi
BOR,5,15.0,84.819,29.86,17.908,37.051,255.0,299.0,296.0,290.0,1.0,MEDIUM,15.0,True,,,8.0,1,True,True,Audi
BOR,5,16.0,84.98,29.821,17.96,37.199,254.0,294.0,294.0,293.0,1.0,MEDIUM,16.0,True,,,8.0,1,False,True,Audi
BOR,5,17.0,85.061,29.831,18.092,37.138,254.0,293.0,293.0,290.0,1.0,MEDIUM,17.0,True,,,8.0,1,False,True,Audi
BOR,5,18.0,110.359,30.685,18.12,61.554,251.0,292.0,,287.0,1.0,MEDIUM,18.0,True,,5369.607,9.0,126,False,False,Audi
BOR,5,19.0,115.679,44.929,25.326,45.424,215.0,227.0,319.0,216.0,2.0,HARD,1.0,True,5388.749,,11.0,671,False,False,Audi
BOR,5,20.0,85.201,29.953,18.498,36.75,253.0,284.0,288.0,279.0,2.0,HARD,2.0,True,,,9.0,1,False,True,Audi
BOR,5,21.0,85.044,29.937,18.308,36.799,252.0,287.0,290.0,283.0,2.0,HARD,3.0,True,,,9.0,1,False,True,Audi
BOR,5,22.0,84.428,29.747,18.079,36.602,256.0,289.0,293.0,283.0,2.0,HARD,4.0,True,,,9.0,1,True,True,Audi
BOR,5,23.0,84.335,29.835,17.95,36.55,254.0,290.0,293.0,287.0,2.0,HARD,5.0,True,,,9.0,1,True,True,Audi
BOR,5,24.0,84.327,29.815,18.001,36.511,255.0,290.0,295.0,286.0,2.0,HARD,6.0,True,,,9.0,1,True,True,Audi
BOR,5,25.0,84.37,29.685,18.019,36.666,258.0,291.0,294.0,291.0,2.0,HARD,7.0,True,,,9.0,1,False,True,Audi
BOR,5,26.0,84.533,29.804,18.015,36.714,259.0,290.0,289.0,290.0,2.0,HARD,8.0,True,,,9.0,1,False,True,Audi
BOR,5,27.0,84.535,29.947,17.963,36.625,260.0,291.0,293.0,278.0,2.0,HARD,9.0,True,,,9.0,1,False,True,Audi
BOR,5,28.0,84.44,29.912,18.051,36.477,256.0,288.0,291.0,289.0,2.0,HARD,10.0,True,,,9.0,1,False,True,Audi
BOR,5,29.0,84.694,29.861,18.058,36.775,251.0,290.0,291.0,288.0,2.0,HARD,11.0,True,,,9.0,1,False,True,Audi
BOR,5,30.0,84.364,29.865,17.935,36.564,256.0,293.0,294.0,283.0,2.0,HARD,12.0,True,,,9.0,1,False,True,Audi
BOR,5,31.0,84.153,29.79,17.858,36.505,258.0,294.0,295.0,286.0,2.0,HARD,13.0,True,,,9.0,1,True,True,Audi
BOR,5,32.0,83.978,29.576,17.889,36.513,251.0,292.0,294.0,291.0,2.0,HARD,14.0,True,,,9.0,1,True,True,Audi
BOR,5,33.0,104.235,29.944,17.988,56.303,257.0,293.0,,291.0,2.0,HARD,15.0,True,,6684.281,11.0,16,False,False,Audi
BOR,5,34.0,93.286,38.94,18.065,36.281,255.0,299.0,295.0,214.0,3.0,HARD,1.0,True,6707.184,,11.0,671,False,False,Audi
BOR,5,35.0,83.954,29.405,18.24,36.309,257.0,285.0,290.0,287.0,3.0,HARD,2.0,True,,,11.0,1,True,True,Audi
BOR,5,36.0,83.655,29.478,17.963,36.214,255.0,288.0,295.0,286.0,3.0,HARD,3.0,True,,,11.0,1,True,True,Audi
BOR,5,37.0,83.732,29.506,17.848,36.378,256.0,294.0,298.0,289.0,3.0,HARD,4.0,True,,,11.0,1,False,True,Audi
BOR,5,38.0,85.119,29.421,17.884,37.814,262.0,303.0,318.0,293.0,3.0,HARD,5.0,True,,,11.0,1,False,True,Audi
BOR,5,39.0,84.83,30.093,18.191,36.546,259.0,290.0,319.0,293.0,3.0,HARD,6.0,True,,,10.0,1,False,True,Audi
BOR,5,40.0,84.696,29.516,18.522,36.658,258.0,278.0,284.0,306.0,3.0,HARD,7.0,True,,,9.0,1,False,True,Audi
BOR,5,41.0,84.47,29.94,18.115,36.415,253.0,284.0,291.0,279.0,3.0,HARD,8.0,True,,,9.0,1,False,True,Audi
BOR,5,42.0,83.803,29.508,17.946,36.349,256.0,288.0,292.0,286.0,3.0,HARD,9.0,True,,,9.0,1,False,True,Audi
BOR,5,43.0,83.643,29.475,17.879,36.289,256.0,289.0,293.0,287.0,3.0,HARD,10.0,True,,,9.0,1,True,True,Audi
BOR,5,44.0,83.736,29.581,17.856,36.299,256.0,289.0,295.0,286.0,3.0,HARD,11.0,True,,,9.0,1,False,True,Audi
BOR,5,45.0,83.257,29.395,17.8,36.062,257.0,291.0,293.0,290.0,3.0,HARD,12.0,True,,,9.0,1,True,True,Audi
BOR,5,46.0,83.346,29.447,17.774,36.125,259.0,292.0,295.0,288.0,3.0,HARD,13.0,True,,,9.0,1,False,True,Audi
BOR,5,47.0,83.976,29.482,17.841,36.653,258.0,289.0,295.0,292.0,3.0,HARD,14.0,True,,,9.0,1,False,True,Audi
BOR,5,48.0,85.008,30.382,17.891,36.735,255.0,290.0,295.0,291.0,3.0,HARD,15.0,True,,,9.0,1,False,True,Audi
BOR,5,49.0,84.889,29.559,17.87,37.46,256.0,287.0,300.0,290.0,3.0,HARD,16.0,True,,,9.0,1,False,True,Audi
BOR,5,50.0,84.324,29.719,17.835,36.77,269.0,292.0,296.0,301.0,3.0,HARD,17.0,True,,,9.0,1,False,True,Audi
BOR,5,51.0,85.635,29.804,18.319,37.512,250.0,274.0,298.0,293.0,3.0,HARD,18.0,True,,,9.0,1,False,True,Audi
BOR,5,52.0,84.359,29.711,17.927,36.721,255.0,291.0,294.0,294.0,3.0,HARD,19.0,True,,,9.0,1,False,True,Audi
BOR,5,53.0,86.063,29.756,17.889,38.418,255.0,291.0,301.0,290.0,3.0,HARD,20.0,True,,,9.0,1,False,True,Audi
BOR,5,54.0,84.548,29.857,17.721,36.97,262.0,296.0,323.0,305.0,3.0,HARD,21.0,True,,,9.0,1,False,True,Audi
BOR,5,55.0,85.268,30.15,17.991,37.127,269.0,293.0,299.0,279.0,3.0,HARD,22.0,True,,,9.0,1,False,True,Audi
BOR,5,56.0,84.515,29.823,17.878,36.814,270.0,293.0,301.0,300.0,3.0,HARD,23.0,True,,,9.0,1,False,True,Audi
BOR,5,57.0,84.821,29.522,18.166,37.133,265.0,291.0,292.0,304.0,3.0,HARD,24.0,True,,,9.0,1,False,True,Audi
SAI,55,1.0,99.815,,19.143,39.148,214.0,298.0,288.0,210.0,1.0,SOFT,1.0,True,,,13.0,1,False,False,Williams
SAI,55,2.0,87.98,31.713,18.211,38.056,254.0,296.0,298.0,238.0,1.0,SOFT,2.0,True,,,14.0,1,True,True,Williams
SAI,55,3.0,88.093,31.187,18.048,38.858,258.0,315.0,302.0,259.0,1.0,SOFT,3.0,True,,,15.0,1,False,True,Williams
SAI,55,4.0,87.216,30.511,18.372,38.333,258.0,311.0,298.0,270.0,1.0,SOFT,4.0,True,,,15.0,1,True,True,Williams
SAI,55,5.0,87.511,30.419,18.057,39.035,260.0,303.0,301.0,281.0,1.0,SOFT,5.0,True,,,15.0,1,False,True,Williams
SAI,55,6.0,86.872,30.787,18.201,37.884,256.0,320.0,286.0,273.0,1.0,SOFT,6.0,True,,,14.0,1,True,True,Williams
SAI,55,7.0,85.698,30.022,18.348,37.328,263.0,304.0,286.0,285.0,1.0,SOFT,7.0,True,,,14.0,1,True,True,Williams
SAI,55,8.0,85.433,30.051,18.228,37.154,264.0,305.0,293.0,286.0,1.0,SOFT,8.0,True,,,14.0,1,True,True,Williams
SAI,55,9.0,85.826,29.997,18.347,37.482,263.0,304.0,292.0,294.0,1.0,SOFT,9.0,True,,,14.0,1,False,True,Williams
SAI,55,10.0,86.202,30.638,18.332,37.232,263.0,303.0,293.0,292.0,1.0,SOFT,10.0,True,,,14.0,1,False,True,Williams
SAI,55,11.0,106.912,30.181,18.25,58.481,262.0,301.0,,287.0,1.0,SOFT,11.0,True,,4709.832,13.0,16,False,False,Williams
SAI,55,12.0,116.846,43.366,25.069,48.411,241.0,158.0,248.0,225.0,2.0,HARD,1.0,True,4729.955,,13.0,6,False,False,Williams
SAI,55,13.0,108.341,41.682,26.884,39.775,232.0,116.0,303.0,159.0,2.0,HARD,2.0,True,,,13.0,671,False,False,Williams
SAI,55,14.0,84.927,29.998,18.087,36.842,264.0,306.0,298.0,290.0,2.0,HARD,3.0,True,,,13.0,1,True,True,Williams
SAI,55,15.0,84.824,29.765,18.155,36.904,267.0,308.0,299.0,287.0,2.0,HARD,4.0,True,,,13.0,1,True,True,Williams
SAI,55,16.0,84.94,29.783,18.143,37.014,263.0,303.0,296.0,294.0,2.0,HARD,5.0,True,,,12.0,1,False,True,Williams
SAI,55,17.0,85.151,29.86,18.235,37.056,265.0,300.0,290.0,288.0,2.0,HARD,6.0,True,,,12.0,1,False,True,Williams
SAI,55,18.0,102.82,29.887,27.055,45.878,262.0,210.0,209.0,291.0,2.0,HARD,7.0,True,,,12.0,126,False,False,Williams
SAI,55,19.0,110.08,42.226,23.719,44.135,221.0,218.0,303.0,213.0,2.0,HARD,8.0,True,,,12.0,671,False,False,Williams
SAI,55,20.0,85.394,29.948,18.238,37.208,263.0,299.0,294.0,289.0,2.0,HARD,9.0,True,,,12.0,1,False,True,Williams
SAI,55,21.0,85.409,29.886,18.212,37.311,266.0,307.0,290.0,290.0,2.0,HARD,10.0,True,,,12.0,1,False,True,Williams
SAI,55,22.0,85.37,30.0,18.143,37.227,264.0,306.0,297.0,299.0,2.0,HARD,11.0,True,,,12.0,1,False,True,Williams
SAI,55,23.0,85.6,29.925,18.23,37.445,264.0,303.0,295.0,293.0,2.0,HARD,12.0,True,,,12.0,1,False,True,Williams
SAI,55,24.0,85.704,30.109,18.234,37.361,257.0,302.0,293.0,294.0,2.0,HARD,13.0,True,,,12.0,1,False,True,Williams
SAI,55,25.0,86.122,30.227,18.286,37.609,264.0,301.0,295.0,291.0,2.0,HARD,14.0,True,,,12.0,1,False,True,Williams
SAI,55,26.0,86.141,30.101,18.471,37.569,264.0,296.0,295.0,294.0,2.0,HARD,15.0,True,,,12.0,1,False,True,Williams
SAI,55,27.0,86.124,30.032,18.344,37.748,261.0,299.0,294.0,298.0,2.0,HARD,16.0,True,,,12.0,1,False,True,Williams
SAI,55,28.0,86.796,30.439,18.438,37.919,257.0,296.0,292.0,299.0,2.0,HARD,17.0,True,,,12.0,1,False,True,Williams
SAI,55,29.0,88.049,30.484,18.443,39.122,254.0,298.0,296.0,290.0,2.0,HARD,18.0,True,,,13.0,1,False,True,Williams
SAI,55,30.0,87.095,30.748,18.308,38.039,250.0,307.0,294.0,285.0,2.0,HARD,19.0,True,,,13.0,1,False,True,Williams
SAI,55,31.0,86.639,30.585,18.197,37.857,253.0,306.0,297.0,282.0,2.0,HARD,20.0,True,,,13.0,1,False,True,Williams
SAI,55,32.0,87.386,30.628,18.361,38.397,251.0,299.0,294.0,294.0,2.0,HARD,21.0,True,,,13.0,1,False,True,Williams
SAI,55,33.0,119.861,30.606,18.531,70.724,254.0,261.0,,289.0,2.0,HARD,22.0,True,,6723.329,14.0,167,False,False,Williams
SAI,55,34.0,93.021,36.393,18.189,38.439,250.0,306.0,304.0,208.0,3.0,MEDIUM,1.0,True,6749.495,,15.0,1,False,False,Williams
SAI,55,35.0,84.881,29.725,18.12,37.036,266.0,303.0,297.0,295.0,3.0,MEDIUM,2.0,True,,,15.0,1,False,True,Williams
SAI,55,36.0,84.804,29.914,18.07,36.82,262.0,305.0,300.0,293.0,3.0,MEDIUM,3.0,True,,,15.0,1,True,True,Williams
SAI,55,37.0,85.21,29.697,18.099,37.414,267.0,307.0,316.0,296.0,3.0,MEDIUM,4.0,True,,,15.0,1,False,True,Williams
SAI,55,38.0,87.205,30.364,18.312,38.529,253.0,311.0,299.0,282.0,3.0,MEDIUM,5.0,True,,,15.0,1,False,True,Williams
SAI,55,39.0,87.266,30.213,17.83,39.223,264.0,311.0,291.0,289.0,3.0,MEDIUM,6.0,True,,,15.0,1,False,True,Williams
SAI,55,40.0,86.222,30.49,17.986,37.746,267.0,313.0,310.0,286.0,3.0,MEDIUM,7.0,True,,,15.0,1,False,True,Williams
SAI,55,41.0,86.717,30.627,17.963,38.127,257.0,319.0,292.0,287.0,3.0,MEDIUM,8.0,True,,,15.0,1,False,True,Williams
SAI,55,42.0,85.361,30.05,17.96,37.351,260.0,312.0,293.0,286.0,3.0,MEDIUM,9.0,True,,,15.0,1,False,True,Williams
SAI,55,43.0,85.287,30.117,17.882,37.288,260.0,313.0,297.0,295.0,3.0,MEDIUM,10.0,True,,,15.0,1,False,True,Williams
SAI,55,44.0,85.529,30.218,18.005,37.306,259.0,309.0,298.0,303.0,3.0,MEDIUM,11.0,True,,,15.0,1,False,True,Williams
SAI,55,45.0,116.391,30.019,18.045,68.327,260.0,310.0,,300.0,3.0,MEDIUM,12.0,True,,7782.506,15.0,1,False,False,Williams
SAI,55,46.0,91.589,37.024,18.112,36.453,269.0,306.0,301.0,201.0,4.0,SOFT,1.0,True,7817.375,,15.0,1,False,False,Williams
SAI,55,47.0,96.209,29.27,17.805,49.134,274.0,319.0,273.0,304.0,4.0,SOFT,2.0,True,,,15.0,1,False,True,Williams
SAI,55,48.0,84.977,30.091,18.142,36.744,259.0,300.0,285.0,278.0,4.0,SOFT,3.0,True,,,15.0,1,False,True,Williams
SAI,55,49.0,83.922,29.343,18.041,36.538,267.0,300.0,291.0,293.0,4.0,SOFT,4.0,True,,,15.0,1,True,True,Williams
SAI,55,50.0,83.6,29.2,17.936,36.464,271.0,301.0,294.0,293.0,4.0,SOFT,5.0,True,,,15.0,1,True,True,Williams
SAI,55,51.0,83.87,29.442,18.002,36.426,268.0,302.0,297.0,290.0,4.0,SOFT,6.0,True,,,15.0,1,False,True,Williams
SAI,55,52.0,83.59,29.198,18.018,36.374,270.0,301.0,296.0,289.0,4.0,SOFT,7.0,True,,,15.0,1,True,True,Williams
SAI,55,53.0,87.961,33.135,18.257,36.569,256.0,301.0,298.0,293.0,4.0,SOFT,8.0,True,,,15.0,1,False,True,Williams
SAI,55,54.0,84.266,29.358,18.216,36.692,271.0,296.0,292.0,291.0,4.0,SOFT,9.0,True,,,15.0,1,False,True,Williams
SAI,55,55.0,83.809,29.303,18.121,36.385,270.0,295.0,294.0,287.0,4.0,SOFT,10.0,True,,,15.0,1,False,True,Williams
SAI,55,56.0,84.823,29.171,18.86,36.792,272.0,300.0,295.0,293.0,4.0,SOFT,11.0,True,,,15.0,1,False,True,Williams
HAD,6,1.0,96.046,,18.486,39.205,245.0,288.0,301.0,216.0,1.0,MEDIUM,1.0,True,,,4.0,1,False,False,Red Bull Racing
HAD,6,2.0,85.987,30.189,18.684,37.114,239.0,275.0,306.0,301.0,1.0,MEDIUM,2.0,True,,,4.0,1,True,True,Red Bull Racing
HAD,6,3.0,85.556,30.094,18.602,36.86,238.0,276.0,295.0,294.0,1.0,MEDIUM,3.0,True,,,4.0,1,True,True,Red Bull Racing
HAD,6,4.0,85.342,29.956,18.801,36.585,247.0,271.0,296.0,284.0,1.0,MEDIUM,4.0,True,,,4.0,1,True,True,Red Bull Racing
HAD,6,5.0,85.355,30.182,18.728,36.445,227.0,273.0,296.0,302.0,1.0,MEDIUM,5.0,True,,,4.0,1,False,True,Red Bull Racing
HAD,6,6.0,85.879,29.869,18.771,37.239,235.0,270.0,299.0,294.0,1.0,MEDIUM,6.0,True,,,5.0,1,False,True,Red Bull Racing
HAD,6,7.0,85.445,30.33,18.575,36.54,226.0,278.0,299.0,289.0,1.0,MEDIUM,7.0,True,,,5.0,1,False,True,Red Bull Racing
HAD,6,8.0,85.313,30.016,18.842,36.455,228.0,270.0,298.0,297.0,1.0,MEDIUM,8.0,True,,,5.0,1,True,True,Red Bull Racing
HAD,6,9.0,85.239,29.867,18.795,36.577,237.0,268.0,298.0,293.0,1.0,MEDIUM,9.0,True,,,5.0,1,True,True,Red Bull Racing
HAD,6,10.0,85.363,29.916,18.845,36.602,238.0,267.0,295.0,288.0,1.0,MEDIUM,10.0,True,,,5.0,1,False,True,Red Bull Racing
HAD,6,11.0,,,,,,,,,1.0,MEDIUM,11.0,True,,,,16,,False,Red Bull Racing
RUS,63,1.0,92.694,,18.344,36.548,240.0,288.0,291.0,234.0,1.0,MEDIUM,1.0,True,,,2.0,1,False,False,Mercedes
RUS,63,2.0,85.007,29.753,17.841,37.413,259.0,273.0,290.0,273.0,1.0,MEDIUM,2.0,True,,,1.0,1,True,True,Mercedes
RUS,63,3.0,86.444,29.845,18.533,38.066,269.0,289.0,286.0,264.0,1.0,MEDIUM,3.0,True,,,2.0,1,False,True,Mercedes
RUS,63,4.0,84.789,29.949,17.802,37.038,269.0,286.0,298.0,271.0,1.0,MEDIUM,4.0,True,,,2.0,1,True,True,Mercedes
RUS,63,5.0,84.017,29.636,17.848,36.533,264.0,305.0,296.0,291.0,1.0,MEDIUM,5.0,True,,,2.0,1,True,True,Mercedes
RUS,63,6.0,84.639,29.498,17.709,37.432,263.0,291.0,314.0,298.0,1.0,MEDIUM,6.0,True,,,2.0,1,False,True,Mercedes
RUS,63,7.0,84.099,29.617,18.059,36.423,263.0,288.0,307.0,285.0,1.0,MEDIUM,7.0,True,,,2.0,1,False,True,Mercedes
RUS,63,8.0,85.19,29.435,18.391,37.364,258.0,287.0,316.0,301.0,1.0,MEDIUM,8.0,True,,,2.0,1,False,True,Mercedes
RUS,63,9.0,85.978,31.313,18.163,36.502,258.0,280.0,304.0,298.0,1.0,MEDIUM,9.0,True,,,2.0,1,False,True,Mercedes
RUS,63,10.0,84.112,29.655,18.171,36.286,261.0,291.0,307.0,289.0,1.0,MEDIUM,10.0,True,,,2.0,1,False,True,Mercedes
RUS,63,11.0,83.967,29.442,18.107,36.418,265.0,301.0,305.0,305.0,1.0,MEDIUM,11.0,True,,,2.0,1,True,True,Mercedes
RUS,63,12.0,125.94,40.129,29.038,56.773,243.0,149.0,,279.0,1.0,MEDIUM,12.0,True,,4791.153,3.0,16,False,False,Mercedes
RUS,63,13.0,117.659,42.643,28.724,46.292,158.0,141.0,218.0,215.0,2.0,HARD,1.0,True,4809.298,,3.0,67,False,False,Mercedes
RUS,63,14.0,87.094,32.616,18.054,36.424,267.0,296.0,281.0,187.0,2.0,HARD,2.0,True,,,3.0,71,False,False,Mercedes
RUS,63,15.0,82.825,29.08,17.746,35.999,263.0,300.0,283.0,291.0,2.0,HARD,3.0,True,,,3.0,1,True,True,Mercedes
RUS,63,16.0,82.923,29.106,17.699,36.118,261.0,302.0,289.0,290.0,2.0,HARD,4.0,True,,,3.0,1,False,True,Mercedes
RUS,63,17.0,82.765,29.085,17.75,35.93,259.0,302.0,292.0,298.0,2.0,HARD,5.0,True,,,3.0,1,True,True,Mercedes
RUS,63,18.0,88.979,29.523,17.783,41.673,262.0,302.0,273.0,294.0,2.0,HARD,6.0,True,,,3.0,126,False,False,Mercedes
RUS,63,19.0,115.257,39.873,26.221,49.163,200.0,153.0,113.0,144.0,2.0,HARD,7.0,True,,,3.0,6,False,False,Mercedes
RUS,63,20.0,90.936,37.085,17.866,35.985,259.0,301.0,296.0,239.0,2.0,HARD,8.0,True,,,3.0,671,False,False,Mercedes
RUS,63,21.0,82.67,28.979,17.717,35.974,260.0,309.0,296.0,299.0,2.0,HARD,9.0,True,,,3.0,1,True,True,Mercedes
RUS,63,22.0,82.892,29.065,17.777,36.05,263.0,303.0,295.0,295.0,2.0,HARD,10.0,True,,,3.0,1,False,True,Mercedes
RUS,63,23.0,82.828,28.915,17.696,36.217,268.0,306.0,297.0,298.0,2.0,HARD,11.0,True,,,3.0,1,False,True,Mercedes
RUS,63,24.0,83.466,29.631,17.798,36.037,271.0,302.0,295.0,268.0,2.0,HARD,12.0,True,,,3.0,1,False,True,Mercedes
RUS,63,25.0,82.879,28.936,17.717,36.226,273.0,303.0,299.0,301.0,2.0,HARD,13.0,True,,,2.0,1,False,True,Mercedes
RUS,63,26.0,83.093,29.058,17.797,36.238,273.0,303.0,295.0,305.0,2.0,HARD,14.0,True,,,2.0,1,False,True,Mercedes
RUS,63,27.0,83.188,29.123,17.719,36.346,272.0,306.0,299.0,302.0,2.0,HARD,15.0,True,,,2.0,1,False,True,Mercedes
RUS,63,28.0,83.39,28.857,17.643,36.89,275.0,304.0,311.0,301.0,2.0,HARD,16.0,True,,,1.0,1,False,True,Mercedes
RUS,63,29.0,83.486,29.066,18.031,36.389,270.0,301.0,294.0,321.0,2.0,HARD,17.0,True,,,1.0,1,False,True,Mercedes
RUS,63,30.0,83.272,29.204,17.788,36.28,267.0,303.0,293.0,288.0,2.0,HARD,18.0,True,,,1.0,1,False,True,Mercedes
RUS,63,31.0,83.147,29.132,17.699,36.316,271.0,308.0,299.0,296.0,2.0,HARD,19.0,True,,,1.0,1,False,True,Mercedes
RUS,63,32.0,83.54,29.174,17.728,36.638,274.0,308.0,293.0,303.0,2.0,HARD,20.0,True,,,1.0,1,False,True,Mercedes
RUS,63,33.0,83.838,29.242,17.777,36.819,274.0,300.0,292.0,301.0,2.0,HARD,21.0,True,,,1.0,1,False,True,Mercedes
RUS,63,34.0,97.592,29.314,25.319,42.959,260.0,138.0,300.0,296.0,2.0,HARD,22.0,True,,,1.0,167,False,False,Mercedes
RUS,63,35.0,83.017,29.314,17.824,35.879,260.0,299.0,296.0,302.0,2.0,HARD,23.0,True,,,1.0,1,False,True,Mercedes
RUS,63,36.0,82.729,29.079,17.753,35.897,256.0,299.0,293.0,300.0,2.0,HARD,24.0,True,,,1.0,1,False,True,Mercedes
RUS,63,37.0,82.839,29.197,17.745,35.897,256.0,299.0,298.0,295.0,2.0,HARD,25.0,True,,,1.0,1,False,True,Mercedes
RUS,63,38.0,82.863,29.211,17.79,35.862,255.0,300.0,300.0,296.0,2.0,HARD,26.0,True,,,1.0,1,False,True,Mercedes
RUS,63,39.0,82.738,29.102,17.664,35.972,257.0,302.0,300.0,299.0,2.0,HARD,27.0,True,,,1.0,1,False,True,Mercedes
RUS,63,40.0,82.915,29.172,17.651,36.092,257.0,304.0,300.0,300.0,2.0,HARD,28.0,True,,,1.0,1,False,True,Mercedes
RUS,63,41.0,83.073,29.173,17.609,36.291,260.0,305.0,303.0,303.0,2.0,HARD,29.0,True,,,1.0,1,False,True,Mercedes
RUS,63,42.0,83.054,29.325,17.652,36.077,261.0,304.0,298.0,305.0,2.0,HARD,30.0,True,,,1.0,1,False,True,Mercedes
RUS,63,43.0,82.893,29.111,17.575,36.207,258.0,306.0,301.0,300.0,2.0,HARD,31.0,True,,,1.0,1,False,True,Mercedes
RUS,63,44.0,82.856,29.17,17.585,36.101,260.0,307.0,301.0,304.0,2.0,HARD,32.0,True,,,1.0,1,False,True,Mercedes
RUS,63,45.0,83.477,29.305,17.512,36.66,262.0,312.0,305.0,304.0,2.0,HARD,33.0,True,,,1.0,1,False,True,Mercedes
RUS,63,46.0,83.751,29.348,18.049,36.354,269.0,304.0,297.0,306.0,2.0,HARD,34.0,True,,,1.0,1,False,True,Mercedes
RUS,63,47.0,83.033,29.286,17.617,36.13,263.0,303.0,295.0,302.0,2.0,HARD,35.0,True,,,1.0,1,False,True,Mercedes
RUS,63,48.0,83.034,29.18,17.596,36.258,260.0,304.0,300.0,302.0,2.0,HARD,36.0,True,,,1.0,1,False,True,Mercedes
RUS,63,49.0,82.844,29.104,17.537,36.203,260.0,308.0,304.0,304.0,2.0,HARD,37.0,True,,,1.0,1,False,True,Mercedes
RUS,63,50.0,83.087,29.182,17.631,36.274,262.0,305.0,300.0,306.0,2.0,HARD,38.0,True,,,1.0,1,False,True,Mercedes
RUS,63,51.0,82.762,29.204,17.493,36.065,263.0,310.0,306.0,306.0,2.0,HARD,39.0,True,,,1.0,1,False,True,Mercedes
RUS,63,52.0,83.106,29.323,17.606,36.177,262.0,313.0,305.0,309.0,2.0,HARD,40.0,True,,,1.0,1,False,True,Mercedes
RUS,63,53.0,83.069,29.144,17.461,36.464,263.0,309.0,305.0,309.0,2.0,HARD,41.0,True,,,1.0,1,False,True,Mercedes
RUS,63,54.0,83.1,29.272,17.56,36.268,266.0,307.0,302.0,295.0,2.0,HARD,42.0,True,,,1.0,1,False,True,Mercedes
RUS,63,55.0,82.67,29.116,17.549,36.005,262.0,305.0,301.0,307.0,2.0,HARD,43.0,True,,,1.0,1,False,True,Mercedes
RUS,63,56.0,82.757,29.134,17.535,36.088,260.0,308.0,305.0,306.0,2.0,HARD,44.0,True,,,1.0,1,False,True,Mercedes
RUS,63,57.0,83.188,29.225,17.458,36.505,263.0,312.0,301.0,307.0,2.0,HARD,45.0,True,,,1.0,1,False,True,Mercedes
RUS,63,58.0,83.351,29.312,17.63,36.409,261.0,302.0,300.0,301.0,2.0,HARD,46.0,True,,,1.0,1,False,True,Mercedes
BOT,77,1.0,100.85,,19.068,39.739,222.0,291.0,283.0,209.0,1.0,HARD,1.0,True,,,15.0,1,False,False,Cadillac
BOT,77,2.0,90.152,31.409,18.42,40.323,270.0,286.0,304.0,271.0,1.0,HARD,2.0,True,,,18.0,1,True,True,Cadillac
BOT,77,3.0,89.219,31.489,18.72,39.01,252.0,296.0,298.0,250.0,1.0,HARD,3.0,True,,,19.0,1,True,True,Cadillac
BOT,77,4.0,88.057,31.136,18.765,38.156,244.0,292.0,301.0,267.0,1.0,HARD,4.0,True,,,19.0,1,True,True,Cadillac
BOT,77,5.0,87.738,31.043,18.319,38.376,252.0,301.0,291.0,282.0,1.0,HARD,5.0,True,,,19.0,1,True,True,Cadillac
BOT,77,6.0,87.804,31.064,18.361,38.379,255.0,297.0,284.0,286.0,1.0,HARD,6.0,True,,,19.0,1,False,True,Cadillac
BOT,77,7.0,87.457,30.778,18.242,38.437,261.0,301.0,283.0,282.0,1.0,HARD,7.0,True,,,19.0,1,True,True,Cadillac
BOT,77,8.0,87.364,30.99,18.033,38.341,256.0,304.0,296.0,283.0,1.0,HARD,8.0,True,,,19.0,1,True,True,Cadillac
BOT,77,9.0,87.679,31.159,18.191,38.329,255.0,304.0,295.0,289.0,1.0,HARD,9.0,True,,,18.0,1,False,True,Cadillac
BOT,77,10.0,87.661,31.044,18.182,38.435,255.0,304.0,283.0,291.0,1.0,HARD,10.0,True,,,18.0,1,False,True,Cadillac
BOT,77,11.0,99.058,31.235,18.158,49.665,255.0,302.0,214.0,281.0,1.0,HARD,11.0,True,,,15.0,16,False,False,Cadillac
BOT,77,12.0,,46.72,45.988,99.334,77.0,114.0,,199.0,1.0,HARD,12.0,True,,4896.868,19.0,67,False,False,Cadillac
BOT,77,13.0,104.111,43.535,19.556,41.02,242.0,308.0,284.0,175.0,2.0,HARD,13.0,False,4927.555,,18.0,71,False,False,Cadillac
BOT,77,14.0,91.389,33.091,18.948,39.35,246.0,301.0,279.0,275.0,2.0,HARD,14.0,False,,,18.0,1,False,True,Cadillac
BOT,77,15.0,91.33,34.194,18.205,38.931,250.0,309.0,289.0,274.0,2.0,HARD,15.0,False,,,18.0,1,False,True,Cadillac
BOT,77,16.0,,,,,,,,,2.0,HARD,16.0,False,,,,126,,False,Cadillac
BEA,87,1.0,99.765,,19.072,38.855,212.0,293.0,314.0,206.0,1.0,MEDIUM,1.0,True,,,14.0,1,False,False,Haas F1 Team
BEA,87,2.0,87.321,31.318,17.972,38.031,243.0,287.0,318.0,251.0,1.0,MEDIUM,2.0,True,,,12.0,1,True,True,Haas F1 Team
BEA,87,3.0,86.384,30.808,17.827,37.749,260.0,303.0,286.0,264.0,1.0,MEDIUM,3.0,True,,,11.0,1,True,True,Haas F1 Team
BEA,87,4.0,85.92,30.862,17.971,37.087,259.0,306.0,303.0,260.0,1.0,MEDIUM,4.0,True,,,11.0,1,True,True,Haas F1 Team
BEA,87,5.0,86.003,30.282,17.787,37.934,265.0,309.0,303.0,284.0,1.0,MEDIUM,5.0,True,,,11.0,1,False,True,Haas F1 Team
BEA,87,6.0,85.969,30.46,17.915,37.594,259.0,306.0,295.0,278.0,1.0,MEDIUM,6.0,True,,,10.0,1,False,True,Haas F1 Team
BEA,87,7.0,85.195,30.059,17.825,37.311,265.0,307.0,300.0,280.0,1.0,MEDIUM,7.0,True,,,10.0,1,True,True,Haas F1 Team
BEA,87,8.0,86.046,30.659,17.882,37.505,266.0,299.0,304.0,285.0,1.0,MEDIUM,8.0,True,,,11.0,1,False,True,Haas F1 Team
BEA,87,9.0,85.397,30.278,17.817,37.302,266.0,307.0,298.0,294.0,1.0,MEDIUM,9.0,True,,,11.0,1,False,True,Haas F1 Team
BEA,87,10.0,85.668,30.297,18.01,37.361,264.0,302.0,296.0,289.0,1.0,MEDIUM,10.0,True,,,11.0,1,False,True,Haas F1 Team
BEA,87,11.0,91.403,30.208,17.831,43.364,262.0,308.0,245.0,289.0,1.0,MEDIUM,11.0,True,,,7.0,16,False,False,Haas F1 Team
BEA,87,12.0,115.039,40.352,27.394,47.293,184.0,145.0,233.0,215.0,1.0,MEDIUM,12.0,True,,,7.0,6,False,False,Haas F1 Team
BEA,87,13.0,113.783,40.159,28.27,45.354,206.0,139.0,247.0,197.0,1.0,MEDIUM,13.0,True,,,7.0,671,False,False,Haas F1 Team
BEA,87,14.0,85.628,30.797,17.889,36.942,268.0,300.0,294.0,270.0,1.0,MEDIUM,14.0,True,,,7.0,1,False,True,Haas F1 Team
BEA,87,15.0,84.562,29.899,17.9,36.763,265.0,300.0,294.0,289.0,1.0,MEDIUM,15.0,True,,,7.0,1,True,True,Haas F1 Team
BEA,87,16.0,84.563,29.989,17.862,36.712,265.0,297.0,296.0,288.0,1.0,MEDIUM,16.0,True,,,7.0,1,False,True,Haas F1 Team
BEA,87,17.0,84.807,29.903,17.864,37.04,266.0,300.0,297.0,295.0,1.0,MEDIUM,17.0,True,,,7.0,1,False,True,Haas F1 Team
BEA,87,18.0,107.604,29.941,17.901,59.762,266.0,297.0,,298.0,1.0,MEDIUM,18.0,True,,5364.359,8.0,126,False,False,Haas F1 Team
BEA,87,19.0,116.677,43.316,26.017,47.344,205.0,223.0,297.0,192.0,2.0,HARD,1.0,True,5383.478,,8.0,671,False,False,Haas F1 Team
BEA,87,20.0,85.186,30.325,18.096,36.765,260.0,297.0,296.0,277.0,2.0,HARD,2.0,True,,,8.0,1,False,True,Haas F1 Team
BEA,87,21.0,84.203,29.657,17.797,36.749,267.0,300.0,298.0,293.0,2.0,HARD,3.0,True,,,8.0,1,True,True,Haas F1 Team
BEA,87,22.0,84.02,29.612,17.74,36.668,267.0,302.0,301.0,301.0,2.0,HARD,4.0,True,,,8.0,1,True,True,Haas F1 Team
BEA,87,23.0,84.968,29.567,17.634,37.767,265.0,309.0,276.0,297.0,2.0,HARD,5.0,True,,,8.0,1,False,True,Haas F1 Team
BEA,87,24.0,84.692,30.072,17.69,36.93,265.0,306.0,297.0,272.0,2.0,HARD,6.0,True,,,8.0,1,False,True,Haas F1 Team
BEA,87,25.0,84.058,29.636,17.814,36.608,267.0,300.0,300.0,292.0,2.0,HARD,7.0,True,,,8.0,1,False,True,Haas F1 Team
BEA,87,26.0,84.155,29.668,17.625,36.862,267.0,308.0,296.0,294.0,2.0,HARD,8.0,True,,,8.0,1,False,True,Haas F1 Team
BEA,87,27.0,84.284,29.726,17.609,36.949,266.0,309.0,295.0,289.0,2.0,HARD,9.0,True,,,8.0,1,False,True,Haas F1 Team
BEA,87,28.0,84.216,29.846,17.628,36.742,262.0,310.0,318.0,289.0,2.0,HARD,10.0,True,,,8.0,1,False,True,Haas F1 Team
BEA,87,29.0,85.315,30.327,17.782,37.206,258.0,310.0,293.0,288.0,2.0,HARD,11.0,True,,,8.0,1,False,True,Haas F1 Team
BEA,87,30.0,84.509,30.01,17.606,36.893,266.0,308.0,298.0,281.0,2.0,HARD,12.0,True,,,8.0,1,False,True,Haas F1 Team
BEA,87,31.0,84.627,29.852,17.853,36.922,268.0,301.0,300.0,287.0,2.0,HARD,13.0,True,,,8.0,1,False,True,Haas F1 Team
BEA,87,32.0,85.006,29.938,17.578,37.49,266.0,309.0,296.0,293.0,2.0,HARD,14.0,True,,,8.0,1,False,True,Haas F1 Team
BEA,87,33.0,90.647,29.897,17.831,42.919,269.0,298.0,212.0,293.0,2.0,HARD,15.0,True,,,8.0,16,False,False,Haas F1 Team
BEA,87,34.0,92.31,36.839,18.306,37.165,186.0,299.0,299.0,230.0,2.0,HARD,16.0,True,,,8.0,671,False,False,Haas F1 Team
BEA,87,35.0,84.914,29.802,17.906,37.206,274.0,294.0,293.0,291.0,2.0,HARD,17.0,True,,,7.0,1,False,True,Haas F1 Team
BEA,87,36.0,84.598,29.899,17.866,36.833,268.0,296.0,297.0,289.0,2.0,HARD,18.0,True,,,7.0,1,False,True,Haas F1 Team
BEA,87,37.0,84.5,29.841,17.845,36.814,268.0,298.0,297.0,292.0,2.0,HARD,19.0,True,,,7.0,1,False,True,Haas F1 Team
BEA,87,38.0,85.093,30.271,17.823,36.999,268.0,304.0,299.0,293.0,2.0,HARD,20.0,True,,,8.0,1,False,True,Haas F1 Team
BEA,87,39.0,84.756,29.868,17.623,37.265,262.0,312.0,322.0,294.0,2.0,HARD,21.0,True,,,8.0,1,False,True,Haas F1 Team
BEA,87,40.0,86.988,31.001,18.417,37.57,231.0,302.0,291.0,292.0,2.0,HARD,22.0,True,,,7.0,1,False,True,Haas F1 Team
BEA,87,41.0,85.049,30.227,17.895,36.927,266.0,292.0,292.0,280.0,2.0,HARD,23.0,True,,,7.0,1,False,True,Haas F1 Team
BEA,87,42.0,84.503,29.878,17.797,36.828,266.0,293.0,295.0,287.0,2.0,HARD,24.0,True,,,7.0,1,False,True,Haas F1 Team
BEA,87,43.0,84.549,29.93,17.826,36.793,266.0,293.0,294.0,292.0,2.0,HARD,25.0,True,,,7.0,1,False,True,Haas F1 Team
BEA,87,44.0,84.612,29.765,17.929,36.918,267.0,291.0,295.0,289.0,2.0,HARD,26.0,True,,,7.0,1,False,True,Haas F1 Team
BEA,87,45.0,84.13,29.72,17.84,36.57,266.0,290.0,293.0,292.0,2.0,HARD,27.0,True,,,7.0,1,False,True,Haas F1 Team
BEA,87,46.0,84.55,29.882,17.845,36.823,266.0,290.0,294.0,291.0,2.0,HARD,28.0,True,,,7.0,1,False,True,Haas F1 Team
BEA,87,47.0,84.76,30.001,17.883,36.876,264.0,290.0,292.0,291.0,2.0,HARD,29.0,True,,,7.0,1,False,True,Haas F1 Team
BEA,87,48.0,84.404,29.64,17.866,36.898,271.0,291.0,294.0,287.0,2.0,HARD,30.0,True,,,7.0,1,False,True,Haas F1 Team
BEA,87,49.0,84.281,29.732,17.826,36.723,267.0,290.0,294.0,286.0,2.0,HARD,31.0,True,,,7.0,1,False,True,Haas F1 Team
BEA,87,50.0,84.467,29.811,17.831,36.825,268.0,290.0,295.0,289.0,2.0,HARD,32.0,True,,,7.0,1,False,True,Haas F1 Team
BEA,87,51.0,84.233,29.84,17.83,36.563,265.0,291.0,295.0,289.0,2.0,HARD,33.0,True,,,7.0,1,False,True,Haas F1 Team
BEA,87,52.0,84.264,29.794,17.777,36.693,268.0,290.0,295.0,290.0,2.0,HARD,34.0,True,,,7.0,1,False,True,Haas F1 Team
BEA,87,53.0,84.615,29.699,17.937,36.979,272.0,290.0,294.0,289.0,2.0,HARD,35.0,True,,,7.0,1,False,True,Haas F1 Team
BEA,87,54.0,84.61,29.965,17.876,36.769,268.0,291.0,298.0,288.0,2.0,HARD,36.0,True,,,7.0,1,False,True,Haas F1 Team
BEA,87,55.0,84.5,29.725,17.93,36.845,268.0,291.0,298.0,292.0,2.0,HARD,37.0,True,,,7.0,1,False,True,Haas F1 Team
BEA,87,56.0,86.439,29.768,17.858,38.813,269.0,292.0,300.0,294.0,2.0,HARD,38.0,True,,,7.0,1,False,True,Haas F1 Team
BEA,87,57.0,86.649,30.005,17.905,38.739,269.0,293.0,299.0,291.0,2.0,HARD,39.0,True,,,7.0,1,False,True,Haas F1 Team
