Session,Driver,DriverNumber,LapNumber,LapTime_sec,Sector1Time_sec,Sector2Time_sec,Sector3Time_sec,SpeedI1,SpeedI2,SpeedFL,SpeedST,Stint,Compound,TyreLife,FreshTyre,PitOutTime_sec,PitInTime_sec,Position,TrackStatus,IsPersonalBest,IsAccurate,Team
FP1,NOR,1,1.0,,,47.991,28.662,255.0,264.0,,140.0,1.0,MEDIUM,1.0,True,906.027,1045.417,,671,False,False,McLaren
FP1,NOR,1,2.0,,,45.227,21.57,269.0,255.0,268.0,254.0,2.0,MEDIUM,2.0,False,2178.187,,,1,False,False,McLaren
FP1,NOR,1,3.0,94.595,33.696,42.133,18.766,267.0,312.0,254.0,273.0,2.0,MEDIUM,3.0,False,,,,1,False,True,McLaren
FP1,NOR,1,4.0,124.621,43.813,56.858,23.95,173.0,270.0,269.0,174.0,2.0,MEDIUM,4.0,False,,,,1,True,True,McLaren
FP1,NOR,1,5.0,93.151,33.658,41.167,18.326,264.0,312.0,253.0,273.0,2.0,MEDIUM,5.0,False,,,,1,True,True,McLaren
FP1,NOR,1,6.0,142.135,47.169,60.13,34.836,204.0,234.0,270.0,155.0,2.0,MEDIUM,6.0,False,,,,1,False,True,McLaren
FP1,NOR,1,7.0,104.45,33.783,50.633,20.034,270.0,272.0,277.0,259.0,2.0,MEDIUM,7.0,False,,,,1,False,True,McLaren
FP1,NOR,1,8.0,92.517,33.186,41.156,18.175,266.0,311.0,255.0,272.0,2.0,MEDIUM,8.0,False,,,,1,True,True,McLaren
FP1,NOR,1,9.0,123.332,43.66,59.129,20.543,206.0,266.0,267.0,256.0,2.0,MEDIUM,9.0,False,,,,1,False,True,McLaren
FP1,NOR,1,10.0,92.276,33.237,40.939,18.1,270.0,316.0,257.0,273.0,2.0,MEDIUM,10.0,False,,,,1,True,True,McLaren
FP1,NOR,1,11.0,114.351,43.365,48.711,22.275,260.0,278.0,,260.0,2.0,MEDIUM,11.0,False,,3281.654,,1,False,False,McLaren
FP1,NOR,1,12.0,,,43.287,24.995,260.0,283.0,250.0,249.0,3.0,SOFT,1.0,True,3745.83,,,1,False,False,McLaren
FP1,NOR,1,13.0,109.156,35.012,52.158,21.986,238.0,282.0,250.0,229.0,3.0,SOFT,2.0,True,,,,1,False,True,McLaren
FP1,NOR,1,14.0,91.798,33.176,40.719,17.903,269.0,318.0,261.0,277.0,3.0,SOFT,3.0,True,,,,1,True,True,McLaren
FP1,NOR,1,15.0,114.276,43.014,50.422,20.84,249.0,263.0,260.0,229.0,3.0,SOFT,4.0,True,,,,1,False,True,McLaren
FP1,NOR,1,16.0,94.355,34.361,41.811,18.183,268.0,315.0,280.0,276.0,3.0,SOFT,5.0,True,,,,1,False,True,McLaren
FP1,NOR,1,17.0,94.506,34.452,41.776,18.278,258.0,317.0,284.0,281.0,3.0,SOFT,6.0,True,,,,1,False,True,McLaren
FP1,NOR,1,18.0,93.726,33.962,41.641,18.123,260.0,318.0,280.0,279.0,3.0,SOFT,7.0,True,,,,1,False,True,McLaren
FP1,NOR,1,19.0,93.965,34.101,41.789,18.075,259.0,314.0,279.0,276.0,3.0,SOFT,8.0,True,,,,1,False,True,McLaren
FP1,NOR,1,20.0,128.258,43.567,55.643,29.048,217.0,201.0,,188.0,3.0,SOFT,9.0,True,,4670.982,,1,False,False,McLaren
FP1,VER,3,1.0,,,55.171,27.834,242.0,83.0,266.0,233.0,1.0,MEDIUM,1.0,True,993.191,,,1,False,False,Red Bull Racing
FP1,VER,3,2.0,94.089,34.236,41.805,18.048,269.0,337.0,270.0,290.0,1.0,MEDIUM,2.0,True,,,,1,True,True,Red Bull Racing
FP1,VER,3,3.0,117.236,45.614,50.459,21.163,233.0,274.0,270.0,236.0,1.0,MEDIUM,3.0,True,,,,1,False,True,Red Bull Racing
FP1,VER,3,4.0,93.362,33.611,41.768,17.983,270.0,331.0,261.0,287.0,1.0,MEDIUM,4.0,True,,,,1,True,True,Red Bull Racing
FP1,VER,3,5.0,114.111,41.522,48.592,23.997,239.0,274.0,,250.0,1.0,MEDIUM,5.0,True,,1529.973,,1,False,False,Red Bull Racing
FP1,VER,3,6.0,148.669,81.516,45.821,21.332,250.0,266.0,268.0,255.0,2.0,MEDIUM,6.0,False,1572.59,,,1,False,False,Red Bull Racing
FP1,VER,3,7.0,93.292,33.869,41.38,18.043,270.0,330.0,269.0,285.0,2.0,MEDIUM,7.0,False,,,,1,True,True,Red Bull Racing
FP1,VER,3,8.0,110.238,39.606,47.127,23.505,241.0,278.0,,255.0,2.0,MEDIUM,8.0,False,,1882.129,,1,False,False,Red Bull Racing
FP1,VER,3,9.0,,,46.301,21.969,247.0,218.0,268.0,245.0,3.0,SOFT,1.0,True,2467.916,,,1,False,False,Red Bull Racing
FP1,VER,3,10.0,92.457,33.292,41.096,18.069,272.0,322.0,268.0,279.0,3.0,SOFT,2.0,True,,,,1,True,True,Red Bull Racing
FP1,VER,3,11.0,118.928,45.368,50.862,22.698,239.0,279.0,,261.0,3.0,SOFT,3.0,True,,2782.352,,1,False,False,Red Bull Racing
FP1,VER,3,12.0,146.812,76.365,46.231,24.216,250.0,258.0,269.0,172.0,4.0,SOFT,4.0,False,2823.476,,,1,False,False,Red Bull Racing
FP1,VER,3,13.0,92.74,33.433,41.223,18.084,275.0,322.0,261.0,278.0,4.0,SOFT,5.0,False,,,,1,False,True,Red Bull Racing
FP1,VER,3,14.0,107.391,38.648,46.342,22.401,244.0,276.0,,259.0,4.0,SOFT,6.0,False,,3129.189,,1,False,False,Red Bull Racing
FP1,VER,3,15.0,,,45.433,21.628,243.0,300.0,273.0,268.0,5.0,MEDIUM,9.0,False,3469.921,,,1,False,False,Red Bull Racing
FP1,VER,3,16.0,96.602,35.186,43.048,18.368,260.0,311.0,277.0,274.0,5.0,MEDIUM,10.0,False,,,,1,False,True,Red Bull Racing
FP1,VER,3,17.0,97.031,35.222,43.134,18.675,260.0,307.0,275.0,272.0,5.0,MEDIUM,11.0,False,,,,1,False,True,Red Bull Racing
FP1,VER,3,18.0,96.614,35.232,42.89,18.492,259.0,310.0,276.0,273.0,5.0,MEDIUM,12.0,False,,,,1,False,True,Red Bull Racing
FP1,VER,3,19.0,96.941,35.209,43.379,18.353,262.0,308.0,275.0,273.0,5.0,MEDIUM,13.0,False,,,,1,False,True,Red Bull Racing
FP1,VER,3,20.0,96.447,35.362,42.812,18.273,262.0,313.0,275.0,277.0,5.0,MEDIUM,14.0,False,,,,1,False,True,Red Bull Racing
FP1,VER,3,21.0,96.316,35.359,42.683,18.274,266.0,313.0,276.0,275.0,5.0,MEDIUM,15.0,False,,,,1,False,True,Red Bull Racing
FP1,VER,3,22.0,97.698,35.339,43.774,18.585,262.0,317.0,273.0,277.0,5.0,MEDIUM,16.0,False,,,,1,False,True,Red Bull Racing
FP1,VER,3,23.0,96.76,35.584,42.779,18.397,260.0,300.0,259.0,278.0,5.0,MEDIUM,17.0,False,,,,1,False,True,Red Bull Racing
FP1,VER,3,24.0,96.839,35.758,42.697,18.384,262.0,313.0,278.0,276.0,5.0,MEDIUM,18.0,False,,,,1,False,True,Red Bull Racing
FP1,VER,3,25.0,96.408,35.277,42.879,18.252,266.0,311.0,276.0,273.0,5.0,MEDIUM,19.0,False,,,,1,False,True,Red Bull Racing
FP1,VER,3,26.0,119.414,43.939,47.226,28.249,198.0,254.0,86.0,219.0,5.0,MEDIUM,20.0,False,,,,1,False,True,Red Bull Racing
FP1,VER,3,27.0,,92.187,46.807,21.904,247.0,274.0,,261.0,5.0,MEDIUM,21.0,False,,4843.794,,1,False,False,Red Bull Racing
FP1,BOR,5,1.0,,,57.37,27.98,237.0,171.0,,218.0,1.0,HARD,1.0,True,881.042,1037.927,,671,False,False,Audi
FP1,BOR,5,2.0,,,55.287,26.065,239.0,219.0,,218.0,2.0,HARD,2.0,False,1117.068,1240.36,,1,False,False,Audi
FP1,BOR,5,3.0,,,55.639,23.873,218.0,218.0,218.0,218.0,3.0,HARD,3.0,False,1668.585,,,1,False,False,Audi
FP1,BOR,5,4.0,117.479,42.128,51.431,23.92,256.0,263.0,258.0,228.0,3.0,HARD,4.0,False,,,,1,True,True,Audi
FP1,BOR,5,5.0,97.444,35.682,42.778,18.984,276.0,316.0,262.0,272.0,3.0,HARD,5.0,False,,,,1,True,True,Audi
FP1,BOR,5,6.0,111.061,42.294,46.684,22.083,278.0,255.0,262.0,221.0,3.0,HARD,6.0,False,,,,1,False,True,Audi
FP1,BOR,5,7.0,95.009,34.521,41.968,18.52,276.0,310.0,264.0,283.0,3.0,HARD,7.0,False,,,,1,True,True,Audi
FP1,BOR,5,8.0,118.162,43.416,48.43,26.316,252.0,257.0,262.0,165.0,3.0,HARD,8.0,False,,,,1,False,True,Audi
FP1,BOR,5,9.0,93.844,34.167,41.522,18.155,277.0,314.0,266.0,280.0,3.0,HARD,9.0,False,,,,1,True,True,Audi
FP1,BOR,5,10.0,114.002,43.489,47.252,23.261,261.0,256.0,260.0,223.0,3.0,HARD,10.0,False,,,,1,False,True,Audi
FP1,BOR,5,11.0,93.073,33.811,41.082,18.18,277.0,313.0,267.0,279.0,3.0,HARD,11.0,False,,,,1,True,True,Audi
FP1,BOR,5,12.0,108.785,38.481,47.129,23.175,273.0,259.0,,250.0,3.0,HARD,12.0,False,,2736.791,,1,False,False,Audi
FP1,BOR,5,13.0,,,46.416,23.791,274.0,260.0,242.0,224.0,4.0,SOFT,1.0,True,3180.738,,,1,False,False,Audi
FP1,BOR,5,14.0,104.72,36.786,46.172,21.762,279.0,255.0,258.0,222.0,4.0,SOFT,2.0,True,,,,1,False,True,Audi
FP1,BOR,5,15.0,93.046,33.69,41.149,18.207,267.0,308.0,265.0,269.0,4.0,SOFT,3.0,True,,,,1,True,True,Audi
FP1,BOR,5,16.0,118.053,44.946,52.2,20.907,194.0,273.0,258.0,225.0,4.0,SOFT,4.0,True,,,,1,False,True,Audi
FP1,BOR,5,17.0,92.759,33.494,41.252,18.013,273.0,311.0,264.0,279.0,4.0,SOFT,5.0,True,,,,1,True,True,Audi
FP1,BOR,5,18.0,146.155,52.118,65.948,28.089,195.0,257.0,252.0,246.0,4.0,SOFT,6.0,True,,,,1,False,True,Audi
FP1,BOR,5,19.0,104.17,37.567,45.405,21.198,274.0,319.0,271.0,242.0,4.0,SOFT,7.0,True,,,,1,False,True,Audi
FP1,BOR,5,20.0,95.317,34.605,42.437,18.275,269.0,311.0,277.0,275.0,4.0,SOFT,8.0,True,,,,1,False,True,Audi
FP1,BOR,5,21.0,94.766,34.058,42.085,18.623,266.0,325.0,279.0,286.0,4.0,SOFT,9.0,True,,,,1,False,True,Audi
FP1,BOR,5,22.0,97.132,35.424,43.112,18.596,266.0,321.0,280.0,276.0,4.0,SOFT,10.0,True,,,,1,False,True,Audi
FP1,BOR,5,23.0,94.631,34.235,42.092,18.304,274.0,300.0,268.0,275.0,4.0,SOFT,11.0,True,,,,1,False,True,Audi
FP1,BOR,5,24.0,95.935,34.63,42.984,18.321,266.0,302.0,268.0,274.0,4.0,SOFT,12.0,True,,,,1,False,True,Audi
FP1,BOR,5,25.0,95.278,34.694,42.403,18.181,260.0,305.0,276.0,276.0,4.0,SOFT,13.0,True,,,,1,False,True,Audi
FP1,BOR,5,26.0,122.186,42.738,50.061,29.387,228.0,259.0,107.0,220.0,4.0,SOFT,14.0,True,,,,1,False,True,Audi
FP1,BOR,5,27.0,,75.802,54.407,26.698,263.0,227.0,,185.0,4.0,SOFT,15.0,True,,4801.114,,1,False,False,Audi
FP1,HAD,6,1.0,,,53.64,26.362,234.0,166.0,257.0,241.0,1.0,MEDIUM,1.0,True,981.967,,,1,False,False,Red Bull Racing
FP1,HAD,6,2.0,94.508,34.383,41.727,18.398,268.0,335.0,270.0,290.0,1.0,MEDIUM,2.0,True,,,,1,True,True,Red Bull Racing
FP1,HAD,6,3.0,132.575,52.815,53.063,26.697,205.0,213.0,259.0,235.0,1.0,MEDIUM,3.0,True,,,,1,False,True,Red Bull Racing
FP1,HAD,6,4.0,93.693,33.734,41.904,18.055,272.0,332.0,274.0,289.0,1.0,MEDIUM,4.0,True,,,,1,True,True,Red Bull Racing
FP1,HAD,6,5.0,147.865,56.151,62.523,29.191,164.0,242.0,262.0,94.0,1.0,MEDIUM,5.0,True,,,,1,False,True,Red Bull Racing
FP1,HAD,6,6.0,112.988,33.971,53.681,25.336,268.0,260.0,265.0,150.0,1.0,MEDIUM,6.0,True,,,,1,False,True,Red Bull Racing
FP1,HAD,6,7.0,92.87,33.689,41.287,17.894,266.0,333.0,266.0,288.0,1.0,MEDIUM,7.0,True,,,,1,True,True,Red Bull Racing
FP1,HAD,6,8.0,125.358,48.144,52.958,24.256,242.0,266.0,,265.0,1.0,MEDIUM,8.0,True,,1902.748,,1,False,False,Red Bull Racing
FP1,HAD,6,9.0,147.8,77.106,48.037,22.657,255.0,267.0,264.0,251.0,2.0,MEDIUM,9.0,False,1941.822,,,1,False,False,Red Bull Racing
FP1,HAD,6,10.0,100.978,33.709,41.349,25.92,270.0,328.0,,213.0,2.0,MEDIUM,10.0,False,,2151.519,,1,False,False,Red Bull Racing
FP1,HAD,6,11.0,,,48.46,23.069,256.0,188.0,263.0,216.0,3.0,SOFT,1.0,True,2573.265,,,1,False,False,Red Bull Racing
FP1,HAD,6,12.0,92.803,33.491,41.261,18.051,268.0,320.0,274.0,278.0,3.0,SOFT,2.0,True,,,,1,True,True,Red Bull Racing
FP1,HAD,6,13.0,135.479,52.902,57.545,25.032,184.0,214.0,261.0,174.0,3.0,SOFT,3.0,True,,,,1,False,True,Red Bull Racing
FP1,HAD,6,14.0,92.996,33.601,41.321,18.074,269.0,324.0,267.0,280.0,3.0,SOFT,4.0,True,,,,1,False,True,Red Bull Racing
FP1,HAD,6,15.0,116.406,44.028,49.18,23.198,224.0,276.0,,236.0,3.0,SOFT,5.0,True,,3120.089,,1,False,False,Red Bull Racing
FP1,HAD,6,16.0,,,43.972,18.972,257.0,310.0,266.0,271.0,4.0,MEDIUM,11.0,False,3537.051,,,1,False,False,Red Bull Racing
FP1,HAD,6,17.0,97.829,35.996,43.271,18.562,260.0,317.0,274.0,278.0,4.0,MEDIUM,12.0,False,,,,1,False,True,Red Bull Racing
FP1,HAD,6,18.0,97.578,35.416,43.551,18.611,260.0,309.0,275.0,273.0,4.0,MEDIUM,13.0,False,,,,1,False,True,Red Bull Racing
FP1,HAD,6,19.0,97.355,35.375,43.44,18.54,262.0,314.0,274.0,277.0,4.0,MEDIUM,14.0,False,,,,1,False,True,Red Bull Racing
FP1,HAD,6,20.0,105.676,38.913,48.18,18.583,232.0,317.0,276.0,278.0,4.0,MEDIUM,15.0,False,,,,1,False,True,Red Bull Racing
FP1,HAD,6,21.0,101.101,35.518,43.557,22.026,259.0,308.0,,276.0,4.0,MEDIUM,16.0,False,,4134.414,,1,False,False,Red Bull Racing
FP1,HAD,6,22.0,144.553,73.16,46.956,24.437,260.0,315.0,273.0,211.0,5.0,MEDIUM,17.0,False,4173.993,,,1,False,False,Red Bull Racing
FP1,HAD,6,23.0,97.649,35.599,43.296,18.754,260.0,312.0,276.0,275.0,5.0,MEDIUM,18.0,False,,,,1,False,True,Red Bull Racing
FP1,HAD,6,24.0,97.128,35.811,42.855,18.462,261.0,320.0,276.0,279.0,5.0,MEDIUM,19.0,False,,,,1,False,True,Red Bull Racing
FP1,HAD,6,25.0,102.648,38.235,44.758,19.655,208.0,317.0,266.0,241.0,5.0,MEDIUM,20.0,False,,,,1,False,True,Red Bull Racing
FP1,HAD,6,26.0,130.886,46.699,49.195,34.992,213.0,277.0,54.0,166.0,5.0,MEDIUM,21.0,False,,,,1,False,True,Red Bull Racing
FP1,HAD,6,27.0,,93.725,44.266,21.526,257.0,282.0,,267.0,5.0,MEDIUM,22.0,False,,4866.699,,1,False,False,Red Bull Racing
FP1,GAS,10,1.0,,,46.379,32.738,259.0,266.0,244.0,274.0,1.0,MEDIUM,1.0,True,948.688,,,1,False,False,Alpine
FP1,GAS,10,2.0,96.409,35.641,42.395,18.373,273.0,327.0,264.0,291.0,1.0,MEDIUM,2.0,True,,,,1,True,True,Alpine
FP1,GAS,10,3.0,127.252,49.9,54.122,23.23,173.0,257.0,258.0,254.0,1.0,MEDIUM,3.0,True,,,,1,False,True,Alpine
FP1,GAS,10,4.0,94.237,34.478,41.625,18.134,272.0,327.0,276.0,288.0,1.0,MEDIUM,4.0,True,,,,1,True,True,Alpine
FP1,GAS,10,5.0,128.659,50.971,49.617,28.071,237.0,267.0,,206.0,1.0,MEDIUM,5.0,True,,1512.403,,1,False,False,Alpine
FP1,GAS,10,6.0,141.792,71.017,49.87,20.905,262.0,267.0,261.0,264.0,2.0,MEDIUM,6.0,False,1541.014,,,1,False,False,Alpine
FP1,GAS,10,7.0,93.816,34.267,41.502,18.047,274.0,326.0,270.0,285.0,2.0,MEDIUM,7.0,False,,,,1,True,True,Alpine
FP1,GAS,10,8.0,127.506,49.554,55.38,22.572,211.0,251.0,260.0,248.0,2.0,MEDIUM,8.0,False,,,,1,False,True,Alpine
FP1,GAS,10,9.0,93.609,34.281,41.292,18.036,276.0,325.0,274.0,283.0,2.0,MEDIUM,9.0,False,,,,1,True,True,Alpine
FP1,GAS,10,10.0,118.273,40.138,50.852,27.283,240.0,239.0,,239.0,2.0,MEDIUM,10.0,False,,2087.073,,1,False,False,Alpine
FP1,GAS,10,11.0,,,45.39,27.802,259.0,258.0,252.0,256.0,3.0,MEDIUM,11.0,False,2704.846,,,1,False,False,Alpine
FP1,GAS,10,12.0,93.996,34.348,41.422,18.226,268.0,322.0,266.0,282.0,3.0,MEDIUM,12.0,False,,,,1,False,True,Alpine
FP1,GAS,10,13.0,132.386,47.915,55.922,28.549,239.0,178.0,,211.0,3.0,MEDIUM,13.0,False,,3044.116,,1,False,False,Alpine
FP1,GAS,10,14.0,137.617,70.736,45.483,21.398,263.0,255.0,265.0,253.0,4.0,SOFT,1.0,True,3080.51,,,1,False,False,Alpine
FP1,GAS,10,15.0,92.978,33.351,41.588,18.039,270.0,313.0,271.0,277.0,4.0,SOFT,2.0,True,,,,1,True,True,Alpine
FP1,GAS,10,16.0,,64.156,74.305,22.9,105.0,241.0,265.0,236.0,4.0,SOFT,3.0,True,,,,1,False,False,Alpine
FP1,GAS,10,17.0,96.903,34.077,41.435,21.391,270.0,315.0,,277.0,4.0,SOFT,4.0,True,,3533.071,,1,False,False,Alpine
FP1,GAS,10,18.0,,,44.513,19.341,257.0,294.0,266.0,271.0,5.0,MEDIUM,14.0,False,3918.514,,,1,False,False,Alpine
FP1,GAS,10,19.0,98.272,36.119,42.762,19.391,259.0,320.0,269.0,284.0,5.0,MEDIUM,15.0,False,,,,1,False,True,Alpine
FP1,GAS,10,20.0,97.367,35.775,43.021,18.571,257.0,311.0,276.0,276.0,5.0,MEDIUM,16.0,False,,,,1,False,True,Alpine
FP1,GAS,10,21.0,98.308,36.732,43.011,18.565,256.0,309.0,278.0,277.0,5.0,MEDIUM,17.0,False,,,,1,False,True,Alpine
FP1,GAS,10,22.0,97.46,35.734,43.036,18.69,256.0,318.0,279.0,281.0,5.0,MEDIUM,18.0,False,,,,1,False,True,Alpine
FP1,GAS,10,23.0,98.292,36.258,43.421,18.613,254.0,312.0,277.0,281.0,5.0,MEDIUM,19.0,False,,,,1,False,True,Alpine
FP1,GAS,10,24.0,134.967,44.88,54.669,35.418,188.0,249.0,46.0,203.0,5.0,MEDIUM,20.0,False,,,,1,False,True,Alpine
FP1,GAS,10,25.0,,81.144,60.219,26.511,272.0,209.0,,247.0,5.0,MEDIUM,21.0,False,,4832.882,,1,False,False,Alpine
FP1,PER,11,1.0,,,48.601,24.992,262.0,272.0,242.0,213.0,1.0,MEDIUM,1.0,True,907.403,,,671,False,False,Cadillac
FP1,PER,11,2.0,98.511,35.766,43.675,19.07,274.0,293.0,237.0,281.0,1.0,MEDIUM,2.0,True,,,,1,True,True,Cadillac
FP1,PER,11,3.0,118.594,42.609,50.901,25.084,184.0,280.0,252.0,192.0,1.0,MEDIUM,3.0,True,,,,1,False,True,Cadillac
FP1,PER,11,4.0,96.438,35.046,42.899,18.493,275.0,326.0,248.0,288.0,1.0,MEDIUM,4.0,True,,,,1,True,True,Cadillac
FP1,PER,11,5.0,122.98,49.187,48.576,25.217,250.0,277.0,,230.0,1.0,MEDIUM,5.0,True,,1466.349,,1,False,False,Cadillac
FP1,PER,11,6.0,143.9,70.705,48.244,24.951,267.0,265.0,246.0,217.0,2.0,MEDIUM,6.0,False,1498.599,,,1,False,False,Cadillac
FP1,PER,11,7.0,95.461,34.775,42.213,18.473,275.0,329.0,260.0,285.0,2.0,MEDIUM,7.0,False,,,,1,True,True,Cadillac
FP1,PER,11,8.0,122.821,51.857,46.827,24.137,230.0,277.0,,267.0,2.0,MEDIUM,8.0,False,,1828.524,,1,False,False,Cadillac
FP1,PER,11,9.0,,,45.564,23.887,273.0,270.0,251.0,208.0,3.0,SOFT,1.0,True,2543.334,,,1,False,False,Cadillac
FP1,PER,11,10.0,94.37,34.34,41.684,18.346,277.0,331.0,260.0,286.0,3.0,SOFT,2.0,True,,,,1,True,True,Cadillac
FP1,PER,11,11.0,139.579,56.906,59.006,23.667,224.0,271.0,252.0,202.0,3.0,SOFT,3.0,True,,,,1,False,True,Cadillac
FP1,PER,11,12.0,94.221,34.127,41.697,18.397,278.0,325.0,253.0,282.0,3.0,SOFT,4.0,True,,,,1,True,True,Cadillac
FP1,PER,11,13.0,111.284,40.971,47.412,22.901,270.0,271.0,,254.0,3.0,SOFT,5.0,True,,3086.238,,1,False,False,Cadillac
FP1,PER,11,14.0,,,43.351,18.931,264.0,314.0,270.0,265.0,4.0,MEDIUM,9.0,False,3545.206,,,1,False,False,Cadillac
FP1,PER,11,15.0,98.002,35.952,43.182,18.868,258.0,302.0,259.0,270.0,4.0,MEDIUM,10.0,False,,,,1,False,True,Cadillac
FP1,PER,11,16.0,98.509,36.391,43.264,18.854,257.0,309.0,250.0,272.0,4.0,MEDIUM,11.0,False,,,,1,False,True,Cadillac
FP1,PER,11,17.0,98.554,36.641,43.283,18.63,256.0,311.0,266.0,276.0,4.0,MEDIUM,12.0,False,,,,1,False,True,Cadillac
FP1,PER,11,18.0,108.595,36.277,43.456,28.862,254.0,309.0,,275.0,4.0,MEDIUM,13.0,False,,4068.836,,1,False,False,Cadillac
FP1,ANT,12,1.0,,,48.408,21.556,266.0,255.0,244.0,229.0,1.0,HARD,1.0,True,890.188,,,671,False,False,Mercedes
FP1,ANT,12,2.0,108.692,39.685,47.107,21.9,247.0,232.0,269.0,261.0,1.0,HARD,2.0,True,,,,1,True,True,Mercedes
FP1,ANT,12,3.0,94.644,34.7,41.76,18.184,278.0,328.0,250.0,283.0,1.0,HARD,3.0,True,,,,1,True,True,Mercedes
FP1,ANT,12,4.0,131.772,45.452,61.366,24.954,102.0,261.0,222.0,232.0,1.0,HARD,4.0,True,,,,1,False,True,Mercedes
FP1,ANT,12,5.0,116.147,40.408,48.113,27.626,261.0,256.0,236.0,177.0,1.0,HARD,5.0,True,,,,1,False,True,Mercedes
FP1,ANT,12,6.0,92.958,33.85,41.17,17.938,279.0,330.0,257.0,285.0,1.0,HARD,6.0,True,,,,1,True,True,Mercedes
FP1,ANT,12,7.0,126.504,48.126,48.07,30.308,237.0,260.0,242.0,111.0,1.0,HARD,7.0,True,,,,1,False,True,Mercedes
FP1,ANT,12,8.0,92.304,33.696,40.703,17.905,281.0,329.0,266.0,284.0,1.0,HARD,8.0,True,,,,1,True,True,Mercedes
FP1,ANT,12,9.0,129.682,51.134,54.492,24.056,113.0,249.0,,247.0,1.0,HARD,9.0,True,,1915.308,,1,False,False,Mercedes
FP1,ANT,12,10.0,,,45.064,23.592,256.0,252.0,245.0,253.0,2.0,SOFT,1.0,True,2230.816,,,1,False,False,Mercedes
FP1,ANT,12,11.0,92.032,33.421,40.68,17.931,276.0,325.0,258.0,280.0,2.0,SOFT,2.0,True,,,,1,True,True,Mercedes
FP1,ANT,12,12.0,138.209,46.95,66.338,24.921,219.0,275.0,243.0,224.0,2.0,SOFT,3.0,True,,,,1,False,True,Mercedes
FP1,ANT,12,13.0,91.692,33.547,40.258,17.887,276.0,324.0,256.0,278.0,2.0,SOFT,4.0,True,,,,1,True,True,Mercedes
FP1,ANT,12,14.0,140.065,56.973,60.898,22.194,127.0,260.0,243.0,229.0,2.0,SOFT,5.0,True,,,,1,False,True,Mercedes
FP1,ANT,12,15.0,101.962,33.183,43.263,25.516,278.0,262.0,,216.0,2.0,SOFT,6.0,True,,2898.92,,1,False,False,Mercedes
FP1,ANT,12,16.0,,,43.29,19.276,266.0,309.0,263.0,270.0,3.0,SOFT,7.0,False,3340.288,,,1,False,False,Mercedes
FP1,ANT,12,17.0,96.164,35.278,42.598,18.288,254.0,315.0,276.0,276.0,3.0,SOFT,8.0,False,,,,1,False,True,Mercedes
FP1,ANT,12,18.0,95.812,34.804,42.702,18.306,256.0,312.0,276.0,274.0,3.0,SOFT,9.0,False,,,,1,False,True,Mercedes
FP1,ANT,12,19.0,97.361,35.766,42.711,18.884,244.0,310.0,266.0,265.0,3.0,SOFT,10.0,False,,,,1,False,True,Mercedes
FP1,ANT,12,20.0,97.081,35.187,43.302,18.592,255.0,301.0,275.0,269.0,3.0,SOFT,11.0,False,,,,1,False,True,Mercedes
FP1,ANT,12,21.0,95.562,34.786,42.489,18.287,256.0,313.0,276.0,276.0,3.0,SOFT,12.0,False,,,,1,False,True,Mercedes
FP1,ANT,12,22.0,95.676,34.818,42.492,18.366,256.0,312.0,278.0,273.0,3.0,SOFT,13.0,False,,,,1,False,True,Mercedes
FP1,ANT,12,23.0,99.921,34.726,42.603,22.592,257.0,309.0,,273.0,3.0,SOFT,14.0,False,,4114.152,,1,False,False,Mercedes
FP1,ANT,12,24.0,,,52.916,19.874,252.0,258.0,257.0,265.0,4.0,HARD,10.0,False,4409.779,,,1,False,False,Mercedes
FP1,ANT,12,25.0,126.644,40.093,54.311,32.24,212.0,206.0,81.0,197.0,4.0,HARD,11.0,False,,,,1,False,True,Mercedes
FP1,ANT,12,26.0,,89.053,44.085,21.784,260.0,285.0,,266.0,4.0,HARD,12.0,False,,4852.166,,1,False,False,Mercedes
FP1,LEC,16,1.0,,,48.731,20.312,250.0,272.0,275.0,258.0,1.0,HARD,1.0,True,895.673,,,671,False,False,Ferrari
FP1,LEC,16,2.0,97.246,35.165,43.232,18.849,256.0,310.0,275.0,276.0,1.0,HARD,2.0,True,,,,1,True,True,Ferrari
FP1,LEC,16,3.0,94.511,34.136,42.034,18.341,258.0,310.0,275.0,278.0,1.0,HARD,3.0,True,,,,1,True,True,Ferrari
FP1,LEC,16,4.0,134.235,45.823,65.517,22.895,170.0,249.0,276.0,236.0,1.0,HARD,4.0,True,,,,1,False,True,Ferrari
FP1,LEC,16,5.0,92.833,33.32,41.422,18.091,276.0,322.0,264.0,285.0,1.0,HARD,5.0,True,,,,1,True,True,Ferrari
FP1,LEC,16,6.0,125.071,45.552,59.85,19.669,182.0,255.0,281.0,255.0,1.0,HARD,6.0,True,,,,1,False,True,Ferrari
FP1,LEC,16,7.0,92.26,33.229,40.892,18.139,276.0,328.0,253.0,285.0,1.0,HARD,7.0,True,,,,1,True,True,Ferrari
FP1,LEC,16,8.0,119.351,42.714,51.07,25.567,170.0,262.0,,201.0,1.0,HARD,8.0,True,,1765.388,,1,False,False,Ferrari
FP1,LEC,16,9.0,,,45.25,24.997,266.0,246.0,,243.0,2.0,HARD,9.0,False,2240.244,2348.755,,1,False,False,Ferrari
FP1,LEC,16,10.0,140.903,74.387,42.603,23.913,263.0,296.0,,255.0,3.0,HARD,10.0,False,2370.872,2489.673,,1,False,False,Ferrari
FP1,LEC,16,11.0,,,44.66,22.898,266.0,269.0,276.0,193.0,4.0,SOFT,1.0,True,2840.846,,,1,False,False,Ferrari
FP1,LEC,16,12.0,110.679,32.984,54.483,23.212,277.0,252.0,264.0,199.0,4.0,SOFT,2.0,True,,,,1,False,True,Ferrari
FP1,LEC,16,13.0,107.813,33.182,45.805,28.826,277.0,214.0,173.0,186.0,4.0,SOFT,3.0,True,,,,1,False,True,Ferrari
FP1,LEC,16,14.0,144.378,57.843,65.298,21.237,172.0,229.0,266.0,237.0,4.0,SOFT,4.0,True,,,,1,False,True,Ferrari
FP1,LEC,16,15.0,105.388,34.54,48.643,22.205,271.0,259.0,268.0,251.0,4.0,SOFT,5.0,True,,,,1,False,True,Ferrari
FP1,LEC,16,16.0,112.134,34.478,56.156,21.5,233.0,254.0,263.0,220.0,4.0,SOFT,6.0,True,,,,1,False,True,Ferrari
FP1,LEC,16,17.0,91.955,33.129,40.59,18.236,276.0,323.0,267.0,280.0,4.0,SOFT,7.0,True,,,,1,True,True,Ferrari
FP1,LEC,16,18.0,111.682,39.777,45.847,26.058,237.0,273.0,,234.0,4.0,SOFT,8.0,True,,3732.245,,1,False,False,Ferrari
FP1,LEC,16,19.0,,,42.438,21.709,259.0,322.0,275.0,235.0,5.0,SOFT,9.0,False,4047.213,,,1,False,False,Ferrari
FP1,LEC,16,20.0,95.074,34.541,42.366,18.167,255.0,319.0,278.0,282.0,5.0,SOFT,10.0,False,,,,1,False,True,Ferrari
FP1,LEC,16,21.0,95.216,34.71,42.349,18.157,257.0,317.0,280.0,283.0,5.0,SOFT,11.0,False,,,,1,False,True,Ferrari
FP1,LEC,16,22.0,96.18,35.242,42.595,18.343,252.0,330.0,283.0,290.0,5.0,SOFT,12.0,False,,,,1,False,True,Ferrari
FP1,LEC,16,23.0,96.053,34.669,42.978,18.406,254.0,324.0,277.0,278.0,5.0,SOFT,13.0,False,,,,1,False,True,Ferrari
FP1,LEC,16,24.0,107.878,34.921,42.296,30.661,258.0,310.0,70.0,265.0,5.0,SOFT,14.0,False,,,,1,False,True,Ferrari
FP1,LEC,16,25.0,148.686,74.683,46.464,27.539,246.0,275.0,,181.0,5.0,SOFT,15.0,False,,4784.794,,1,False,False,Ferrari
FP1,STR,18,1.0,,,48.975,30.81,237.0,298.0,261.0,167.0,1.0,HARD,1.0,True,915.618,,,671,False,False,Aston Martin
FP1,STR,18,2.0,102.445,37.09,45.617,19.738,248.0,304.0,269.0,269.0,1.0,HARD,2.0,True,,,,1,True,True,Aston Martin
FP1,STR,18,3.0,123.015,36.489,50.229,36.297,249.0,208.0,,186.0,1.0,HARD,3.0,True,,1278.669,,1,False,False,Aston Martin
FP1,STR,18,4.0,,,51.992,31.048,250.0,198.0,256.0,225.0,2.0,HARD,4.0,False,1935.536,,,1,False,False,Aston Martin
FP1,STR,18,5.0,98.307,36.115,43.551,18.641,272.0,324.0,244.0,277.0,2.0,HARD,5.0,False,,,,1,True,True,Aston Martin
FP1,STR,18,6.0,121.316,44.678,51.637,25.001,230.0,257.0,253.0,228.0,2.0,HARD,6.0,False,,,,1,False,True,Aston Martin
FP1,STR,18,7.0,97.128,35.401,43.187,18.54,269.0,322.0,241.0,275.0,2.0,HARD,7.0,False,,,,1,True,True,Aston Martin
FP1,STR,18,8.0,132.222,51.029,54.704,26.489,220.0,248.0,241.0,235.0,2.0,HARD,8.0,False,,,,1,False,True,Aston Martin
FP1,STR,18,9.0,96.939,35.403,43.133,18.403,266.0,321.0,249.0,275.0,2.0,HARD,9.0,False,,,,1,True,True,Aston Martin
FP1,STR,18,10.0,142.833,46.487,63.421,32.925,230.0,199.0,253.0,98.0,2.0,HARD,10.0,False,,,,1,False,True,Aston Martin
FP1,STR,18,11.0,123.919,41.423,55.699,26.797,246.0,233.0,,231.0,2.0,HARD,11.0,False,,2872.788,,1,False,False,Aston Martin
FP1,STR,18,12.0,,,45.43,25.248,246.0,296.0,251.0,269.0,3.0,HARD,12.0,False,3302.077,,,1,False,False,Aston Martin
FP1,STR,18,13.0,98.877,35.839,44.236,18.802,253.0,302.0,271.0,265.0,3.0,HARD,13.0,False,,,,1,False,True,Aston Martin
FP1,STR,18,14.0,112.795,35.605,48.833,28.357,257.0,73.0,196.0,230.0,3.0,HARD,14.0,False,,,,1,False,True,Aston Martin
FP1,STR,18,15.0,113.376,43.515,45.216,24.645,253.0,277.0,,250.0,3.0,HARD,15.0,False,,3734.981,,1,False,False,Aston Martin
FP1,STR,18,16.0,,,50.962,21.516,253.0,253.0,253.0,244.0,4.0,SOFT,1.0,True,4013.469,,,1,False,False,Aston Martin
FP1,STR,18,17.0,95.769,34.765,42.518,18.486,269.0,316.0,253.0,271.0,4.0,SOFT,2.0,True,,,,1,True,True,Aston Martin
FP1,STR,18,18.0,129.047,54.887,50.321,23.839,207.0,263.0,254.0,230.0,4.0,SOFT,3.0,True,,,,1,False,True,Aston Martin
FP1,STR,18,19.0,95.294,34.508,42.324,18.462,271.0,308.0,252.0,270.0,4.0,SOFT,4.0,True,,,,1,True,True,Aston Martin
FP1,STR,18,20.0,138.248,50.72,57.971,29.557,226.0,257.0,249.0,215.0,4.0,SOFT,5.0,True,,,,1,False,True,Aston Martin
FP1,STR,18,21.0,143.69,39.802,61.668,42.22,195.0,244.0,31.0,191.0,4.0,SOFT,6.0,True,,,,1,False,True,Aston Martin
FP1,STR,18,22.0,,,63.196,35.115,183.0,176.0,,168.0,4.0,SOFT,7.0,True,,4927.044,,1,False,False,Aston Martin
FP1,ALB,23,1.0,,,50.409,31.304,256.0,239.0,,238.0,1.0,HARD,1.0,True,958.302,1078.813,,1,False,False,Williams
FP1,ALB,23,2.0,,,46.649,23.372,251.0,252.0,262.0,252.0,2.0,HARD,2.0,False,1644.102,,,1,False,False,Williams
FP1,ALB,23,3.0,95.486,34.939,42.144,18.403,273.0,319.0,261.0,281.0,2.0,HARD,3.0,False,,,,1,True,True,Williams
FP1,ALB,23,4.0,112.059,40.909,48.294,22.856,239.0,277.0,258.0,242.0,2.0,HARD,4.0,False,,,,1,False,True,Williams
FP1,ALB,23,5.0,94.243,34.481,41.508,18.254,276.0,319.0,260.0,279.0,2.0,HARD,5.0,False,,,,1,True,True,Williams
FP1,ALB,23,6.0,128.597,53.576,52.075,22.946,201.0,255.0,258.0,203.0,2.0,HARD,6.0,False,,,,1,False,True,Williams
FP1,ALB,23,7.0,125.662,34.708,64.279,26.675,276.0,166.0,252.0,172.0,2.0,HARD,7.0,False,,,,1,False,True,Williams
FP1,ALB,23,8.0,102.176,36.272,44.355,21.549,276.0,267.0,259.0,259.0,2.0,HARD,8.0,False,,,,1,False,True,Williams
FP1,ALB,23,9.0,96.16,34.671,43.049,18.44,275.0,315.0,243.0,278.0,2.0,HARD,9.0,False,,,,1,False,True,Williams
FP1,ALB,23,10.0,121.776,49.195,51.789,20.792,193.0,258.0,260.0,252.0,2.0,HARD,10.0,False,,,,1,False,True,Williams
FP1,ALB,23,11.0,93.886,34.227,41.41,18.249,275.0,316.0,257.0,276.0,2.0,HARD,11.0,False,,,,1,True,True,Williams
FP1,ALB,23,12.0,114.969,42.396,50.953,21.62,196.0,249.0,260.0,248.0,2.0,HARD,12.0,False,,,,1,False,True,Williams
FP1,ALB,23,13.0,117.591,34.196,59.029,24.366,274.0,251.0,,247.0,2.0,HARD,13.0,False,,2954.067,,1,False,False,Williams
FP1,ALB,23,14.0,,,45.64,21.835,261.0,276.0,259.0,266.0,3.0,SOFT,1.0,True,3359.397,,,1,False,False,Williams
FP1,ALB,23,15.0,93.791,33.819,41.661,18.311,273.0,313.0,261.0,273.0,3.0,SOFT,2.0,True,,,,1,True,True,Williams
FP1,ALB,23,16.0,147.478,56.298,68.289,22.891,136.0,183.0,255.0,231.0,3.0,SOFT,3.0,True,,,,1,False,True,Williams
FP1,ALB,23,17.0,93.697,34.089,41.333,18.275,276.0,318.0,256.0,276.0,3.0,SOFT,4.0,True,,,,1,True,True,Williams
FP1,ALB,23,18.0,124.367,54.473,46.733,23.161,182.0,258.0,,254.0,3.0,SOFT,5.0,True,,3921.955,,1,False,False,Williams
FP1,ALB,23,19.0,,75.766,43.117,31.127,276.0,328.0,,281.0,4.0,HARD,14.0,False,3958.827,4071.868,,1,False,False,Williams
FP1,ALB,23,20.0,,,43.599,20.879,276.0,243.0,272.0,232.0,5.0,SOFT,6.0,False,4448.052,,,1,False,False,Williams
FP1,ALB,23,21.0,124.21,39.165,49.831,35.214,223.0,236.0,62.0,214.0,5.0,SOFT,7.0,False,,,,1,False,True,Williams
FP1,ALB,23,22.0,,82.819,47.156,21.721,249.0,278.0,,265.0,5.0,SOFT,8.0,False,,4848.072,,1,False,False,Williams
FP1,HUL,27,1.0,,,49.353,25.069,257.0,264.0,,259.0,1.0,MEDIUM,1.0,True,877.826,995.351,,671,False,False,Audi
FP1,HUL,27,2.0,,,47.075,24.47,265.0,262.0,237.0,222.0,2.0,MEDIUM,2.0,False,1233.544,,,1,False,False,Audi
FP1,HUL,27,3.0,95.725,34.796,42.521,18.408,273.0,327.0,272.0,284.0,2.0,MEDIUM,3.0,False,,,,1,True,True,Audi
FP1,HUL,27,4.0,123.44,47.678,51.62,24.142,179.0,227.0,248.0,256.0,2.0,MEDIUM,4.0,False,,,,1,False,True,Audi
FP1,HUL,27,5.0,94.737,34.333,42.054,18.35,270.0,323.0,266.0,281.0,2.0,MEDIUM,5.0,False,,,,1,True,True,Audi
FP1,HUL,27,6.0,141.249,50.282,64.015,26.952,167.0,166.0,237.0,258.0,2.0,MEDIUM,6.0,False,,,,1,False,True,Audi
FP1,HUL,27,7.0,94.079,34.287,41.569,18.223,276.0,323.0,273.0,280.0,2.0,MEDIUM,7.0,False,,,,1,True,True,Audi
FP1,HUL,27,8.0,111.563,42.617,45.448,23.498,268.0,278.0,,227.0,2.0,MEDIUM,8.0,False,,2002.795,,1,False,False,Audi
FP1,HUL,27,9.0,,,46.434,21.726,270.0,255.0,257.0,214.0,3.0,SOFT,1.0,True,2423.623,,,1,False,False,Audi
FP1,HUL,27,10.0,93.077,33.704,41.37,18.003,266.0,316.0,270.0,276.0,3.0,SOFT,2.0,True,,,,1,True,True,Audi
FP1,HUL,27,11.0,147.347,49.404,61.707,36.236,160.0,148.0,249.0,178.0,3.0,SOFT,3.0,True,,,,1,False,True,Audi
FP1,HUL,27,12.0,92.798,33.803,41.143,17.852,273.0,318.0,267.0,278.0,3.0,SOFT,4.0,True,,,,1,True,True,Audi
FP1,HUL,27,13.0,110.74,38.745,46.912,25.083,239.0,261.0,,215.0,3.0,SOFT,5.0,True,,2972.013,,1,False,False,Audi
FP1,HUL,27,14.0,,,46.89,23.022,218.0,271.0,250.0,220.0,4.0,SOFT,6.0,False,3044.325,,,1,False,False,Audi
FP1,HUL,27,15.0,93.032,33.936,41.218,17.878,265.0,323.0,267.0,281.0,4.0,SOFT,7.0,False,,,,1,False,True,Audi
FP1,HUL,27,16.0,138.567,51.372,63.648,23.547,170.0,155.0,258.0,230.0,4.0,SOFT,8.0,False,,,,1,False,True,Audi
FP1,HUL,27,17.0,99.31,33.888,41.028,24.394,267.0,322.0,,276.0,4.0,SOFT,9.0,False,,3485.196,,1,False,False,Audi
FP1,HUL,27,18.0,,,43.535,18.37,271.0,316.0,277.0,276.0,5.0,MEDIUM,9.0,False,3815.322,,,1,False,False,Audi
FP1,HUL,27,19.0,95.606,34.826,42.425,18.355,261.0,314.0,275.0,281.0,5.0,MEDIUM,10.0,False,,,,1,False,True,Audi
FP1,HUL,27,20.0,97.76,35.568,43.732,18.46,262.0,315.0,278.0,283.0,5.0,MEDIUM,11.0,False,,,,1,False,True,Audi
FP1,HUL,27,21.0,95.926,34.899,42.539,18.488,264.0,311.0,271.0,282.0,5.0,MEDIUM,12.0,False,,,,1,False,True,Audi
FP1,HUL,27,22.0,96.644,35.381,42.791,18.472,258.0,312.0,271.0,281.0,5.0,MEDIUM,13.0,False,,,,1,False,True,Audi
FP1,HUL,27,23.0,96.15,35.251,42.555,18.344,258.0,311.0,276.0,281.0,5.0,MEDIUM,14.0,False,,,,1,False,True,Audi
FP1,HUL,27,24.0,96.066,35.178,42.582,18.306,258.0,313.0,275.0,281.0,5.0,MEDIUM,15.0,False,,,,1,False,True,Audi
FP1,HUL,27,25.0,123.457,42.31,51.827,29.32,215.0,267.0,82.0,218.0,5.0,MEDIUM,16.0,False,,,,1,False,True,Audi
FP1,HUL,27,26.0,,78.943,48.837,25.202,218.0,218.0,,219.0,5.0,MEDIUM,17.0,False,,4778.344,,1,False,False,Audi
FP1,LAW,30,1.0,,,49.388,28.186,246.0,241.0,262.0,185.0,1.0,HARD,1.0,True,959.63,,,1,False,False,Racing Bulls
FP1,LAW,30,2.0,97.315,35.115,43.433,18.767,254.0,319.0,278.0,279.0,1.0,HARD,2.0,True,,,,1,True,True,Racing Bulls
FP1,LAW,30,3.0,96.245,35.059,42.841,18.345,259.0,314.0,280.0,279.0,1.0,HARD,3.0,True,,,,1,True,True,Racing Bulls
FP1,LAW,30,4.0,126.046,44.889,59.792,21.365,217.0,259.0,267.0,231.0,1.0,HARD,4.0,True,,,,1,False,True,Racing Bulls
FP1,LAW,30,5.0,93.677,34.28,41.367,18.03,267.0,333.0,276.0,286.0,1.0,HARD,5.0,True,,,,1,True,True,Racing Bulls
FP1,LAW,30,6.0,111.997,39.867,47.65,24.48,239.0,260.0,,258.0,1.0,HARD,6.0,True,,1602.23,,1,False,False,Racing Bulls
FP1,LAW,30,7.0,137.908,68.679,48.782,20.447,245.0,258.0,272.0,255.0,2.0,HARD,7.0,False,1634.347,,,1,False,False,Racing Bulls
FP1,LAW,30,8.0,93.105,33.966,41.134,18.005,272.0,332.0,272.0,284.0,2.0,HARD,8.0,False,,,,1,True,True,Racing Bulls
FP1,LAW,30,9.0,117.19,41.705,54.428,21.057,212.0,258.0,261.0,254.0,2.0,HARD,9.0,False,,,,1,False,True,Racing Bulls
FP1,LAW,30,10.0,93.022,33.958,41.122,17.942,275.0,325.0,272.0,279.0,2.0,HARD,10.0,False,,,,1,True,True,Racing Bulls
FP1,LAW,30,11.0,112.794,39.814,48.64,24.34,135.0,260.0,,252.0,2.0,HARD,11.0,False,,2156.367,,1,False,False,Racing Bulls
FP1,LAW,30,12.0,,,47.155,22.477,255.0,266.0,266.0,213.0,3.0,SOFT,1.0,True,2583.072,,,1,False,False,Racing Bulls
FP1,LAW,30,13.0,102.669,33.519,43.061,26.089,277.0,197.0,211.0,170.0,3.0,SOFT,2.0,True,,,,1,False,True,Racing Bulls
FP1,LAW,30,14.0,131.83,47.164,60.964,23.702,199.0,262.0,264.0,258.0,3.0,SOFT,3.0,True,,,,1,False,True,Racing Bulls
FP1,LAW,30,15.0,93.029,33.763,41.039,18.227,275.0,312.0,269.0,274.0,3.0,SOFT,4.0,True,,,,1,False,True,Racing Bulls
FP1,LAW,30,16.0,124.676,44.939,57.737,22.0,198.0,258.0,234.0,250.0,3.0,SOFT,5.0,True,,,,1,False,True,Racing Bulls
FP1,LAW,30,17.0,118.851,41.769,55.798,21.284,246.0,258.0,264.0,238.0,3.0,SOFT,6.0,True,,,,1,False,True,Racing Bulls
FP1,LAW,30,18.0,92.529,33.679,40.807,18.043,277.0,317.0,272.0,276.0,3.0,SOFT,7.0,True,,,,1,True,True,Racing Bulls
FP1,LAW,30,19.0,115.515,39.037,51.044,25.434,241.0,199.0,,234.0,3.0,SOFT,8.0,True,,3467.729,,1,False,False,Racing Bulls
FP1,LAW,30,20.0,,,43.63,18.478,267.0,309.0,273.0,274.0,4.0,SOFT,9.0,False,3953.157,,,1,False,False,Racing Bulls
FP1,LAW,30,21.0,97.009,35.549,42.667,18.793,265.0,316.0,277.0,279.0,4.0,SOFT,10.0,False,,,,1,False,True,Racing Bulls
FP1,LAW,30,22.0,96.811,35.683,42.825,18.303,261.0,321.0,276.0,282.0,4.0,SOFT,11.0,False,,,,1,False,True,Racing Bulls
FP1,LAW,30,23.0,97.54,35.585,43.399,18.556,261.0,316.0,270.0,277.0,4.0,SOFT,12.0,False,,,,1,False,True,Racing Bulls
FP1,LAW,30,24.0,97.48,35.743,43.156,18.581,264.0,313.0,267.0,277.0,4.0,SOFT,13.0,False,,,,1,False,True,Racing Bulls
FP1,LAW,30,25.0,98.374,35.876,43.635,18.863,261.0,292.0,274.0,269.0,4.0,SOFT,14.0,False,,,,1,False,True,Racing Bulls
FP1,LAW,30,26.0,144.598,43.683,60.061,40.854,195.0,137.0,52.0,188.0,4.0,SOFT,15.0,False,,,,1,False,True,Racing Bulls
FP1,LAW,30,27.0,,83.477,49.337,27.778,269.0,199.0,,216.0,4.0,SOFT,16.0,False,,4841.596,,1,False,False,Racing Bulls
FP1,OCO,31,1.0,,,73.123,37.817,217.0,199.0,,198.0,1.0,HARD,1.0,True,902.928,1077.664,,671,False,False,Haas F1 Team
FP1,OCO,31,2.0,,,46.672,23.489,261.0,255.0,241.0,239.0,2.0,HARD,2.0,False,1614.157,,,1,False,False,Haas F1 Team
FP1,OCO,31,3.0,96.879,35.78,42.388,18.711,272.0,323.0,254.0,275.0,2.0,HARD,3.0,False,,,,1,True,True,Haas F1 Team
FP1,OCO,31,4.0,112.688,38.672,48.221,25.795,263.0,273.0,238.0,178.0,2.0,HARD,4.0,False,,,,1,False,True,Haas F1 Team
FP1,OCO,31,5.0,94.679,34.613,41.731,18.335,275.0,320.0,259.0,277.0,2.0,HARD,5.0,False,,,,1,True,True,Haas F1 Team
FP1,OCO,31,6.0,123.028,47.601,50.337,25.09,210.0,271.0,249.0,244.0,2.0,HARD,6.0,False,,,,1,False,True,Haas F1 Team
FP1,OCO,31,7.0,93.955,34.265,41.545,18.145,276.0,318.0,262.0,276.0,2.0,HARD,7.0,False,,,,1,True,True,Haas F1 Team
FP1,OCO,31,8.0,118.808,46.411,51.639,20.758,194.0,266.0,247.0,260.0,2.0,HARD,8.0,False,,,,1,False,True,Haas F1 Team
FP1,OCO,31,9.0,93.362,34.011,41.277,18.074,277.0,320.0,263.0,277.0,2.0,HARD,9.0,False,,,,1,True,True,Haas F1 Team
FP1,OCO,31,10.0,113.443,40.867,46.426,26.15,263.0,277.0,,260.0,2.0,HARD,10.0,False,,2567.63,,1,False,False,Haas F1 Team
FP1,OCO,31,11.0,,,48.12,21.552,263.0,266.0,255.0,257.0,3.0,SOFT,1.0,True,3117.216,,,1,False,False,Haas F1 Team
FP1,OCO,31,12.0,92.674,33.392,41.206,18.076,278.0,320.0,263.0,278.0,3.0,SOFT,2.0,True,,,,1,True,True,Haas F1 Team
FP1,OCO,31,13.0,132.034,47.623,57.119,27.292,198.0,232.0,,216.0,3.0,SOFT,3.0,True,,3448.596,,1,False,False,Haas F1 Team
FP1,OCO,31,14.0,,,51.629,22.073,235.0,271.0,250.0,260.0,4.0,SOFT,4.0,False,3501.577,,,1,False,False,Haas F1 Team
FP1,OCO,31,15.0,92.601,33.759,40.923,17.919,277.0,324.0,264.0,281.0,4.0,SOFT,5.0,False,,,,1,True,True,Haas F1 Team
FP1,OCO,31,16.0,103.418,36.25,45.187,21.981,254.0,268.0,,266.0,4.0,SOFT,6.0,False,,3840.319,,1,False,False,Haas F1 Team
FP1,OCO,31,17.0,,,42.149,19.543,263.0,316.0,268.0,277.0,5.0,HARD,11.0,False,4058.195,,,1,False,False,Haas F1 Team
FP1,OCO,31,18.0,95.993,35.302,42.282,18.409,258.0,308.0,263.0,274.0,5.0,HARD,12.0,False,,,,1,False,True,Haas F1 Team
FP1,OCO,31,19.0,96.154,35.25,42.355,18.549,260.0,308.0,268.0,274.0,5.0,HARD,13.0,False,,,,1,False,True,Haas F1 Team
FP1,OCO,31,20.0,96.28,35.43,42.388,18.462,259.0,312.0,272.0,277.0,5.0,HARD,14.0,False,,,,1,False,True,Haas F1 Team
FP1,OCO,31,21.0,96.329,35.353,42.589,18.387,257.0,312.0,275.0,278.0,5.0,HARD,15.0,False,,,,1,False,True,Haas F1 Team
FP1,OCO,31,22.0,138.401,45.077,56.651,36.673,186.0,208.0,52.0,164.0,5.0,HARD,16.0,False,,,,1,False,True,Haas F1 Team
FP1,OCO,31,23.0,149.661,78.71,48.936,22.015,224.0,267.0,,256.0,5.0,HARD,17.0,False,,4825.958,,1,False,False,Haas F1 Team
FP1,CRA,34,1.0,,,55.279,25.151,246.0,185.0,252.0,198.0,1.0,HARD,1.0,True,892.554,,,671,False,False,Aston Martin
FP1,CRA,34,2.0,116.847,40.909,49.751,26.187,246.0,276.0,,230.0,1.0,HARD,2.0,True,,1138.016,,1,False,False,Aston Martin
FP1,CRA,34,3.0,,83.428,49.534,21.126,250.0,273.0,259.0,255.0,2.0,HARD,3.0,False,1182.388,,,1,False,False,Aston Martin
FP1,CRA,34,4.0,111.899,38.365,47.954,25.58,252.0,247.0,,262.0,2.0,HARD,4.0,False,,1404.018,,1,False,False,Aston Martin
FP1,CRA,34,5.0,,,50.051,24.12,247.0,239.0,243.0,221.0,3.0,HARD,5.0,False,2693.715,,,1,False,False,Aston Martin
FP1,CRA,34,6.0,99.495,36.282,44.08,19.133,267.0,317.0,249.0,269.0,3.0,HARD,6.0,False,,,,1,True,True,Aston Martin
FP1,CRA,34,7.0,128.202,51.834,52.438,23.93,244.0,223.0,248.0,218.0,3.0,HARD,7.0,False,,,,1,False,True,Aston Martin
FP1,CRA,34,8.0,97.099,35.29,42.949,18.86,269.0,316.0,249.0,269.0,3.0,HARD,8.0,False,,,,1,True,True,Aston Martin
FP1,CRA,34,9.0,120.304,45.391,50.727,24.186,251.0,255.0,251.0,241.0,3.0,HARD,9.0,False,,,,1,False,True,Aston Martin
FP1,CRA,34,10.0,96.362,34.927,42.791,18.644,271.0,315.0,250.0,268.0,3.0,HARD,10.0,False,,,,1,True,True,Aston Martin
FP1,CRA,34,11.0,136.719,46.055,61.66,29.004,241.0,214.0,,199.0,3.0,HARD,11.0,False,,3484.412,,1,False,False,Aston Martin
FP1,LIN,41,1.0,,,47.286,28.256,228.0,301.0,238.0,261.0,1.0,HARD,1.0,True,917.511,,,71,False,False,Racing Bulls
FP1,LIN,41,2.0,97.043,35.782,42.963,18.298,265.0,323.0,281.0,297.0,1.0,HARD,2.0,True,,,,1,True,True,Racing Bulls
FP1,LIN,41,3.0,108.037,41.114,45.4,21.523,258.0,319.0,264.0,245.0,1.0,HARD,3.0,True,,,,1,False,True,Racing Bulls
FP1,LIN,41,4.0,96.978,34.598,44.012,18.368,262.0,318.0,283.0,282.0,1.0,HARD,4.0,True,,,,1,False,True,Racing Bulls
FP1,LIN,41,5.0,94.794,34.027,42.425,18.342,266.0,317.0,282.0,282.0,1.0,HARD,5.0,True,,,,1,True,True,Racing Bulls
FP1,LIN,41,6.0,107.731,38.399,46.585,22.747,254.0,281.0,,243.0,1.0,HARD,6.0,True,,1563.763,,1,False,False,Racing Bulls
FP1,LIN,41,7.0,136.524,68.225,47.122,21.177,259.0,246.0,264.0,259.0,2.0,HARD,7.0,False,1595.707,,,1,False,False,Racing Bulls
FP1,LIN,41,8.0,93.458,34.161,41.408,17.889,264.0,336.0,271.0,290.0,2.0,HARD,8.0,False,,,,1,True,True,Racing Bulls
FP1,LIN,41,9.0,123.889,48.555,50.061,25.273,239.0,221.0,266.0,198.0,2.0,HARD,9.0,False,,,,1,False,True,Racing Bulls
FP1,LIN,41,10.0,92.891,33.889,41.015,17.987,269.0,332.0,269.0,284.0,2.0,HARD,10.0,False,,,,1,True,True,Racing Bulls
FP1,LIN,41,11.0,115.542,42.454,51.347,21.741,210.0,281.0,,267.0,2.0,HARD,11.0,False,,2126.039,,1,False,False,Racing Bulls
FP1,LIN,41,12.0,137.108,70.487,46.023,20.598,251.0,251.0,272.0,255.0,3.0,HARD,12.0,False,2156.79,,,1,False,False,Racing Bulls
FP1,LIN,41,13.0,97.094,34.056,41.932,21.106,270.0,330.0,,283.0,3.0,HARD,13.0,False,,2359.703,,1,False,False,Racing Bulls
FP1,LIN,41,14.0,,,49.147,21.174,229.0,252.0,263.0,253.0,4.0,SOFT,1.0,True,2594.455,,,1,False,False,Racing Bulls
FP1,LIN,41,15.0,104.059,33.739,44.642,25.678,269.0,216.0,229.0,190.0,4.0,SOFT,2.0,True,,,,1,False,True,Racing Bulls
FP1,LIN,41,16.0,124.401,48.644,50.989,24.768,212.0,257.0,258.0,244.0,4.0,SOFT,3.0,True,,,,1,False,True,Racing Bulls
FP1,LIN,41,17.0,109.654,33.681,45.7,30.273,270.0,201.0,219.0,167.0,4.0,SOFT,4.0,True,,,,1,False,True,Racing Bulls
FP1,LIN,41,18.0,127.872,47.169,57.94,22.763,85.0,158.0,264.0,242.0,4.0,SOFT,5.0,True,,,,1,False,True,Racing Bulls
FP1,LIN,41,19.0,93.177,34.04,41.272,17.865,266.0,333.0,268.0,282.0,4.0,SOFT,6.0,True,,,,1,False,True,Racing Bulls
FP1,LIN,41,20.0,,79.899,53.696,21.716,112.0,228.0,268.0,247.0,4.0,SOFT,7.0,True,,,,1,False,False,Racing Bulls
FP1,LIN,41,21.0,92.665,33.697,41.095,17.873,266.0,327.0,267.0,281.0,4.0,SOFT,8.0,True,,,,1,True,True,Racing Bulls
FP1,LIN,41,22.0,110.889,37.144,50.917,22.828,245.0,199.0,,255.0,4.0,SOFT,9.0,True,,3624.703,,1,False,False,Racing Bulls
FP1,LIN,41,23.0,,,43.263,21.721,263.0,320.0,,273.0,5.0,SOFT,10.0,False,3976.874,4076.119,,1,False,False,Racing Bulls
FP1,LIN,41,24.0,120.985,58.716,43.639,18.63,269.0,310.0,276.0,275.0,6.0,HARD,14.0,False,4101.239,,,1,False,False,Racing Bulls
FP1,LIN,41,25.0,96.951,35.771,43.048,18.132,263.0,333.0,253.0,294.0,6.0,HARD,15.0,False,,,,1,False,True,Racing Bulls
FP1,LIN,41,26.0,97.123,36.199,42.809,18.115,265.0,333.0,262.0,288.0,6.0,HARD,16.0,False,,,,1,False,True,Racing Bulls
FP1,LIN,41,27.0,97.403,36.048,42.848,18.507,263.0,315.0,275.0,277.0,6.0,HARD,17.0,False,,,,1,False,True,Racing Bulls
FP1,LIN,41,28.0,130.764,39.773,56.996,33.995,247.0,253.0,84.0,149.0,6.0,HARD,18.0,False,,,,1,False,True,Racing Bulls
FP1,LIN,41,29.0,137.26,73.777,43.015,20.468,268.0,318.0,,276.0,6.0,HARD,19.0,False,,4757.229,,1,False,False,Racing Bulls
FP1,COL,43,1.0,,,48.994,22.994,230.0,265.0,241.0,237.0,1.0,HARD,1.0,True,911.951,,,671,False,False,Alpine
FP1,COL,43,2.0,97.349,36.121,42.848,18.38,271.0,332.0,265.0,284.0,1.0,HARD,2.0,True,,,,1,True,True,Alpine
FP1,COL,43,3.0,131.773,47.731,55.626,28.416,213.0,265.0,221.0,237.0,1.0,HARD,3.0,True,,,,1,False,True,Alpine
FP1,COL,43,4.0,107.787,35.458,43.467,28.862,273.0,233.0,,186.0,1.0,HARD,4.0,True,,1378.421,,1,False,False,Alpine
FP1,COL,43,5.0,,,44.727,19.918,268.0,287.0,278.0,254.0,2.0,HARD,5.0,False,1973.748,,,1,False,False,Alpine
FP1,COL,43,6.0,96.025,35.402,42.322,18.301,260.0,315.0,282.0,275.0,2.0,HARD,6.0,False,,,,1,True,True,Alpine
FP1,COL,43,7.0,95.687,35.004,42.491,18.192,258.0,310.0,283.0,275.0,2.0,HARD,7.0,False,,,,1,True,True,Alpine
FP1,COL,43,8.0,95.403,34.796,42.545,18.062,259.0,312.0,283.0,277.0,2.0,HARD,8.0,False,,,,1,True,True,Alpine
FP1,COL,43,9.0,95.167,34.831,42.285,18.051,261.0,315.0,283.0,278.0,2.0,HARD,9.0,False,,,,1,True,True,Alpine
FP1,COL,43,10.0,101.52,35.269,44.317,21.934,268.0,315.0,,272.0,2.0,HARD,10.0,False,,2558.832,,1,False,False,Alpine
FP1,COL,43,11.0,,,45.822,24.673,257.0,258.0,247.0,250.0,3.0,SOFT,1.0,True,3167.323,,,1,False,False,Alpine
FP1,COL,43,12.0,93.934,34.211,41.608,18.115,270.0,310.0,272.0,272.0,3.0,SOFT,2.0,True,,,,1,True,True,Alpine
FP1,COL,43,13.0,,78.873,87.592,24.695,105.0,251.0,235.0,252.0,3.0,SOFT,3.0,True,,,,1,False,False,Alpine
FP1,COL,43,14.0,119.478,36.234,60.615,22.629,172.0,258.0,254.0,255.0,3.0,SOFT,4.0,True,,,,1,False,True,Alpine
FP1,COL,43,15.0,123.112,43.443,57.032,22.637,184.0,255.0,235.0,245.0,3.0,SOFT,5.0,True,,,,1,False,True,Alpine
FP1,COL,43,16.0,93.361,34.122,41.118,18.121,271.0,310.0,277.0,273.0,3.0,SOFT,6.0,True,,,,1,True,True,Alpine
FP1,COL,43,17.0,,58.956,78.832,28.16,126.0,217.0,229.0,183.0,3.0,SOFT,7.0,True,,,,1,False,False,Alpine
FP1,COL,43,18.0,94.048,34.658,41.306,18.084,275.0,314.0,277.0,275.0,3.0,SOFT,8.0,True,,,,1,False,True,Alpine
FP1,COL,43,19.0,99.985,38.088,43.366,18.531,246.0,324.0,282.0,273.0,3.0,SOFT,9.0,True,,,,1,False,True,Alpine
FP1,COL,43,20.0,95.264,34.267,42.688,18.309,262.0,314.0,282.0,275.0,3.0,SOFT,10.0,True,,,,1,False,True,Alpine
FP1,COL,43,21.0,94.892,34.663,42.07,18.159,259.0,317.0,283.0,278.0,3.0,SOFT,11.0,True,,,,1,False,True,Alpine
FP1,COL,43,22.0,96.405,34.97,42.973,18.462,259.0,299.0,277.0,268.0,3.0,SOFT,12.0,True,,,,1,False,True,Alpine
FP1,COL,43,23.0,117.784,35.313,46.926,35.545,281.0,195.0,63.0,160.0,3.0,SOFT,13.0,True,,,,1,False,True,Alpine
FP1,COL,43,24.0,140.481,68.927,43.596,27.958,278.0,229.0,,226.0,3.0,SOFT,14.0,True,,4813.759,,1,False,False,Alpine
FP1,HAM,44,1.0,,,49.262,23.506,253.0,221.0,258.0,201.0,1.0,HARD,1.0,True,884.942,,,671,False,False,Ferrari
FP1,HAM,44,2.0,97.256,34.99,43.332,18.934,266.0,313.0,267.0,275.0,1.0,HARD,2.0,True,,,,1,True,True,Ferrari
FP1,HAM,44,3.0,95.644,34.608,42.427,18.609,259.0,300.0,268.0,272.0,1.0,HARD,3.0,True,,,,1,True,True,Ferrari
FP1,HAM,44,4.0,121.529,38.882,50.786,31.861,251.0,232.0,256.0,157.0,1.0,HARD,4.0,True,,,,1,False,True,Ferrari
FP1,HAM,44,5.0,93.822,33.69,41.871,18.261,276.0,320.0,254.0,283.0,1.0,HARD,5.0,True,,,,1,True,True,Ferrari
FP1,HAM,44,6.0,137.355,52.489,63.105,21.761,142.0,254.0,252.0,237.0,1.0,HARD,6.0,True,,,,1,False,True,Ferrari
FP1,HAM,44,7.0,93.356,33.77,41.427,18.159,275.0,327.0,263.0,284.0,1.0,HARD,7.0,True,,,,1,True,True,Ferrari
FP1,HAM,44,8.0,132.945,48.278,62.591,22.076,171.0,226.0,252.0,244.0,1.0,HARD,8.0,True,,,,1,False,True,Ferrari
FP1,HAM,44,9.0,99.063,33.859,41.909,23.295,276.0,278.0,,248.0,1.0,HARD,9.0,True,,1870.14,,1,False,False,Ferrari
FP1,HAM,44,10.0,,,44.807,22.948,271.0,243.0,,237.0,2.0,HARD,10.0,False,2173.376,2275.96,,1,False,False,Ferrari
FP1,HAM,44,11.0,136.48,70.799,42.806,22.875,256.0,304.0,,231.0,3.0,HARD,11.0,False,2298.779,2412.428,,1,False,False,Ferrari
FP1,HAM,44,12.0,,,47.099,22.287,266.0,267.0,255.0,204.0,4.0,SOFT,1.0,True,3088.1,,,1,False,False,Ferrari
FP1,HAM,44,13.0,92.04,33.249,40.798,17.993,278.0,323.0,261.0,280.0,4.0,SOFT,2.0,True,,,,1,True,True,Ferrari
FP1,HAM,44,14.0,,62.347,91.695,32.442,116.0,230.0,249.0,224.0,4.0,SOFT,3.0,True,,,,1,False,False,Ferrari
FP1,HAM,44,15.0,119.119,33.727,64.443,20.949,276.0,222.0,260.0,244.0,4.0,SOFT,4.0,True,,,,1,False,True,Ferrari
FP1,HAM,44,16.0,92.083,33.324,40.807,17.952,277.0,321.0,262.0,276.0,4.0,SOFT,5.0,True,,,,1,False,True,Ferrari
FP1,HAM,44,17.0,,54.424,78.191,41.993,136.0,203.0,250.0,163.0,4.0,SOFT,6.0,True,,,,1,False,False,Ferrari
FP1,HAM,44,18.0,95.755,33.611,40.771,21.373,276.0,308.0,,271.0,4.0,SOFT,7.0,True,,3956.184,,1,False,False,Ferrari
FP1,HAM,44,19.0,,,50.536,23.824,252.0,261.0,277.0,147.0,5.0,SOFT,8.0,False,4252.394,,,1,False,False,Ferrari
FP1,HAM,44,20.0,94.719,34.547,41.862,18.31,259.0,317.0,278.0,278.0,5.0,SOFT,9.0,False,,,,1,False,True,Ferrari
FP1,HAM,44,21.0,96.657,34.573,43.471,18.613,259.0,307.0,269.0,274.0,5.0,SOFT,10.0,False,,,,1,False,True,Ferrari
FP1,HAM,44,22.0,135.006,47.479,56.428,31.099,178.0,203.0,59.0,221.0,5.0,SOFT,11.0,False,,,,1,False,True,Ferrari
FP1,HAM,44,23.0,,97.608,43.467,20.888,225.0,306.0,,271.0,5.0,SOFT,12.0,False,,4864.111,,1,False,False,Ferrari
FP1,SAI,55,1.0,,,50.405,26.587,256.0,267.0,260.0,263.0,1.0,MEDIUM,1.0,True,956.735,,,1,False,False,Williams
FP1,SAI,55,2.0,95.119,34.978,42.04,18.101,274.0,334.0,250.0,294.0,1.0,MEDIUM,2.0,True,,,,1,True,True,Williams
FP1,SAI,55,3.0,133.037,54.391,52.86,25.786,202.0,263.0,263.0,270.0,1.0,MEDIUM,3.0,True,,,,1,False,True,Williams
FP1,SAI,55,4.0,94.354,34.357,41.885,18.112,274.0,329.0,254.0,289.0,1.0,MEDIUM,4.0,True,,,,1,True,True,Williams
FP1,SAI,55,5.0,129.544,51.769,56.949,20.826,183.0,269.0,258.0,267.0,1.0,MEDIUM,5.0,True,,,,1,False,True,Williams
FP1,SAI,55,6.0,93.758,34.206,41.485,18.067,273.0,327.0,266.0,287.0,1.0,MEDIUM,6.0,True,,,,1,True,True,Williams
FP1,SAI,55,7.0,130.793,50.494,57.302,22.997,193.0,256.0,253.0,258.0,1.0,MEDIUM,7.0,True,,,,1,False,True,Williams
FP1,SAI,55,8.0,93.383,34.159,41.17,18.054,275.0,325.0,275.0,286.0,1.0,MEDIUM,8.0,True,,,,1,True,True,Williams
FP1,SAI,55,9.0,124.28,47.284,52.546,24.45,199.0,268.0,,263.0,1.0,MEDIUM,9.0,True,,1963.724,,1,False,False,Williams
FP1,SAI,55,10.0,,,47.014,26.681,260.0,253.0,246.0,254.0,2.0,SOFT,1.0,True,2809.468,,,1,False,False,Williams
FP1,SAI,55,11.0,112.222,39.68,51.507,21.035,246.0,262.0,253.0,257.0,2.0,SOFT,2.0,True,,,,1,False,True,Williams
FP1,SAI,55,12.0,133.265,33.971,72.049,27.245,275.0,115.0,255.0,229.0,2.0,SOFT,3.0,True,,,,1,False,True,Williams
FP1,SAI,55,13.0,108.764,39.719,48.849,20.196,261.0,280.0,262.0,268.0,2.0,SOFT,4.0,True,,,,1,False,True,Williams
FP1,SAI,55,14.0,94.341,33.981,42.195,18.165,274.0,324.0,252.0,282.0,2.0,SOFT,5.0,True,,,,1,False,True,Williams
FP1,SAI,55,15.0,146.858,57.776,67.684,21.398,139.0,251.0,258.0,254.0,2.0,SOFT,6.0,True,,,,1,False,True,Williams
FP1,SAI,55,16.0,93.674,34.016,41.522,18.136,274.0,326.0,260.0,282.0,2.0,SOFT,7.0,True,,,,1,False,True,Williams
FP1,SAI,55,17.0,138.575,58.431,59.626,20.518,179.0,256.0,260.0,254.0,2.0,SOFT,8.0,True,,,,1,False,True,Williams
FP1,SAI,55,18.0,93.478,34.029,41.317,18.132,273.0,324.0,259.0,281.0,2.0,SOFT,9.0,True,,,,1,False,True,Williams
FP1,SAI,55,19.0,111.963,40.654,47.942,23.367,242.0,267.0,,251.0,2.0,SOFT,10.0,True,,3951.079,,1,False,False,Williams
FP1,SAI,55,20.0,,,42.699,19.234,278.0,323.0,281.0,277.0,3.0,MEDIUM,10.0,False,3996.069,,,1,False,False,Williams
FP1,SAI,55,21.0,94.683,34.323,42.154,18.206,259.0,316.0,281.0,277.0,3.0,MEDIUM,11.0,False,,,,1,False,True,Williams
FP1,SAI,55,22.0,95.048,34.768,42.089,18.191,259.0,316.0,281.0,277.0,3.0,MEDIUM,12.0,False,,,,1,False,True,Williams
FP1,SAI,55,23.0,95.422,34.87,42.348,18.204,257.0,311.0,282.0,276.0,3.0,MEDIUM,13.0,False,,,,1,False,True,Williams
FP1,SAI,55,24.0,94.972,34.739,41.995,18.238,261.0,316.0,281.0,278.0,3.0,MEDIUM,14.0,False,,,,1,False,True,Williams
FP1,SAI,55,25.0,133.519,34.716,63.536,35.267,260.0,270.0,70.0,172.0,3.0,MEDIUM,15.0,False,,,,1,False,True,Williams
FP1,SAI,55,26.0,,79.896,49.529,27.102,232.0,200.0,,199.0,3.0,MEDIUM,16.0,False,,4786.404,,1,False,False,Williams
FP1,RUS,63,1.0,,,48.822,26.38,260.0,254.0,,252.0,1.0,HARD,1.0,True,886.175,1004.071,,671,False,False,Mercedes
FP1,RUS,63,2.0,,81.99,48.767,20.304,278.0,257.0,257.0,254.0,2.0,HARD,2.0,False,1024.832,,,1,False,False,Mercedes
FP1,RUS,63,3.0,93.312,33.361,41.598,18.353,278.0,329.0,248.0,285.0,2.0,HARD,3.0,False,,,,1,True,True,Mercedes
FP1,RUS,63,4.0,129.642,46.103,62.938,20.601,226.0,256.0,249.0,262.0,2.0,HARD,4.0,False,,,,1,False,True,Mercedes
FP1,RUS,63,5.0,92.429,33.004,41.112,18.313,277.0,329.0,244.0,283.0,2.0,HARD,5.0,False,,,,1,True,True,Mercedes
FP1,RUS,63,6.0,133.726,57.154,56.415,20.157,187.0,279.0,257.0,267.0,2.0,HARD,6.0,False,,,,1,False,True,Mercedes
FP1,RUS,63,7.0,92.273,33.245,40.725,18.303,275.0,329.0,241.0,281.0,2.0,HARD,7.0,False,,,,1,True,True,Mercedes
FP1,RUS,63,8.0,112.044,43.09,45.518,23.436,243.0,281.0,,269.0,2.0,HARD,8.0,False,,1808.546,,1,False,False,Mercedes
FP1,RUS,63,9.0,,,45.335,20.676,260.0,253.0,258.0,250.0,3.0,SOFT,1.0,True,2199.882,,,1,False,False,Mercedes
FP1,RUS,63,10.0,91.755,33.071,40.582,18.102,276.0,325.0,243.0,279.0,3.0,SOFT,2.0,True,,,,1,True,True,Mercedes
FP1,RUS,63,11.0,144.584,56.553,65.816,22.215,192.0,251.0,248.0,249.0,3.0,SOFT,3.0,True,,,,1,False,True,Mercedes
FP1,RUS,63,12.0,92.084,32.965,40.946,18.173,277.0,321.0,243.0,276.0,3.0,SOFT,4.0,True,,,,1,False,True,Mercedes
FP1,RUS,63,13.0,139.364,57.813,61.68,19.871,177.0,275.0,251.0,262.0,3.0,SOFT,5.0,True,,,,1,False,True,Mercedes
FP1,RUS,63,14.0,91.666,33.058,40.322,18.286,277.0,329.0,245.0,278.0,3.0,SOFT,6.0,True,,,,1,True,True,Mercedes
FP1,RUS,63,15.0,114.127,44.311,46.561,23.255,243.0,278.0,,264.0,3.0,SOFT,7.0,True,,2994.423,,1,False,False,Mercedes
FP1,RUS,63,16.0,,,42.566,18.295,269.0,314.0,278.0,274.0,4.0,HARD,9.0,False,3307.531,,,1,False,False,Mercedes
FP1,RUS,63,17.0,95.419,34.729,42.449,18.241,253.0,311.0,277.0,273.0,4.0,HARD,10.0,False,,,,1,False,True,Mercedes
FP1,RUS,63,18.0,95.564,34.773,42.651,18.14,256.0,312.0,276.0,275.0,4.0,HARD,11.0,False,,,,1,False,True,Mercedes
FP1,RUS,63,19.0,95.572,34.885,42.454,18.233,253.0,306.0,276.0,272.0,4.0,HARD,12.0,False,,,,1,False,True,Mercedes
FP1,RUS,63,20.0,95.56,34.759,42.496,18.305,255.0,310.0,277.0,274.0,4.0,HARD,13.0,False,,,,1,False,True,Mercedes
FP1,RUS,63,21.0,95.818,34.856,42.577,18.385,253.0,308.0,277.0,272.0,4.0,HARD,14.0,False,,,,1,False,True,Mercedes
FP1,RUS,63,22.0,95.185,34.699,42.327,18.159,254.0,310.0,278.0,272.0,4.0,HARD,15.0,False,,,,1,False,True,Mercedes
FP1,RUS,63,23.0,95.311,34.633,42.327,18.351,254.0,309.0,277.0,273.0,4.0,HARD,16.0,False,,,,1,False,True,Mercedes
FP1,RUS,63,24.0,99.168,34.908,42.664,21.596,253.0,286.0,,267.0,4.0,HARD,17.0,False,,4190.622,,1,False,False,Mercedes
FP1,RUS,63,25.0,,,50.146,25.292,263.0,256.0,198.0,191.0,5.0,SOFT,8.0,False,4475.492,,,1,False,False,Mercedes
FP1,RUS,63,26.0,134.783,42.834,52.806,39.143,254.0,254.0,81.0,246.0,5.0,SOFT,9.0,False,,,,1,False,True,Mercedes
FP1,RUS,63,27.0,,85.105,50.969,22.636,267.0,291.0,,267.0,5.0,SOFT,10.0,False,,4882.975,,1,False,False,Mercedes
FP1,BOT,77,1.0,,,49.322,27.074,254.0,258.0,251.0,167.0,1.0,HARD,1.0,True,913.529,,,671,False,False,Cadillac
FP1,BOT,77,2.0,98.311,36.436,42.999,18.876,272.0,325.0,244.0,271.0,1.0,HARD,2.0,True,,,,1,True,True,Cadillac
FP1,BOT,77,3.0,127.873,42.188,55.591,30.094,211.0,265.0,246.0,224.0,1.0,HARD,3.0,True,,,,1,False,True,Cadillac
FP1,BOT,77,4.0,97.276,35.71,42.456,19.11,274.0,318.0,234.0,268.0,1.0,HARD,4.0,True,,,,1,True,True,Cadillac
FP1,BOT,77,5.0,116.257,45.181,47.938,23.138,232.0,275.0,243.0,211.0,1.0,HARD,5.0,True,,,,1,False,True,Cadillac
FP1,BOT,77,6.0,95.598,35.103,42.293,18.202,276.0,326.0,269.0,284.0,1.0,HARD,6.0,True,,,,1,True,True,Cadillac
FP1,BOT,77,7.0,128.838,43.727,59.727,25.384,228.0,194.0,243.0,226.0,1.0,HARD,7.0,True,,,,1,False,True,Cadillac
FP1,BOT,77,8.0,95.485,35.199,42.242,18.044,274.0,332.0,262.0,293.0,1.0,HARD,8.0,True,,,,1,True,True,Cadillac
FP1,BOT,77,9.0,117.341,40.448,48.963,27.93,249.0,266.0,,175.0,1.0,HARD,9.0,True,,1924.39,,1,False,False,Cadillac
FP1,BOT,77,10.0,,,50.035,28.904,254.0,168.0,245.0,193.0,2.0,SOFT,1.0,True,2819.63,,,1,False,False,Cadillac
FP1,BOT,77,11.0,94.766,34.644,41.815,18.307,276.0,332.0,250.0,289.0,2.0,SOFT,2.0,True,,,,1,True,True,Cadillac
FP1,BOT,77,12.0,131.589,43.482,61.188,26.919,203.0,171.0,253.0,166.0,2.0,SOFT,3.0,True,,,,1,False,True,Cadillac
FP1,BOT,77,13.0,94.724,34.752,41.883,18.089,276.0,327.0,268.0,284.0,2.0,SOFT,4.0,True,,,,1,True,True,Cadillac
FP1,BOT,77,14.0,139.99,43.453,64.53,32.007,197.0,92.0,280.0,209.0,2.0,SOFT,5.0,True,,,,1,False,True,Cadillac
FP1,BOT,77,15.0,94.49,34.401,41.739,18.35,275.0,331.0,244.0,285.0,2.0,SOFT,6.0,True,,,,1,True,True,Cadillac
FP1,BOT,77,16.0,133.771,40.522,59.555,33.694,179.0,105.0,,231.0,2.0,SOFT,7.0,True,,3629.632,,1,False,False,Cadillac
FP1,BOT,77,17.0,,,45.257,19.27,245.0,309.0,265.0,280.0,3.0,HARD,10.0,False,3918.205,,,1,False,False,Cadillac
FP1,BOT,77,18.0,99.634,36.851,43.597,19.186,259.0,308.0,263.0,275.0,3.0,HARD,11.0,False,,,,1,False,True,Cadillac
FP1,BOT,77,19.0,99.771,37.224,43.92,18.627,263.0,310.0,273.0,275.0,3.0,HARD,12.0,False,,,,1,False,True,Cadillac
FP1,BOT,77,20.0,101.043,38.653,43.599,18.791,251.0,310.0,270.0,282.0,3.0,HARD,13.0,False,,,,1,False,True,Cadillac
FP1,BOT,77,21.0,100.649,36.672,44.756,19.221,254.0,303.0,274.0,279.0,3.0,HARD,14.0,False,,,,1,False,True,Cadillac
FP1,BOT,77,22.0,100.263,36.581,44.109,19.573,250.0,305.0,274.0,265.0,3.0,HARD,15.0,False,,,,1,False,True,Cadillac
FP1,BOT,77,23.0,120.29,38.347,49.37,32.573,249.0,238.0,79.0,208.0,3.0,HARD,16.0,False,,,,1,False,True,Cadillac
FP1,BOT,77,24.0,,80.565,47.621,25.154,250.0,305.0,,204.0,3.0,HARD,17.0,False,,4803.006,,1,False,False,Cadillac
FP1,PIA,81,1.0,,,46.624,38.288,260.0,256.0,243.0,255.0,1.0,MEDIUM,1.0,True,947.787,,,1,False,False,McLaren
FP1,PIA,81,2.0,94.053,34.473,41.419,18.161,270.0,324.0,262.0,285.0,1.0,MEDIUM,2.0,True,,,,1,True,True,McLaren
FP1,PIA,81,3.0,137.116,46.806,59.906,30.404,185.0,216.0,255.0,106.0,1.0,MEDIUM,3.0,True,,,,1,False,True,McLaren
FP1,PIA,81,4.0,92.812,33.657,40.956,18.199,273.0,323.0,264.0,287.0,1.0,MEDIUM,4.0,True,,,,1,True,True,McLaren
FP1,PIA,81,5.0,120.247,47.608,48.87,23.769,214.0,264.0,,239.0,1.0,MEDIUM,5.0,True,,1517.324,,1,False,False,McLaren
FP1,PIA,81,6.0,144.48,70.932,49.799,23.749,186.0,131.0,254.0,183.0,2.0,MEDIUM,6.0,False,1542.946,,,1,False,False,McLaren
FP1,PIA,81,7.0,92.778,33.542,41.086,18.15,271.0,322.0,262.0,282.0,2.0,MEDIUM,7.0,False,,,,1,True,True,McLaren
FP1,PIA,81,8.0,131.491,46.048,59.726,25.717,206.0,171.0,260.0,150.0,2.0,MEDIUM,8.0,False,,,,1,False,True,McLaren
FP1,PIA,81,9.0,92.339,33.359,40.869,18.111,275.0,316.0,262.0,278.0,2.0,MEDIUM,9.0,False,,,,1,True,True,McLaren
FP1,PIA,81,10.0,110.761,41.364,46.431,22.966,243.0,259.0,,256.0,2.0,MEDIUM,10.0,False,,2089.065,,1,False,False,McLaren
FP1,PIA,81,11.0,,,45.335,27.539,261.0,259.0,247.0,221.0,3.0,SOFT,1.0,True,3050.614,,,1,False,False,McLaren
FP1,PIA,81,12.0,92.397,33.227,41.168,18.002,272.0,317.0,260.0,277.0,3.0,SOFT,2.0,True,,,,1,False,True,McLaren
FP1,PIA,81,13.0,144.486,48.797,65.031,30.658,204.0,148.0,184.0,97.0,3.0,SOFT,3.0,True,,,,1,False,True,McLaren
FP1,PIA,81,14.0,108.44,42.878,45.178,20.384,262.0,255.0,258.0,253.0,3.0,SOFT,4.0,True,,,,1,False,True,McLaren
FP1,PIA,81,15.0,91.865,33.133,40.689,18.043,270.0,317.0,260.0,277.0,3.0,SOFT,5.0,True,,,,1,True,True,McLaren
FP1,PIA,81,16.0,111.456,40.416,47.516,23.524,243.0,259.0,,253.0,3.0,SOFT,6.0,True,,3708.39,,1,False,False,McLaren
FP1,PIA,81,17.0,,,42.689,24.18,263.0,313.0,248.0,246.0,4.0,MEDIUM,11.0,False,4012.775,,,1,False,False,McLaren
FP1,PIA,81,18.0,96.413,35.624,42.499,18.29,258.0,314.0,278.0,280.0,4.0,MEDIUM,12.0,False,,,,1,False,True,McLaren
FP1,PIA,81,19.0,96.17,35.647,42.352,18.171,256.0,316.0,279.0,281.0,4.0,MEDIUM,13.0,False,,,,1,False,True,McLaren
FP1,PIA,81,20.0,96.172,35.348,42.867,17.957,263.0,327.0,268.0,297.0,4.0,MEDIUM,14.0,False,,,,1,False,True,McLaren
FP1,PIA,81,21.0,99.33,37.233,43.475,18.622,261.0,317.0,280.0,285.0,4.0,MEDIUM,15.0,False,,,,1,False,True,McLaren
FP1,PIA,81,22.0,128.002,39.262,50.152,38.588,203.0,217.0,56.0,167.0,4.0,MEDIUM,16.0,False,,,,1,False,True,McLaren
FP1,PIA,81,23.0,147.873,76.466,45.553,25.854,277.0,229.0,,227.0,4.0,MEDIUM,17.0,False,,4806.654,,1,False,False,McLaren
FP1,BEA,87,1.0,,,49.01,24.051,262.0,267.0,237.0,240.0,1.0,HARD,1.0,True,897.593,,,671,False,False,Haas F1 Team
FP1,BEA,87,2.0,97.274,35.697,43.099,18.478,270.0,323.0,270.0,276.0,1.0,HARD,2.0,True,,,,1,True,True,Haas F1 Team
FP1,BEA,87,3.0,128.161,54.557,51.151,22.453,194.0,269.0,249.0,260.0,1.0,HARD,3.0,True,,,,1,False,True,Haas F1 Team
FP1,BEA,87,4.0,94.949,34.426,42.275,18.248,272.0,322.0,267.0,281.0,1.0,HARD,4.0,True,,,,1,True,True,Haas F1 Team
FP1,BEA,87,5.0,125.1,47.257,52.102,25.741,226.0,199.0,,230.0,1.0,HARD,5.0,True,,1464.281,,1,False,False,Haas F1 Team
FP1,BEA,87,6.0,,,44.97,21.462,270.0,255.0,253.0,252.0,2.0,HARD,6.0,False,1678.693,,,1,False,False,Haas F1 Team
FP1,BEA,87,7.0,94.221,34.354,41.809,18.058,273.0,328.0,266.0,280.0,2.0,HARD,7.0,False,,,,1,True,True,Haas F1 Team
FP1,BEA,87,8.0,138.757,57.701,60.246,20.81,155.0,269.0,252.0,258.0,2.0,HARD,8.0,False,,,,1,False,True,Haas F1 Team
FP1,BEA,87,9.0,93.913,34.347,41.365,18.201,274.0,321.0,262.0,275.0,2.0,HARD,9.0,False,,,,1,True,True,Haas F1 Team
FP1,BEA,87,10.0,110.863,35.999,48.238,26.626,262.0,199.0,,199.0,2.0,HARD,10.0,False,,2240.123,,1,False,False,Haas F1 Team
FP1,BEA,87,11.0,,,46.607,31.503,236.0,268.0,233.0,256.0,3.0,SOFT,1.0,True,2644.247,,,1,False,False,Haas F1 Team
FP1,BEA,87,12.0,124.329,47.026,51.68,25.623,190.0,268.0,251.0,196.0,3.0,SOFT,2.0,True,,,,1,False,True,Haas F1 Team
FP1,BEA,87,13.0,92.9,33.44,41.389,18.071,278.0,321.0,263.0,279.0,3.0,SOFT,3.0,True,,,,1,True,True,Haas F1 Team
FP1,BEA,87,14.0,,68.297,70.698,21.371,128.0,263.0,254.0,251.0,3.0,SOFT,4.0,True,,,,1,False,False,Haas F1 Team
FP1,BEA,87,15.0,92.9,33.555,41.401,17.944,277.0,322.0,263.0,277.0,3.0,SOFT,5.0,True,,,,1,False,True,Haas F1 Team
FP1,BEA,87,16.0,140.33,48.071,62.645,29.614,172.0,205.0,,176.0,3.0,SOFT,6.0,True,,3373.064,,1,False,False,Haas F1 Team
FP1,BEA,87,17.0,,,49.021,18.79,261.0,313.0,271.0,272.0,4.0,SOFT,7.0,False,3653.367,,,1,False,False,Haas F1 Team
FP1,BEA,87,18.0,96.384,35.09,42.646,18.648,260.0,301.0,264.0,268.0,4.0,SOFT,8.0,False,,,,1,False,True,Haas F1 Team
FP1,BEA,87,19.0,96.563,35.336,42.669,18.558,258.0,302.0,264.0,271.0,4.0,SOFT,9.0,False,,,,1,False,True,Haas F1 Team
FP1,BEA,87,20.0,97.558,35.448,42.808,19.302,258.0,311.0,271.0,275.0,4.0,SOFT,10.0,False,,,,1,False,True,Haas F1 Team
FP1,BEA,87,21.0,97.016,35.575,42.814,18.627,258.0,308.0,271.0,272.0,4.0,SOFT,11.0,False,,,,1,False,True,Haas F1 Team
FP1,BEA,87,22.0,97.207,35.654,42.915,18.638,256.0,308.0,271.0,272.0,4.0,SOFT,12.0,False,,,,1,False,True,Haas F1 Team
FP1,BEA,87,23.0,97.367,35.662,43.103,18.602,256.0,308.0,274.0,272.0,4.0,SOFT,13.0,False,,,,1,False,True,Haas F1 Team
FP1,BEA,87,24.0,98.469,36.303,43.456,18.71,257.0,310.0,275.0,275.0,4.0,SOFT,14.0,False,,,,1,False,True,Haas F1 Team
FP1,BEA,87,25.0,115.276,39.134,56.551,19.591,174.0,270.0,275.0,265.0,4.0,SOFT,15.0,False,,,,1,False,True,Haas F1 Team
FP1,BEA,87,26.0,123.572,41.961,48.918,32.693,189.0,241.0,69.0,237.0,4.0,SOFT,16.0,False,,,,1,False,True,Haas F1 Team
FP1,BEA,87,27.0,,73.701,71.292,21.24,255.0,282.0,,269.0,4.0,SOFT,17.0,False,,4858.128,,1,False,False,Haas F1 Team
FP2,NOR,1,1.0,,,45.927,25.251,262.0,277.0,251.0,185.0,1.0,MEDIUM,1.0,True,2255.981,,,1,False,False,McLaren
FP2,NOR,1,2.0,96.47,32.938,41.174,22.358,269.0,305.0,,270.0,1.0,MEDIUM,2.0,True,,2463.618,,1,False,False,McLaren
FP2,NOR,1,3.0,,,44.405,26.656,268.0,284.0,241.0,125.0,2.0,MEDIUM,3.0,False,2763.303,,,1,False,False,McLaren
FP2,NOR,1,4.0,91.43,33.013,40.58,17.837,268.0,320.0,259.0,279.0,2.0,MEDIUM,4.0,False,,,,1,True,True,McLaren
FP2,NOR,1,5.0,126.593,43.337,55.754,27.502,181.0,256.0,230.0,155.0,2.0,MEDIUM,5.0,False,,,,1,False,True,McLaren
FP2,NOR,1,6.0,107.127,33.002,46.496,27.629,270.0,199.0,202.0,154.0,2.0,MEDIUM,6.0,False,,,,1,False,True,McLaren
FP2,NOR,1,7.0,117.302,46.716,50.126,20.46,212.0,275.0,250.0,260.0,2.0,MEDIUM,7.0,False,,,,1,False,True,McLaren
FP2,NOR,1,8.0,101.839,32.972,40.468,28.399,269.0,314.0,,273.0,2.0,MEDIUM,8.0,False,,3415.185,,1,False,False,McLaren
FP2,NOR,1,9.0,,,43.684,19.848,259.0,280.0,256.0,264.0,3.0,SOFT,1.0,True,3868.3,,,1,False,False,McLaren
FP2,NOR,1,10.0,90.649,32.627,40.243,17.779,271.0,327.0,258.0,283.0,3.0,SOFT,2.0,True,,,,1,True,True,McLaren
FP2,NOR,1,11.0,139.366,48.387,63.499,27.48,176.0,231.0,239.0,183.0,3.0,SOFT,3.0,True,,,,1,False,True,McLaren
FP2,NOR,1,12.0,100.943,37.201,43.926,19.816,269.0,292.0,252.0,269.0,3.0,SOFT,4.0,True,,,,1,False,True,McLaren
FP2,NOR,1,13.0,93.066,33.42,41.962,17.684,271.0,327.0,261.0,289.0,3.0,SOFT,5.0,True,,,,1,False,True,McLaren
FP2,NOR,1,14.0,107.381,37.715,47.243,22.423,253.0,276.0,212.0,250.0,3.0,SOFT,6.0,True,,,,1,False,True,McLaren
FP2,NOR,1,15.0,132.301,46.202,54.433,31.666,196.0,253.0,36.0,207.0,3.0,SOFT,7.0,True,,,,1,False,True,McLaren
FP2,NOR,1,16.0,,94.883,48.764,30.945,234.0,244.0,64.0,174.0,3.0,SOFT,8.0,True,,,,1,False,False,McLaren
FP2,NOR,1,17.0,,82.267,46.613,24.691,268.0,240.0,,238.0,3.0,SOFT,9.0,True,,4956.701,,12,False,False,McLaren
FP2,VER,3,1.0,,,46.804,30.708,242.0,214.0,271.0,230.0,1.0,HARD,1.0,True,924.666,,,71,False,False,Red Bull Racing
FP2,VER,3,2.0,92.891,34.11,41.118,17.663,268.0,334.0,261.0,287.0,1.0,HARD,2.0,True,,,,1,True,True,Red Bull Racing
FP2,VER,3,3.0,136.201,52.578,49.693,33.93,214.0,277.0,264.0,56.0,1.0,HARD,3.0,True,,,,1,False,True,Red Bull Racing
FP2,VER,3,4.0,99.639,33.853,40.812,24.974,274.0,331.0,,217.0,1.0,HARD,4.0,True,,1390.344,,1,False,False,Red Bull Racing
FP2,VER,3,5.0,,83.249,48.969,25.411,255.0,280.0,262.0,204.0,2.0,HARD,5.0,False,1435.044,,,1,False,False,Red Bull Racing
FP2,VER,3,6.0,108.288,38.704,45.974,23.61,252.0,279.0,266.0,211.0,2.0,HARD,6.0,False,,,,12,False,True,Red Bull Racing
FP2,VER,3,7.0,92.192,33.544,40.875,17.773,273.0,332.0,262.0,284.0,2.0,HARD,7.0,False,,,,1,True,True,Red Bull Racing
FP2,VER,3,8.0,146.851,75.748,47.272,23.831,250.0,247.0,,249.0,2.0,HARD,8.0,False,,1895.411,,1,False,False,Red Bull Racing
FP2,VER,3,9.0,,,46.697,27.478,243.0,252.0,268.0,104.0,3.0,SOFT,1.0,True,2406.975,,,1,False,False,Red Bull Racing
FP2,VER,3,10.0,91.509,33.053,40.72,17.736,271.0,334.0,257.0,288.0,3.0,SOFT,2.0,True,,,,1,True,True,Red Bull Racing
FP2,VER,3,11.0,112.297,41.509,47.774,23.014,239.0,274.0,,251.0,3.0,SOFT,3.0,True,,2719.078,,1,False,False,Red Bull Racing
FP2,VER,3,12.0,,,43.561,18.951,272.0,309.0,275.0,274.0,4.0,HARD,9.0,False,3063.221,,,1,False,False,Red Bull Racing
FP2,VER,3,13.0,96.078,35.019,42.779,18.28,260.0,314.0,278.0,276.0,4.0,HARD,10.0,False,,,,1,False,True,Red Bull Racing
FP2,VER,3,14.0,95.707,34.894,42.604,18.209,260.0,315.0,277.0,280.0,4.0,HARD,11.0,False,,,,1,False,True,Red Bull Racing
FP2,VER,3,15.0,96.069,35.221,42.684,18.164,263.0,319.0,279.0,283.0,4.0,HARD,12.0,False,,,,1,False,True,Red Bull Racing
FP2,VER,3,16.0,99.207,34.995,42.979,21.233,266.0,318.0,266.0,283.0,4.0,HARD,13.0,False,,,,1,False,True,Red Bull Racing
FP2,VER,3,17.0,98.655,35.252,42.655,20.748,262.0,316.0,271.0,281.0,4.0,HARD,14.0,False,,,,1,False,True,Red Bull Racing
FP2,VER,3,18.0,97.088,35.264,43.511,18.313,264.0,311.0,272.0,279.0,4.0,HARD,15.0,False,,,,1,False,True,Red Bull Racing
FP2,VER,3,19.0,96.47,35.39,42.925,18.155,264.0,316.0,277.0,281.0,4.0,HARD,16.0,False,,,,1,False,True,Red Bull Racing
FP2,VER,3,20.0,96.122,35.24,42.652,18.23,261.0,321.0,281.0,283.0,4.0,HARD,17.0,False,,,,1,False,True,Red Bull Racing
FP2,VER,3,21.0,96.129,35.527,42.506,18.096,263.0,321.0,279.0,284.0,4.0,HARD,18.0,False,,,,1,False,True,Red Bull Racing
FP2,VER,3,22.0,95.844,35.168,42.538,18.138,262.0,319.0,278.0,282.0,4.0,HARD,19.0,False,,,,1,False,True,Red Bull Racing
FP2,VER,3,23.0,97.074,36.103,43.071,17.9,261.0,328.0,277.0,288.0,4.0,HARD,20.0,False,,,,1,False,True,Red Bull Racing
FP2,VER,3,24.0,96.662,35.281,43.18,18.201,258.0,314.0,277.0,279.0,4.0,HARD,21.0,False,,,,1,False,True,Red Bull Racing
FP2,VER,3,25.0,96.011,35.34,42.488,18.183,260.0,313.0,276.0,278.0,4.0,HARD,22.0,False,,,,1,False,True,Red Bull Racing
FP2,VER,3,26.0,96.021,35.246,42.588,18.187,262.0,313.0,277.0,277.0,4.0,HARD,23.0,False,,,,1,False,True,Red Bull Racing
FP2,VER,3,27.0,115.867,40.192,49.599,26.076,210.0,276.0,66.0,233.0,4.0,HARD,24.0,False,,,,1,False,True,Red Bull Racing
FP2,VER,3,28.0,,94.009,47.34,29.652,250.0,208.0,84.0,178.0,4.0,HARD,25.0,False,,,,1,False,False,Red Bull Racing
FP2,VER,3,29.0,142.386,74.635,45.788,21.963,249.0,275.0,,264.0,4.0,HARD,26.0,False,,4942.059,,12,False,False,Red Bull Racing
FP2,BOR,5,1.0,,,47.268,27.165,260.0,260.0,258.0,222.0,1.0,MEDIUM,1.0,True,914.935,,,671,False,False,Audi
FP2,BOR,5,2.0,112.821,33.782,49.156,29.883,279.0,209.0,,147.0,1.0,MEDIUM,2.0,True,,1163.133,,1,False,False,Audi
FP2,BOR,5,3.0,,,47.626,26.963,266.0,262.0,261.0,209.0,2.0,SOFT,1.0,True,3825.324,,,12,False,False,Audi
FP2,BOR,5,4.0,113.198,33.488,50.354,29.356,277.0,228.0,,165.0,2.0,SOFT,2.0,True,,4047.655,,1,False,False,Audi
FP2,BOR,5,5.0,140.24,71.914,46.43,21.896,270.0,255.0,260.0,214.0,3.0,SOFT,3.0,False,4083.536,,,1,False,False,Audi
FP2,BOR,5,6.0,92.072,33.175,40.932,17.965,275.0,315.0,263.0,279.0,3.0,SOFT,4.0,False,,,,1,True,True,Audi
FP2,BOR,5,7.0,129.459,49.354,59.295,20.81,164.0,264.0,268.0,215.0,3.0,SOFT,5.0,False,,,,1,False,True,Audi
FP2,BOR,5,8.0,91.933,33.257,40.884,17.792,274.0,326.0,264.0,284.0,3.0,SOFT,6.0,False,,,,1,True,True,Audi
FP2,BOR,5,9.0,132.596,49.785,53.6,29.211,158.0,257.0,61.0,222.0,3.0,SOFT,7.0,False,,,,1,False,True,Audi
FP2,BOR,5,10.0,,99.298,48.91,28.413,212.0,260.0,49.0,212.0,3.0,SOFT,8.0,False,,,,1,False,False,Audi
FP2,BOR,5,11.0,144.363,75.293,44.442,24.628,275.0,265.0,,202.0,3.0,SOFT,9.0,False,,4955.068,,12,False,False,Audi
FP2,HAD,6,1.0,,,46.74,25.546,250.0,250.0,261.0,140.0,1.0,HARD,1.0,True,920.989,,,71,False,False,Red Bull Racing
FP2,HAD,6,2.0,92.625,33.586,41.138,17.901,276.0,329.0,267.0,282.0,1.0,HARD,2.0,True,,,,1,True,True,Red Bull Racing
FP2,HAD,6,3.0,149.492,55.641,60.001,33.85,180.0,242.0,255.0,93.0,1.0,HARD,3.0,True,,,,1,False,True,Red Bull Racing
FP2,HAD,6,4.0,111.879,36.656,53.132,22.091,172.0,260.0,261.0,202.0,1.0,HARD,4.0,True,,,,1,False,True,Red Bull Racing
FP2,HAD,6,5.0,92.407,33.563,40.994,17.85,271.0,330.0,263.0,282.0,1.0,HARD,5.0,True,,,,1,True,True,Red Bull Racing
FP2,HAD,6,6.0,124.338,49.664,50.532,24.142,231.0,287.0,,234.0,1.0,HARD,6.0,True,,1626.281,,12,False,False,Red Bull Racing
FP2,HAD,6,7.0,144.325,70.257,48.872,25.196,264.0,269.0,260.0,184.0,2.0,HARD,7.0,False,1654.714,,,1,False,False,Red Bull Racing
FP2,HAD,6,8.0,92.335,33.597,40.967,17.771,272.0,330.0,267.0,283.0,2.0,HARD,8.0,False,,,,1,True,True,Red Bull Racing
FP2,HAD,6,9.0,113.013,40.949,47.77,24.294,235.0,281.0,,265.0,2.0,HARD,9.0,False,,1976.029,,1,False,False,Red Bull Racing
FP2,HAD,6,10.0,,,46.79,24.302,252.0,196.0,260.0,167.0,3.0,SOFT,1.0,True,2415.548,,,1,False,False,Red Bull Racing
FP2,HAD,6,11.0,91.759,33.251,40.775,17.733,271.0,329.0,270.0,283.0,3.0,SOFT,2.0,True,,,,1,True,True,Red Bull Racing
FP2,HAD,6,12.0,127.514,50.071,52.539,24.904,212.0,243.0,,218.0,3.0,SOFT,3.0,True,,2742.173,,1,False,False,Red Bull Racing
FP2,HAD,6,13.0,,74.419,55.301,22.804,172.0,255.0,262.0,177.0,4.0,SOFT,4.0,False,2776.198,,,1,False,False,Red Bull Racing
FP2,HAD,6,14.0,91.886,33.218,40.902,17.766,272.0,327.0,267.0,281.0,4.0,SOFT,5.0,False,,,,1,False,True,Red Bull Racing
FP2,HAD,6,15.0,110.129,43.442,45.417,21.27,238.0,283.0,,267.0,4.0,SOFT,6.0,False,,3096.408,,1,False,False,Red Bull Racing
FP2,HAD,6,16.0,,,43.546,18.567,256.0,307.0,271.0,274.0,5.0,HARD,10.0,False,3466.646,,,1,False,False,Red Bull Racing
FP2,HAD,6,17.0,96.143,35.227,42.656,18.26,262.0,318.0,274.0,281.0,5.0,HARD,11.0,False,,,,1,False,True,Red Bull Racing
FP2,HAD,6,18.0,99.855,37.977,43.321,18.557,261.0,316.0,276.0,279.0,5.0,HARD,12.0,False,,,,1,False,True,Red Bull Racing
FP2,HAD,6,19.0,95.798,34.922,42.759,18.117,260.0,317.0,276.0,278.0,5.0,HARD,13.0,False,,,,1,False,True,Red Bull Racing
FP2,HAD,6,20.0,95.85,34.938,42.668,18.244,261.0,318.0,277.0,280.0,5.0,HARD,14.0,False,,,,1,False,True,Red Bull Racing
FP2,HAD,6,21.0,97.8,36.185,43.197,18.418,268.0,315.0,275.0,278.0,5.0,HARD,15.0,False,,,,1,False,True,Red Bull Racing
FP2,HAD,6,22.0,99.22,37.916,42.985,18.319,259.0,317.0,276.0,279.0,5.0,HARD,16.0,False,,,,1,False,True,Red Bull Racing
FP2,HAD,6,23.0,96.198,35.077,42.853,18.268,262.0,316.0,275.0,279.0,5.0,HARD,17.0,False,,,,1,False,True,Red Bull Racing
FP2,HAD,6,24.0,96.161,35.239,42.63,18.292,262.0,316.0,276.0,279.0,5.0,HARD,18.0,False,,,,1,False,True,Red Bull Racing
FP2,HAD,6,25.0,96.002,35.245,42.589,18.168,261.0,317.0,275.0,280.0,5.0,HARD,19.0,False,,,,1,False,True,Red Bull Racing
FP2,HAD,6,26.0,98.495,37.693,42.728,18.074,264.0,321.0,278.0,284.0,5.0,HARD,20.0,False,,,,1,False,True,Red Bull Racing
FP2,HAD,6,27.0,130.387,45.316,53.288,31.783,206.0,274.0,66.0,214.0,5.0,HARD,21.0,False,,,,1,False,True,Red Bull Racing
FP2,HAD,6,28.0,,95.83,48.96,32.695,252.0,214.0,48.0,187.0,5.0,HARD,22.0,False,,,,1,False,False,Red Bull Racing
FP2,HAD,6,29.0,,84.126,51.138,22.384,260.0,259.0,,244.0,5.0,HARD,23.0,False,,5000.828,,12,False,False,Red Bull Racing
FP2,GAS,10,1.0,,,45.917,29.587,252.0,257.0,254.0,253.0,1.0,HARD,1.0,True,962.299,,,1,False,False,Alpine
FP2,GAS,10,2.0,93.964,34.82,41.077,18.067,274.0,326.0,276.0,279.0,1.0,HARD,2.0,True,,,,1,True,True,Alpine
FP2,GAS,10,3.0,137.183,51.335,57.096,28.752,161.0,251.0,247.0,242.0,1.0,HARD,3.0,True,,,,1,False,True,Alpine
FP2,GAS,10,4.0,93.518,34.64,40.995,17.883,272.0,329.0,269.0,280.0,1.0,HARD,4.0,True,,,,1,True,True,Alpine
FP2,GAS,10,5.0,134.423,54.568,57.596,22.259,208.0,260.0,255.0,256.0,1.0,HARD,5.0,True,,,,1,False,True,Alpine
FP2,GAS,10,6.0,92.894,34.121,40.939,17.834,273.0,330.0,270.0,282.0,1.0,HARD,6.0,True,,,,12,True,True,Alpine
FP2,GAS,10,7.0,138.73,52.067,65.376,21.287,155.0,266.0,260.0,260.0,1.0,HARD,7.0,True,,,,1,False,True,Alpine
FP2,GAS,10,8.0,118.693,46.695,48.946,23.052,227.0,263.0,258.0,259.0,1.0,HARD,8.0,True,,,,1,False,True,Alpine
FP2,GAS,10,9.0,92.395,33.762,40.887,17.746,274.0,329.0,270.0,281.0,1.0,HARD,9.0,True,,,,1,True,True,Alpine
FP2,GAS,10,10.0,112.114,39.212,46.656,26.246,243.0,262.0,,227.0,1.0,HARD,10.0,True,,2087.917,,1,False,False,Alpine
FP2,GAS,10,11.0,,,46.83,21.544,260.0,261.0,262.0,257.0,2.0,SOFT,1.0,True,2545.332,,,1,False,False,Alpine
FP2,GAS,10,12.0,91.959,33.43,40.601,17.928,273.0,319.0,277.0,278.0,2.0,SOFT,2.0,True,,,,1,True,True,Alpine
FP2,GAS,10,13.0,137.441,52.264,58.055,27.122,177.0,267.0,191.0,201.0,2.0,SOFT,3.0,True,,,,1,False,True,Alpine
FP2,GAS,10,14.0,128.543,50.405,52.648,25.49,175.0,262.0,254.0,259.0,2.0,SOFT,4.0,True,,,,1,False,True,Alpine
FP2,GAS,10,15.0,91.734,33.529,40.417,17.788,270.0,326.0,273.0,281.0,2.0,SOFT,5.0,True,,,,1,True,True,Alpine
FP2,GAS,10,16.0,107.693,38.684,46.241,22.768,243.0,260.0,,248.0,2.0,SOFT,6.0,True,,3207.51,,1,False,False,Alpine
FP2,GAS,10,17.0,,,43.446,18.656,264.0,318.0,270.0,283.0,3.0,HARD,11.0,False,3507.679,,,1,False,False,Alpine
FP2,GAS,10,18.0,96.178,35.431,42.518,18.229,256.0,313.0,277.0,278.0,3.0,HARD,12.0,False,,,,1,False,True,Alpine
FP2,GAS,10,19.0,96.038,35.277,42.546,18.215,255.0,317.0,279.0,280.0,3.0,HARD,13.0,False,,,,1,False,True,Alpine
FP2,GAS,10,20.0,96.318,35.146,42.911,18.261,256.0,312.0,278.0,278.0,3.0,HARD,14.0,False,,,,1,False,True,Alpine
FP2,GAS,10,21.0,95.93,35.126,42.62,18.184,259.0,316.0,280.0,282.0,3.0,HARD,15.0,False,,,,1,False,True,Alpine
FP2,GAS,10,22.0,95.909,35.043,42.673,18.193,257.0,318.0,280.0,283.0,3.0,HARD,16.0,False,,,,1,False,True,Alpine
FP2,GAS,10,23.0,96.395,35.305,42.867,18.223,255.0,317.0,280.0,283.0,3.0,HARD,17.0,False,,,,1,False,True,Alpine
FP2,GAS,10,24.0,96.096,35.339,42.668,18.089,258.0,323.0,280.0,289.0,3.0,HARD,18.0,False,,,,1,False,True,Alpine
FP2,GAS,10,25.0,97.52,35.962,43.259,18.299,270.0,316.0,278.0,285.0,3.0,HARD,19.0,False,,,,1,False,True,Alpine
FP2,GAS,10,26.0,95.782,35.122,42.422,18.238,261.0,327.0,283.0,291.0,3.0,HARD,20.0,False,,,,1,False,True,Alpine
FP2,GAS,10,27.0,119.238,38.394,48.877,31.967,261.0,239.0,77.0,166.0,3.0,HARD,21.0,False,,,,1,False,True,Alpine
FP2,GAS,10,28.0,,,47.818,29.01,231.0,258.0,81.0,254.0,3.0,HARD,22.0,False,,,,1,False,False,Alpine
FP2,GAS,10,29.0,,79.537,57.0,28.281,277.0,209.0,,210.0,3.0,HARD,23.0,False,,4960.516,,12,False,False,Alpine
FP2,PER,11,1.0,,,45.409,24.509,253.0,267.0,265.0,210.0,1.0,SOFT,1.0,True,2804.817,,,1,False,False,Cadillac
FP2,PER,11,2.0,93.786,33.729,41.526,18.531,276.0,319.0,256.0,279.0,1.0,SOFT,2.0,True,,,,1,True,True,Cadillac
FP2,PER,11,3.0,136.994,55.237,54.548,27.209,226.0,272.0,253.0,209.0,1.0,SOFT,3.0,True,,,,1,False,True,Cadillac
FP2,PER,11,4.0,93.689,33.977,41.347,18.365,277.0,318.0,243.0,277.0,1.0,SOFT,4.0,True,,,,1,True,True,Cadillac
FP2,PER,11,5.0,119.367,50.059,45.584,23.724,244.0,276.0,,262.0,1.0,SOFT,5.0,True,,3353.409,,1,False,False,Cadillac
FP2,PER,11,6.0,,,46.673,20.645,230.0,317.0,273.0,249.0,2.0,HARD,1.0,True,3961.046,,,1,False,False,Cadillac
FP2,PER,11,7.0,98.115,35.937,43.462,18.716,254.0,307.0,273.0,274.0,2.0,HARD,2.0,True,,,,1,False,True,Cadillac
FP2,PER,11,8.0,97.904,35.947,43.388,18.569,250.0,308.0,273.0,275.0,2.0,HARD,3.0,True,,,,1,False,True,Cadillac
FP2,PER,11,9.0,98.173,35.978,43.5,18.695,250.0,307.0,275.0,273.0,2.0,HARD,4.0,True,,,,1,False,True,Cadillac
FP2,PER,11,10.0,98.476,36.042,43.704,18.73,248.0,300.0,268.0,270.0,2.0,HARD,5.0,True,,,,1,False,True,Cadillac
FP2,PER,11,11.0,98.076,36.174,43.341,18.561,254.0,306.0,275.0,286.0,2.0,HARD,6.0,True,,,,1,False,True,Cadillac
FP2,PER,11,12.0,130.856,48.194,50.863,31.799,234.0,262.0,73.0,191.0,2.0,HARD,7.0,True,,,,1,False,True,Cadillac
FP2,PER,11,13.0,,77.688,47.347,32.446,239.0,261.0,64.0,195.0,2.0,HARD,8.0,True,,,,1,False,False,Cadillac
FP2,PER,11,14.0,,88.811,47.341,25.039,246.0,305.0,,224.0,2.0,HARD,9.0,True,,5006.2,,12,False,False,Cadillac
FP2,ANT,12,1.0,,,47.642,27.324,259.0,252.0,,187.0,1.0,MEDIUM,1.0,True,892.517,1049.01,,671,False,False,Mercedes
FP2,ANT,12,2.0,,78.321,53.944,22.332,257.0,234.0,251.0,243.0,2.0,MEDIUM,2.0,False,1068.323,,,1,False,False,Mercedes
FP2,ANT,12,3.0,91.738,33.276,40.557,17.905,277.0,321.0,260.0,278.0,2.0,MEDIUM,3.0,False,,,,1,True,True,Mercedes
FP2,ANT,12,4.0,149.152,78.079,49.728,21.345,215.0,255.0,250.0,250.0,2.0,MEDIUM,4.0,False,,,,1,False,True,Mercedes
FP2,ANT,12,5.0,91.174,32.999,40.373,17.802,278.0,325.0,261.0,278.0,2.0,MEDIUM,5.0,False,,,,1,True,True,Mercedes
FP2,ANT,12,6.0,136.958,48.192,63.664,25.102,200.0,256.0,242.0,220.0,2.0,MEDIUM,6.0,False,,,,12,False,True,Mercedes
FP2,ANT,12,7.0,91.397,33.369,40.297,17.731,278.0,326.0,262.0,280.0,2.0,MEDIUM,7.0,False,,,,1,False,True,Mercedes
FP2,ANT,12,8.0,,83.269,46.934,27.132,257.0,233.0,,220.0,2.0,MEDIUM,8.0,False,,1921.379,,1,False,False,Mercedes
FP2,ANT,12,9.0,,,48.422,23.006,259.0,249.0,256.0,251.0,3.0,SOFT,1.0,True,2244.008,,,1,False,False,Mercedes
FP2,ANT,12,10.0,90.225,32.653,39.958,17.614,279.0,329.0,258.0,283.0,3.0,SOFT,2.0,True,,,,1,True,True,Mercedes
FP2,ANT,12,11.0,120.311,43.342,51.788,25.181,220.0,244.0,,224.0,3.0,SOFT,3.0,True,,2569.395,,1,False,False,Mercedes
FP2,ANT,12,12.0,,95.27,47.175,24.961,255.0,256.0,239.0,220.0,4.0,SOFT,4.0,False,2623.862,,,1,False,False,Mercedes
FP2,ANT,12,13.0,90.557,32.969,39.877,17.711,279.0,321.0,258.0,279.0,4.0,SOFT,5.0,False,,,,1,False,True,Mercedes
FP2,ANT,12,14.0,112.852,44.753,46.357,21.742,213.0,275.0,,264.0,4.0,SOFT,6.0,False,,2940.216,,1,False,False,Mercedes
FP2,ANT,12,15.0,,,42.044,18.08,277.0,320.0,277.0,278.0,5.0,MEDIUM,9.0,False,3243.95,,,1,False,False,Mercedes
FP2,ANT,12,16.0,94.538,34.367,42.202,17.969,257.0,313.0,277.0,276.0,5.0,MEDIUM,10.0,False,,,,1,False,True,Mercedes
FP2,ANT,12,17.0,94.793,34.507,42.253,18.033,254.0,313.0,277.0,278.0,5.0,MEDIUM,11.0,False,,,,1,False,True,Mercedes
FP2,ANT,12,18.0,94.557,34.329,42.183,18.045,258.0,316.0,278.0,279.0,5.0,MEDIUM,12.0,False,,,,1,False,True,Mercedes
FP2,ANT,12,19.0,94.496,34.373,42.086,18.037,256.0,322.0,278.0,284.0,5.0,MEDIUM,13.0,False,,,,1,False,True,Mercedes
FP2,ANT,12,20.0,95.276,34.613,42.476,18.187,258.0,325.0,279.0,288.0,5.0,MEDIUM,14.0,False,,,,1,False,True,Mercedes
FP2,ANT,12,21.0,102.073,38.524,44.248,19.301,273.0,313.0,277.0,276.0,5.0,MEDIUM,15.0,False,,,,1,False,True,Mercedes
FP2,ANT,12,22.0,94.15,34.383,41.901,17.866,256.0,326.0,278.0,286.0,5.0,MEDIUM,16.0,False,,,,1,False,True,Mercedes
FP2,ANT,12,23.0,95.65,34.663,42.997,17.99,255.0,320.0,278.0,283.0,5.0,MEDIUM,17.0,False,,,,1,False,True,Mercedes
FP2,ANT,12,24.0,96.988,34.476,42.125,20.387,257.0,320.0,,283.0,5.0,MEDIUM,18.0,False,,4228.26,,1,False,False,Mercedes
FP2,ANT,12,25.0,,,45.239,19.001,263.0,282.0,247.0,266.0,6.0,SOFT,7.0,False,4445.931,,,1,False,False,Mercedes
FP2,ANT,12,26.0,127.496,44.962,49.763,32.771,217.0,256.0,53.0,229.0,6.0,SOFT,8.0,False,,,,1,False,True,Mercedes
FP2,ANT,12,27.0,,,49.419,40.006,261.0,245.0,46.0,231.0,6.0,SOFT,9.0,False,,,,1,False,False,Mercedes
FP2,ANT,12,28.0,,87.822,45.159,23.802,262.0,283.0,,247.0,6.0,SOFT,10.0,False,,5063.723,,12,False,False,Mercedes
FP2,ALO,14,1.0,,,46.595,23.471,255.0,252.0,263.0,244.0,1.0,SOFT,1.0,True,905.626,,,671,False,False,Aston Martin
FP2,ALO,14,2.0,96.581,35.264,42.726,18.591,267.0,327.0,242.0,281.0,1.0,SOFT,2.0,True,,,,1,True,True,Aston Martin
FP2,ALO,14,3.0,144.089,48.611,54.527,40.951,233.0,121.0,257.0,110.0,1.0,SOFT,3.0,True,,,,1,False,True,Aston Martin
FP2,ALO,14,4.0,114.369,37.411,52.309,24.649,234.0,258.0,,247.0,1.0,SOFT,4.0,True,,1397.721,,1,False,False,Aston Martin
FP2,ALO,14,5.0,142.592,67.679,51.182,23.731,103.0,223.0,262.0,233.0,2.0,SOFT,5.0,False,1427.893,,,1,False,False,Aston Martin
FP2,ALO,14,6.0,95.736,35.001,42.393,18.342,268.0,328.0,241.0,281.0,2.0,SOFT,6.0,False,,,,12,True,True,Aston Martin
FP2,ALO,14,7.0,119.484,43.735,55.098,20.651,230.0,261.0,263.0,248.0,2.0,SOFT,7.0,False,,,,1,False,True,Aston Martin
FP2,ALO,14,8.0,95.379,34.81,42.271,18.298,268.0,321.0,249.0,275.0,2.0,SOFT,8.0,False,,,,1,True,True,Aston Martin
FP2,ALO,14,9.0,112.762,39.008,47.882,25.872,235.0,257.0,,248.0,2.0,SOFT,9.0,False,,1963.828,,1,False,False,Aston Martin
FP2,ALO,14,10.0,,,51.836,20.644,152.0,259.0,266.0,244.0,3.0,SOFT,10.0,False,2341.462,,,1,False,False,Aston Martin
FP2,ALO,14,11.0,94.705,34.459,42.016,18.23,266.0,328.0,247.0,281.0,3.0,SOFT,11.0,False,,,,1,True,True,Aston Martin
FP2,ALO,14,12.0,110.438,39.783,46.833,23.822,231.0,260.0,,250.0,3.0,SOFT,12.0,False,,2653.634,,1,False,False,Aston Martin
FP2,ALO,14,13.0,,,46.442,20.475,252.0,268.0,265.0,253.0,4.0,SOFT,1.0,True,3033.524,,,1,False,False,Aston Martin
FP2,ALO,14,14.0,93.812,33.924,41.641,18.247,267.0,317.0,257.0,272.0,4.0,SOFT,2.0,True,,,,1,True,True,Aston Martin
FP2,ALO,14,15.0,118.119,45.903,49.647,22.569,232.0,258.0,263.0,249.0,4.0,SOFT,3.0,True,,,,1,False,True,Aston Martin
FP2,ALO,14,16.0,93.596,34.091,41.483,18.022,269.0,333.0,250.0,288.0,4.0,SOFT,4.0,True,,,,1,True,True,Aston Martin
FP2,ALO,14,17.0,116.517,39.308,52.015,25.194,237.0,268.0,,254.0,4.0,SOFT,5.0,True,,3556.219,,1,False,False,Aston Martin
FP2,ALO,14,18.0,,,44.874,18.734,243.0,313.0,268.0,273.0,5.0,SOFT,6.0,False,3966.757,,,1,False,False,Aston Martin
FP2,ALO,14,19.0,98.628,36.067,43.68,18.881,250.0,299.0,267.0,267.0,5.0,SOFT,7.0,False,,,,1,False,True,Aston Martin
FP2,ALO,14,20.0,98.27,36.013,43.394,18.863,255.0,302.0,267.0,271.0,5.0,SOFT,8.0,False,,,,1,False,True,Aston Martin
FP2,ALO,14,21.0,98.68,36.017,43.803,18.86,253.0,300.0,265.0,268.0,5.0,SOFT,9.0,False,,,,1,False,True,Aston Martin
FP2,ALO,14,22.0,98.643,36.305,43.61,18.728,252.0,301.0,268.0,268.0,5.0,SOFT,10.0,False,,,,1,False,True,Aston Martin
FP2,ALO,14,23.0,120.644,42.077,49.183,29.384,204.0,264.0,72.0,215.0,5.0,SOFT,11.0,False,,,,1,False,True,Aston Martin
FP2,ALO,14,24.0,,87.225,46.452,22.55,248.0,253.0,,248.0,5.0,SOFT,12.0,False,,4770.899,,1,False,False,Aston Martin
FP2,LEC,16,1.0,,,49.279,29.84,258.0,260.0,262.0,144.0,1.0,MEDIUM,1.0,True,1097.659,,,1,False,False,Ferrari
FP2,LEC,16,2.0,92.891,33.702,40.984,18.205,276.0,320.0,250.0,276.0,1.0,MEDIUM,2.0,True,,,,1,True,True,Ferrari
FP2,LEC,16,3.0,126.685,54.323,52.105,20.257,167.0,269.0,262.0,258.0,1.0,MEDIUM,3.0,True,,,,1,False,True,Ferrari
FP2,LEC,16,4.0,91.745,33.11,40.637,17.998,277.0,320.0,261.0,278.0,1.0,MEDIUM,4.0,True,,,,1,True,True,Ferrari
FP2,LEC,16,5.0,141.275,48.704,63.8,28.771,168.0,176.0,265.0,139.0,1.0,MEDIUM,5.0,True,,,,12,False,True,Ferrari
FP2,LEC,16,6.0,91.019,32.999,40.283,17.737,277.0,327.0,263.0,282.0,1.0,MEDIUM,6.0,True,,,,1,True,True,Ferrari
FP2,LEC,16,7.0,122.618,39.931,54.943,27.744,218.0,200.0,,199.0,1.0,MEDIUM,7.0,True,,1879.873,,1,False,False,Ferrari
FP2,LEC,16,8.0,,,44.763,21.731,262.0,267.0,265.0,198.0,2.0,SOFT,1.0,True,2223.793,,,1,False,False,Ferrari
FP2,LEC,16,9.0,107.909,37.317,50.138,20.454,203.0,270.0,265.0,244.0,2.0,SOFT,2.0,True,,,,1,False,True,Ferrari
FP2,LEC,16,10.0,90.846,32.811,40.15,17.885,279.0,322.0,265.0,280.0,2.0,SOFT,3.0,True,,,,1,True,True,Ferrari
FP2,LEC,16,11.0,,62.851,77.316,22.054,130.0,246.0,267.0,250.0,2.0,SOFT,4.0,True,,,,1,False,False,Ferrari
FP2,LEC,16,12.0,100.224,34.842,44.927,20.455,264.0,274.0,265.0,263.0,2.0,SOFT,5.0,True,,,,1,False,True,Ferrari
FP2,LEC,16,13.0,91.126,32.898,40.254,17.974,278.0,331.0,261.0,287.0,2.0,SOFT,6.0,True,,,,1,False,True,Ferrari
FP2,LEC,16,14.0,132.331,42.084,61.395,28.852,180.0,263.0,,240.0,2.0,SOFT,7.0,True,,3010.155,,1,False,False,Ferrari
FP2,LEC,16,15.0,137.667,67.467,44.016,26.184,263.0,253.0,263.0,252.0,3.0,SOFT,8.0,False,3040.31,,,1,False,False,Ferrari
FP2,LEC,16,16.0,104.904,32.884,44.529,27.491,278.0,230.0,,198.0,3.0,SOFT,9.0,False,,3252.765,,1,False,False,Ferrari
FP2,LEC,16,17.0,,,42.807,18.361,258.0,319.0,277.0,277.0,4.0,MEDIUM,8.0,False,3637.58,,,1,False,False,Ferrari
FP2,LEC,16,18.0,94.979,34.523,42.222,18.234,257.0,309.0,271.0,276.0,4.0,MEDIUM,9.0,False,,,,1,False,True,Ferrari
FP2,LEC,16,19.0,99.163,34.807,42.641,21.715,257.0,311.0,272.0,277.0,4.0,MEDIUM,10.0,False,,,,1,False,True,Ferrari
FP2,LEC,16,20.0,95.606,34.835,42.134,18.637,258.0,314.0,270.0,280.0,4.0,MEDIUM,11.0,False,,,,1,False,True,Ferrari
FP2,LEC,16,21.0,95.204,34.873,42.136,18.195,257.0,312.0,273.0,277.0,4.0,MEDIUM,12.0,False,,,,1,False,True,Ferrari
FP2,LEC,16,22.0,95.281,35.038,42.19,18.053,258.0,317.0,275.0,284.0,4.0,MEDIUM,13.0,False,,,,1,False,True,Ferrari
FP2,LEC,16,23.0,95.494,34.969,42.422,18.103,260.0,326.0,278.0,293.0,4.0,MEDIUM,14.0,False,,,,1,False,True,Ferrari
FP2,LEC,16,24.0,96.389,34.95,42.345,19.094,250.0,330.0,276.0,266.0,4.0,MEDIUM,15.0,False,,,,1,False,True,Ferrari
FP2,LEC,16,25.0,95.141,34.795,42.165,18.181,253.0,314.0,278.0,280.0,4.0,MEDIUM,16.0,False,,,,1,False,True,Ferrari
FP2,LEC,16,26.0,127.737,45.714,52.563,29.46,176.0,264.0,91.0,172.0,4.0,MEDIUM,17.0,False,,,,1,False,True,Ferrari
FP2,LEC,16,27.0,,89.124,47.449,32.346,255.0,258.0,61.0,165.0,4.0,MEDIUM,18.0,False,,,,1,False,False,Ferrari
FP2,LEC,16,28.0,149.073,79.223,45.254,24.596,265.0,277.0,,219.0,4.0,MEDIUM,19.0,False,,4966.916,,12,False,False,Ferrari
FP2,STR,18,1.0,,,48.156,24.58,243.0,242.0,246.0,240.0,1.0,MEDIUM,1.0,True,1073.287,,,1,False,False,Aston Martin
FP2,STR,18,2.0,96.394,35.129,42.597,18.668,267.0,322.0,252.0,274.0,1.0,MEDIUM,2.0,True,,,,1,True,True,Aston Martin
FP2,STR,18,3.0,130.485,54.957,51.939,23.589,212.0,240.0,249.0,237.0,1.0,MEDIUM,3.0,True,,,,1,False,True,Aston Martin
FP2,STR,18,4.0,95.097,34.786,42.182,18.129,267.0,326.0,252.0,279.0,1.0,MEDIUM,4.0,True,,,,1,True,True,Aston Martin
FP2,STR,18,5.0,136.875,52.053,62.269,22.553,208.0,255.0,250.0,240.0,1.0,MEDIUM,5.0,True,,,,12,False,True,Aston Martin
FP2,STR,18,6.0,94.988,34.529,42.232,18.227,268.0,323.0,250.0,275.0,1.0,MEDIUM,6.0,True,,,,1,True,True,Aston Martin
FP2,STR,18,7.0,118.364,41.559,51.234,25.571,233.0,255.0,,232.0,1.0,MEDIUM,7.0,True,,1862.261,,1,False,False,Aston Martin
FP2,STR,18,8.0,,,46.607,22.014,250.0,275.0,253.0,253.0,2.0,MEDIUM,8.0,False,2144.452,,,1,False,False,Aston Martin
FP2,STR,18,9.0,94.947,34.465,42.018,18.464,269.0,314.0,258.0,270.0,2.0,MEDIUM,9.0,False,,,,1,True,True,Aston Martin
FP2,STR,18,10.0,111.848,37.991,50.426,23.431,238.0,239.0,,241.0,2.0,MEDIUM,10.0,False,,2456.294,,1,False,False,Aston Martin
FP2,STR,18,11.0,,,46.103,22.386,252.0,257.0,251.0,222.0,3.0,SOFT,1.0,True,3323.862,,,1,False,False,Aston Martin
FP2,STR,18,12.0,94.1,34.21,41.878,18.012,269.0,327.0,260.0,280.0,3.0,SOFT,2.0,True,,,,1,True,True,Aston Martin
FP2,STR,18,13.0,145.25,60.323,57.789,27.138,92.0,254.0,,179.0,3.0,SOFT,3.0,True,,3667.06,,1,False,False,Aston Martin
FP2,STR,18,14.0,133.091,60.267,49.702,23.122,225.0,256.0,249.0,243.0,4.0,SOFT,4.0,False,3684.908,,,1,False,False,Aston Martin
FP2,STR,18,15.0,93.951,34.104,41.662,18.185,270.0,317.0,259.0,274.0,4.0,SOFT,5.0,False,,,,1,True,True,Aston Martin
FP2,STR,18,16.0,129.431,53.031,50.857,25.543,219.0,258.0,,249.0,4.0,SOFT,6.0,False,,4023.538,,1,False,False,Aston Martin
FP2,STR,18,17.0,,,44.789,18.807,247.0,301.0,268.0,267.0,5.0,SOFT,7.0,False,4273.378,,,1,False,False,Aston Martin
FP2,STR,18,18.0,98.382,35.857,43.811,18.714,252.0,301.0,268.0,265.0,5.0,SOFT,8.0,False,,,,1,False,True,Aston Martin
FP2,STR,18,19.0,97.948,35.791,43.503,18.654,255.0,302.0,269.0,267.0,5.0,SOFT,9.0,False,,,,1,False,True,Aston Martin
FP2,STR,18,20.0,126.081,39.374,55.476,31.231,189.0,262.0,62.0,203.0,5.0,SOFT,10.0,False,,,,1,False,True,Aston Martin
FP2,STR,18,21.0,145.698,76.0,44.758,24.94,247.0,303.0,,261.0,5.0,SOFT,11.0,False,,4841.492,,1,False,False,Aston Martin
FP2,ALB,23,1.0,,,55.325,25.115,260.0,252.0,248.0,251.0,1.0,MEDIUM,1.0,True,961.655,,,1,False,False,Williams
FP2,ALB,23,2.0,93.511,34.125,41.333,18.053,276.0,323.0,264.0,279.0,1.0,MEDIUM,2.0,True,,,,1,True,True,Williams
FP2,ALB,23,3.0,136.987,56.594,52.689,27.704,169.0,259.0,247.0,128.0,1.0,MEDIUM,3.0,True,,,,1,False,True,Williams
FP2,ALB,23,4.0,113.688,40.694,46.995,25.999,233.0,266.0,254.0,185.0,1.0,MEDIUM,4.0,True,,,,1,False,True,Williams
FP2,ALB,23,5.0,93.295,34.186,41.115,17.994,274.0,328.0,264.0,281.0,1.0,MEDIUM,5.0,True,,,,1,True,True,Williams
FP2,ALB,23,6.0,,,51.166,21.239,261.0,244.0,266.0,236.0,1.0,MEDIUM,6.0,True,,,,12,False,False,Williams
FP2,ALB,23,7.0,92.735,33.922,40.796,18.017,276.0,324.0,265.0,279.0,1.0,MEDIUM,7.0,True,,,,1,True,True,Williams
FP2,ALB,23,8.0,134.519,47.596,62.36,24.563,181.0,217.0,261.0,213.0,1.0,MEDIUM,8.0,True,,,,1,False,True,Williams
FP2,ALB,23,9.0,92.722,33.741,41.068,17.913,277.0,325.0,262.0,279.0,1.0,MEDIUM,9.0,True,,,,1,True,True,Williams
FP2,ALB,23,10.0,112.299,42.502,46.542,23.255,239.0,258.0,,253.0,1.0,MEDIUM,10.0,True,,2122.953,,1,False,False,Williams
FP2,ALB,23,11.0,,,49.116,19.972,257.0,283.0,268.0,268.0,2.0,SOFT,1.0,True,2421.777,,,1,False,False,Williams
FP2,ALB,23,12.0,91.496,33.146,40.589,17.761,275.0,331.0,261.0,285.0,2.0,SOFT,2.0,True,,,,1,True,True,Williams
FP2,ALB,23,13.0,130.687,50.449,58.323,21.915,173.0,269.0,261.0,213.0,2.0,SOFT,3.0,True,,,,1,False,True,Williams
FP2,ALB,23,14.0,124.511,43.254,58.21,23.047,162.0,279.0,263.0,266.0,2.0,SOFT,4.0,True,,,,1,False,True,Williams
FP2,ALB,23,15.0,115.061,43.192,50.258,21.611,192.0,284.0,,276.0,2.0,SOFT,5.0,True,,2992.693,,1,False,False,Williams
FP2,ALB,23,16.0,,,43.18,18.559,268.0,310.0,274.0,274.0,3.0,MEDIUM,11.0,False,3333.166,,,1,False,False,Williams
FP2,ALB,23,17.0,96.893,35.748,42.773,18.372,255.0,311.0,273.0,277.0,3.0,MEDIUM,12.0,False,,,,1,False,True,Williams
FP2,ALB,23,18.0,97.041,35.896,42.812,18.333,256.0,311.0,271.0,277.0,3.0,MEDIUM,13.0,False,,,,1,False,True,Williams
FP2,ALB,23,19.0,97.79,36.119,43.227,18.444,256.0,307.0,276.0,275.0,3.0,MEDIUM,14.0,False,,,,1,False,True,Williams
FP2,ALB,23,20.0,97.218,35.814,43.045,18.359,255.0,307.0,275.0,275.0,3.0,MEDIUM,15.0,False,,,,1,False,True,Williams
FP2,ALB,23,21.0,97.369,35.744,43.193,18.432,260.0,305.0,277.0,275.0,3.0,MEDIUM,16.0,False,,,,1,False,True,Williams
FP2,ALB,23,22.0,97.377,35.848,43.136,18.393,262.0,307.0,275.0,276.0,3.0,MEDIUM,17.0,False,,,,1,False,True,Williams
FP2,ALB,23,23.0,97.248,35.886,42.974,18.388,259.0,308.0,276.0,277.0,3.0,MEDIUM,18.0,False,,,,1,False,True,Williams
FP2,ALB,23,24.0,97.074,35.826,43.025,18.223,260.0,315.0,268.0,284.0,3.0,MEDIUM,19.0,False,,,,1,False,True,Williams
FP2,ALB,23,25.0,97.22,36.157,42.823,18.24,261.0,320.0,271.0,284.0,3.0,MEDIUM,20.0,False,,,,1,False,True,Williams
FP2,ALB,23,26.0,108.595,36.863,44.243,27.489,258.0,181.0,,198.0,3.0,MEDIUM,21.0,False,,4414.087,,1,False,False,Williams
FP2,ALB,23,27.0,119.139,58.034,42.834,18.271,254.0,309.0,275.0,278.0,4.0,SOFT,6.0,False,4439.996,,,1,False,False,Williams
FP2,ALB,23,28.0,125.523,38.193,53.059,34.271,203.0,219.0,56.0,274.0,4.0,SOFT,7.0,False,,,,1,False,True,Williams
FP2,ALB,23,29.0,,81.937,49.021,35.164,268.0,208.0,66.0,188.0,4.0,SOFT,8.0,False,,,,1,False,False,Williams
FP2,ALB,23,30.0,,74.346,86.5,23.914,274.0,287.0,,273.0,4.0,SOFT,9.0,False,,5009.555,,12,False,False,Williams
FP2,HUL,27,1.0,,,46.128,25.279,253.0,266.0,256.0,217.0,1.0,HARD,1.0,True,903.687,,,671,False,False,Audi
FP2,HUL,27,2.0,92.933,33.911,41.06,17.962,279.0,326.0,269.0,284.0,1.0,HARD,2.0,True,,,,1,True,True,Audi
FP2,HUL,27,3.0,143.067,48.829,52.183,42.055,195.0,236.0,260.0,161.0,1.0,HARD,3.0,True,,,,1,False,True,Audi
FP2,HUL,27,4.0,92.604,33.765,40.765,18.074,276.0,315.0,264.0,276.0,1.0,HARD,4.0,True,,,,1,True,True,Audi
FP2,HUL,27,5.0,131.525,51.236,55.696,24.593,168.0,272.0,256.0,210.0,1.0,HARD,5.0,True,,,,1,False,True,Audi
FP2,HUL,27,6.0,92.129,33.48,40.657,17.992,273.0,315.0,266.0,276.0,1.0,HARD,6.0,True,,,,12,True,True,Audi
FP2,HUL,27,7.0,117.192,43.817,46.279,27.096,267.0,272.0,,247.0,1.0,HARD,7.0,True,,1707.551,,1,False,False,Audi
FP2,HUL,27,8.0,,,46.982,23.85,256.0,276.0,262.0,220.0,2.0,SOFT,1.0,True,2489.804,,,1,False,False,Audi
FP2,HUL,27,9.0,91.508,32.946,40.668,17.894,268.0,321.0,270.0,283.0,2.0,SOFT,2.0,True,,,,1,True,True,Audi
FP2,HUL,27,10.0,143.251,52.24,65.474,25.537,158.0,244.0,258.0,198.0,2.0,SOFT,3.0,True,,,,1,False,True,Audi
FP2,HUL,27,11.0,91.441,33.203,40.513,17.725,265.0,318.0,268.0,279.0,2.0,SOFT,4.0,True,,,,1,True,True,Audi
FP2,HUL,27,12.0,112.769,43.133,46.487,23.149,234.0,276.0,,224.0,2.0,SOFT,5.0,True,,3036.179,,1,False,False,Audi
FP2,HUL,27,13.0,,,42.882,18.27,267.0,321.0,277.0,284.0,3.0,HARD,8.0,False,3338.098,,,1,False,False,Audi
FP2,HUL,27,14.0,96.441,35.15,42.724,18.567,267.0,329.0,276.0,295.0,3.0,HARD,9.0,False,,,,1,False,True,Audi
FP2,HUL,27,15.0,96.201,35.499,42.545,18.157,259.0,314.0,276.0,285.0,3.0,HARD,10.0,False,,,,1,False,True,Audi
FP2,HUL,27,16.0,95.847,35.218,42.449,18.18,258.0,318.0,279.0,285.0,3.0,HARD,11.0,False,,,,1,False,True,Audi
FP2,HUL,27,17.0,96.445,35.176,42.858,18.411,265.0,340.0,267.0,290.0,3.0,HARD,12.0,False,,,,1,False,True,Audi
FP2,HUL,27,18.0,96.716,35.391,42.691,18.634,261.0,338.0,266.0,267.0,3.0,HARD,13.0,False,,,,1,False,True,Audi
FP2,HUL,27,19.0,97.257,35.803,43.136,18.318,262.0,305.0,280.0,284.0,3.0,HARD,14.0,False,,,,1,False,True,Audi
FP2,HUL,27,20.0,99.551,35.329,43.151,21.071,269.0,318.0,,293.0,3.0,HARD,15.0,False,,4114.979,,1,False,False,Audi
FP2,HUL,27,21.0,117.397,56.93,42.388,18.079,260.0,311.0,281.0,285.0,4.0,SOFT,6.0,False,4139.75,,,1,False,False,Audi
FP2,HUL,27,22.0,94.701,34.431,42.193,18.077,264.0,307.0,280.0,284.0,4.0,SOFT,7.0,False,,,,1,False,True,Audi
FP2,HUL,27,23.0,94.924,34.37,42.382,18.172,265.0,306.0,276.0,280.0,4.0,SOFT,8.0,False,,,,1,False,True,Audi
FP2,HUL,27,24.0,95.618,35.163,42.396,18.059,255.0,308.0,277.0,280.0,4.0,SOFT,9.0,False,,,,1,False,True,Audi
FP2,HUL,27,25.0,118.394,39.34,49.951,29.103,246.0,272.0,48.0,211.0,4.0,SOFT,10.0,False,,,,1,False,True,Audi
FP2,HUL,27,26.0,,88.916,52.002,30.431,276.0,183.0,48.0,254.0,4.0,SOFT,11.0,False,,,,1,False,False,Audi
FP2,HUL,27,27.0,,80.621,53.32,31.402,252.0,268.0,,215.0,4.0,SOFT,12.0,False,,4972.799,,12,False,False,Audi
FP2,LAW,30,1.0,,,48.436,28.046,249.0,255.0,260.0,183.0,1.0,MEDIUM,1.0,True,888.087,,,671,False,False,Racing Bulls
FP2,LAW,30,2.0,93.206,33.765,41.275,18.166,273.0,324.0,263.0,280.0,1.0,MEDIUM,2.0,True,,,,1,True,True,Racing Bulls
FP2,LAW,30,3.0,142.086,50.604,64.842,26.64,103.0,224.0,259.0,171.0,1.0,MEDIUM,3.0,True,,,,1,False,True,Racing Bulls
FP2,LAW,30,4.0,92.571,33.713,40.768,18.09,274.0,325.0,267.0,280.0,1.0,MEDIUM,4.0,True,,,,1,True,True,Racing Bulls
FP2,LAW,30,5.0,119.173,46.272,50.673,22.228,235.0,263.0,229.0,228.0,1.0,MEDIUM,5.0,True,,,,1,False,True,Racing Bulls
FP2,LAW,30,6.0,119.846,45.189,52.722,21.935,240.0,260.0,261.0,257.0,1.0,MEDIUM,6.0,True,,,,12,False,True,Racing Bulls
FP2,LAW,30,7.0,123.178,43.173,55.217,24.788,239.0,233.0,257.0,240.0,1.0,MEDIUM,7.0,True,,,,21,False,True,Racing Bulls
FP2,LAW,30,8.0,92.102,33.574,40.62,17.908,274.0,326.0,261.0,283.0,1.0,MEDIUM,8.0,True,,,,1,True,True,Racing Bulls
FP2,LAW,30,9.0,117.424,39.385,53.697,24.342,242.0,199.0,,252.0,1.0,MEDIUM,9.0,True,,1913.922,,1,False,False,Racing Bulls
FP2,LAW,30,10.0,,,49.245,21.107,238.0,257.0,260.0,256.0,2.0,SOFT,1.0,True,2232.093,,,1,False,False,Racing Bulls
FP2,LAW,30,11.0,91.694,33.131,40.579,17.984,279.0,322.0,260.0,280.0,2.0,SOFT,2.0,True,,,,1,True,True,Racing Bulls
FP2,LAW,30,12.0,122.518,42.936,57.109,22.473,205.0,261.0,227.0,272.0,2.0,SOFT,3.0,True,,,,1,False,True,Racing Bulls
FP2,LAW,30,13.0,114.916,43.253,50.302,21.361,199.0,259.0,262.0,256.0,2.0,SOFT,4.0,True,,,,1,False,True,Racing Bulls
FP2,LAW,30,14.0,91.59,33.181,40.425,17.984,276.0,322.0,262.0,280.0,2.0,SOFT,5.0,True,,,,1,True,True,Racing Bulls
FP2,LAW,30,15.0,118.674,40.042,52.014,26.618,240.0,270.0,,265.0,2.0,SOFT,6.0,True,,2882.897,,1,False,False,Racing Bulls
FP2,LAW,30,16.0,,,42.822,21.006,268.0,318.0,,277.0,3.0,SOFT,7.0,False,3207.011,3327.938,,1,False,False,Racing Bulls
FP2,LAW,30,17.0,117.405,56.672,42.536,18.197,262.0,316.0,274.0,279.0,4.0,MEDIUM,10.0,False,3352.188,,,1,False,False,Racing Bulls
FP2,LAW,30,18.0,96.589,35.637,42.724,18.228,264.0,314.0,276.0,278.0,4.0,MEDIUM,11.0,False,,,,1,False,True,Racing Bulls
FP2,LAW,30,19.0,96.91,35.737,42.919,18.254,263.0,318.0,274.0,285.0,4.0,MEDIUM,12.0,False,,,,1,False,True,Racing Bulls
FP2,LAW,30,20.0,97.162,35.767,43.127,18.268,263.0,306.0,277.0,280.0,4.0,MEDIUM,13.0,False,,,,1,False,True,Racing Bulls
FP2,LAW,30,21.0,96.964,35.619,43.272,18.073,248.0,327.0,278.0,289.0,4.0,MEDIUM,14.0,False,,,,1,False,True,Racing Bulls
FP2,LAW,30,22.0,,35.588,44.747,20.248,247.0,329.0,235.0,289.0,4.0,MEDIUM,15.0,False,,,,1,False,False,Racing Bulls
FP2,LAW,30,23.0,104.448,37.782,42.816,23.85,262.0,320.0,274.0,252.0,4.0,MEDIUM,16.0,False,,,,1,False,True,Racing Bulls
FP2,LAW,30,24.0,96.55,35.533,42.706,18.311,264.0,316.0,275.0,282.0,4.0,MEDIUM,17.0,False,,,,1,False,True,Racing Bulls
FP2,LAW,30,25.0,98.033,36.302,42.959,18.772,265.0,322.0,278.0,286.0,4.0,MEDIUM,18.0,False,,,,1,False,True,Racing Bulls
FP2,LAW,30,26.0,96.585,35.661,42.644,18.28,267.0,325.0,279.0,289.0,4.0,MEDIUM,19.0,False,,,,1,False,True,Racing Bulls
FP2,LAW,30,27.0,97.047,36.259,42.643,18.145,263.0,319.0,279.0,283.0,4.0,MEDIUM,20.0,False,,,,1,False,True,Racing Bulls
FP2,LAW,30,28.0,138.974,48.738,58.302,31.934,164.0,253.0,47.0,215.0,4.0,MEDIUM,21.0,False,,,,1,False,True,Racing Bulls
FP2,LAW,30,29.0,,89.527,50.911,33.466,245.0,256.0,66.0,189.0,4.0,MEDIUM,22.0,False,,,,1,False,False,Racing Bulls
FP2,LAW,30,30.0,,72.3,56.564,24.673,266.0,199.0,,234.0,4.0,MEDIUM,23.0,False,,4990.409,,12,False,False,Racing Bulls
FP2,OCO,31,1.0,,,49.438,31.83,264.0,247.0,240.0,155.0,1.0,MEDIUM,1.0,True,890.55,,,671,False,False,Haas F1 Team
FP2,OCO,31,2.0,94.368,34.454,41.486,18.428,274.0,321.0,240.0,275.0,1.0,MEDIUM,2.0,True,,,,1,True,True,Haas F1 Team
FP2,OCO,31,3.0,141.115,47.104,63.939,30.072,157.0,195.0,243.0,179.0,1.0,MEDIUM,3.0,True,,,,1,False,True,Haas F1 Team
FP2,OCO,31,4.0,93.643,34.15,41.209,18.284,273.0,313.0,260.0,271.0,1.0,MEDIUM,4.0,True,,,,1,True,True,Haas F1 Team
FP2,OCO,31,5.0,127.777,48.424,57.697,21.656,173.0,263.0,249.0,249.0,1.0,MEDIUM,5.0,True,,,,1,False,True,Haas F1 Team
FP2,OCO,31,6.0,93.097,33.979,41.083,18.035,275.0,318.0,255.0,274.0,1.0,MEDIUM,6.0,True,,,,12,True,True,Haas F1 Team
FP2,OCO,31,7.0,126.81,50.993,54.857,20.96,200.0,269.0,255.0,259.0,1.0,MEDIUM,7.0,True,,,,21,False,True,Haas F1 Team
FP2,OCO,31,8.0,92.991,33.854,40.978,18.159,274.0,321.0,246.0,276.0,1.0,MEDIUM,8.0,True,,,,1,True,True,Haas F1 Team
FP2,OCO,31,9.0,112.371,42.057,48.169,22.145,232.0,271.0,,260.0,1.0,MEDIUM,9.0,True,,1903.893,,1,False,False,Haas F1 Team
FP2,OCO,31,10.0,,,47.623,21.395,264.0,271.0,261.0,260.0,2.0,SOFT,1.0,True,2374.31,,,1,False,False,Haas F1 Team
FP2,OCO,31,11.0,91.908,33.062,40.841,18.005,278.0,329.0,244.0,283.0,2.0,SOFT,2.0,True,,,,1,True,True,Haas F1 Team
FP2,OCO,31,12.0,133.695,47.319,58.875,27.501,192.0,227.0,,207.0,2.0,SOFT,3.0,True,,2708.437,,1,False,False,Haas F1 Team
FP2,OCO,31,13.0,,82.424,52.035,22.171,234.0,271.0,260.0,260.0,3.0,SOFT,4.0,False,2728.706,,,1,False,False,Haas F1 Team
FP2,OCO,31,14.0,91.532,33.058,40.601,17.873,278.0,324.0,263.0,279.0,3.0,SOFT,5.0,False,,,,1,True,True,Haas F1 Team
FP2,OCO,31,15.0,118.202,41.881,51.014,25.307,218.0,240.0,,223.0,3.0,SOFT,6.0,False,,3074.903,,1,False,False,Haas F1 Team
FP2,OCO,31,16.0,,,43.421,18.944,257.0,305.0,271.0,269.0,4.0,MEDIUM,10.0,False,3400.307,,,1,False,False,Haas F1 Team
FP2,OCO,31,17.0,96.705,35.553,42.572,18.58,255.0,308.0,273.0,274.0,4.0,MEDIUM,11.0,False,,,,1,False,True,Haas F1 Team
FP2,OCO,31,18.0,96.615,35.516,42.576,18.523,253.0,306.0,272.0,273.0,4.0,MEDIUM,12.0,False,,,,1,False,True,Haas F1 Team
FP2,OCO,31,19.0,96.421,35.387,42.547,18.487,256.0,308.0,273.0,273.0,4.0,MEDIUM,13.0,False,,,,1,False,True,Haas F1 Team
FP2,OCO,31,20.0,96.409,35.207,42.684,18.518,258.0,304.0,272.0,272.0,4.0,MEDIUM,14.0,False,,,,1,False,True,Haas F1 Team
FP2,OCO,31,21.0,96.17,35.247,42.499,18.424,257.0,307.0,272.0,274.0,4.0,MEDIUM,15.0,False,,,,1,False,True,Haas F1 Team
FP2,OCO,31,22.0,95.989,35.204,42.376,18.409,256.0,310.0,274.0,275.0,4.0,MEDIUM,16.0,False,,,,1,False,True,Haas F1 Team
FP2,OCO,31,23.0,96.0,35.279,42.376,18.345,255.0,316.0,274.0,278.0,4.0,MEDIUM,17.0,False,,,,1,False,True,Haas F1 Team
FP2,OCO,31,24.0,95.927,35.228,42.371,18.328,255.0,315.0,277.0,277.0,4.0,MEDIUM,18.0,False,,,,1,False,True,Haas F1 Team
FP2,OCO,31,25.0,99.891,35.307,42.827,21.757,247.0,306.0,271.0,276.0,4.0,MEDIUM,19.0,False,,,,1,False,True,Haas F1 Team
FP2,OCO,31,26.0,95.813,35.039,42.439,18.335,252.0,308.0,276.0,274.0,4.0,MEDIUM,20.0,False,,,,1,False,True,Haas F1 Team
FP2,OCO,31,27.0,95.854,35.21,42.334,18.31,255.0,311.0,274.0,277.0,4.0,MEDIUM,21.0,False,,,,1,False,True,Haas F1 Team
FP2,OCO,31,28.0,132.926,50.542,51.729,30.655,186.0,227.0,75.0,198.0,4.0,MEDIUM,22.0,False,,,,1,False,True,Haas F1 Team
FP2,OCO,31,29.0,,88.922,50.582,33.783,243.0,244.0,77.0,258.0,4.0,MEDIUM,23.0,False,,,,1,False,False,Haas F1 Team
FP2,OCO,31,30.0,,81.599,59.725,21.995,245.0,264.0,,258.0,4.0,MEDIUM,24.0,False,,5027.465,,12,False,False,Haas F1 Team
FP2,LIN,41,1.0,,,69.262,38.967,259.0,190.0,,149.0,1.0,MEDIUM,1.0,True,901.053,1073.287,,671,False,False,Racing Bulls
FP2,COL,43,1.0,,,46.342,27.104,257.0,250.0,253.0,243.0,1.0,MEDIUM,1.0,True,884.299,,,671,False,False,Alpine
FP2,COL,43,2.0,93.891,34.389,41.357,18.145,274.0,322.0,277.0,276.0,1.0,MEDIUM,2.0,True,,,,1,True,True,Alpine
FP2,COL,43,3.0,,62.966,69.334,37.259,131.0,251.0,244.0,153.0,1.0,MEDIUM,3.0,True,,,,1,False,False,Alpine
FP2,COL,43,4.0,117.294,37.646,58.316,21.332,120.0,256.0,256.0,220.0,1.0,MEDIUM,4.0,True,,,,1,False,True,Alpine
FP2,COL,43,5.0,93.007,34.082,41.062,17.863,273.0,324.0,272.0,278.0,1.0,MEDIUM,5.0,True,,,,1,True,True,Alpine
FP2,COL,43,6.0,140.499,56.17,63.257,21.072,152.0,254.0,266.0,253.0,1.0,MEDIUM,6.0,True,,,,12,False,True,Alpine
FP2,COL,43,7.0,93.075,33.908,41.177,17.99,273.0,323.0,277.0,277.0,1.0,MEDIUM,7.0,True,,,,1,False,True,Alpine
FP2,COL,43,8.0,114.439,41.164,49.479,23.796,238.0,239.0,,239.0,1.0,MEDIUM,8.0,True,,1826.924,,1,False,False,Alpine
FP2,COL,43,9.0,,,45.401,22.167,265.0,255.0,258.0,247.0,2.0,SOFT,1.0,True,2397.443,,,1,False,False,Alpine
FP2,COL,43,10.0,92.438,33.525,40.942,17.971,276.0,324.0,278.0,281.0,2.0,SOFT,2.0,True,,,,1,True,True,Alpine
FP2,COL,43,11.0,,60.33,77.097,25.678,144.0,263.0,147.0,205.0,2.0,SOFT,3.0,True,,,,1,False,False,Alpine
FP2,COL,43,12.0,126.687,46.231,54.084,26.372,243.0,261.0,253.0,213.0,2.0,SOFT,4.0,True,,,,1,False,True,Alpine
FP2,COL,43,13.0,92.644,33.915,40.839,17.89,271.0,321.0,275.0,277.0,2.0,SOFT,5.0,True,,,,1,False,True,Alpine
FP2,COL,43,14.0,106.278,39.572,44.804,21.902,245.0,310.0,,277.0,2.0,SOFT,6.0,True,,3083.355,,1,False,False,Alpine
FP2,COL,43,15.0,,,43.025,18.662,262.0,311.0,274.0,274.0,3.0,MEDIUM,9.0,False,3431.869,,,1,False,False,Alpine
FP2,COL,43,16.0,96.523,35.581,42.513,18.429,258.0,312.0,277.0,275.0,3.0,MEDIUM,10.0,False,,,,1,False,True,Alpine
FP2,COL,43,17.0,96.538,35.503,42.668,18.367,257.0,312.0,278.0,277.0,3.0,MEDIUM,11.0,False,,,,1,False,True,Alpine
FP2,COL,43,18.0,96.563,35.537,42.801,18.225,254.0,313.0,277.0,279.0,3.0,MEDIUM,12.0,False,,,,1,False,True,Alpine
FP2,COL,43,19.0,96.758,35.583,42.831,18.344,257.0,315.0,281.0,280.0,3.0,MEDIUM,13.0,False,,,,1,False,True,Alpine
FP2,COL,43,20.0,96.893,35.642,42.954,18.297,257.0,315.0,280.0,282.0,3.0,MEDIUM,14.0,False,,,,1,False,True,Alpine
FP2,COL,43,21.0,97.046,35.602,43.077,18.367,265.0,309.0,275.0,282.0,3.0,MEDIUM,15.0,False,,,,1,False,True,Alpine
FP2,COL,43,22.0,97.133,35.544,42.788,18.801,279.0,329.0,278.0,262.0,3.0,MEDIUM,16.0,False,,,,1,False,True,Alpine
FP2,COL,43,23.0,96.916,35.849,42.796,18.271,262.0,320.0,280.0,288.0,3.0,MEDIUM,17.0,False,,,,1,False,True,Alpine
FP2,COL,43,24.0,97.085,35.582,43.168,18.335,256.0,308.0,280.0,276.0,3.0,MEDIUM,18.0,False,,,,1,False,True,Alpine
FP2,COL,43,25.0,96.454,35.5,42.688,18.266,256.0,316.0,280.0,281.0,3.0,MEDIUM,19.0,False,,,,1,False,True,Alpine
FP2,COL,43,26.0,122.869,40.828,55.158,26.883,203.0,239.0,115.0,238.0,3.0,MEDIUM,20.0,False,,,,1,False,True,Alpine
FP2,COL,43,27.0,,87.159,50.344,29.875,265.0,219.0,78.0,180.0,3.0,MEDIUM,21.0,False,,,,1,False,False,Alpine
FP2,COL,43,28.0,143.626,77.349,44.221,22.056,265.0,273.0,,262.0,3.0,MEDIUM,22.0,False,,4933.337,,12,False,False,Alpine
FP2,HAM,44,1.0,,,47.232,23.497,250.0,234.0,251.0,187.0,1.0,MEDIUM,1.0,True,882.605,,,671,False,False,Ferrari
FP2,HAM,44,2.0,93.306,33.677,41.282,18.347,276.0,319.0,258.0,275.0,1.0,MEDIUM,2.0,True,,,,1,True,True,Ferrari
FP2,HAM,44,3.0,,66.317,73.339,32.428,105.0,250.0,238.0,188.0,1.0,MEDIUM,3.0,True,,,,1,False,False,Ferrari
FP2,HAM,44,4.0,91.976,33.586,40.473,17.917,276.0,322.0,261.0,279.0,1.0,MEDIUM,4.0,True,,,,1,True,True,Ferrari
FP2,HAM,44,5.0,,75.153,69.689,20.604,98.0,262.0,267.0,258.0,1.0,MEDIUM,5.0,True,,,,1,False,False,Ferrari
FP2,HAM,44,6.0,91.543,33.226,40.506,17.811,277.0,323.0,263.0,279.0,1.0,MEDIUM,6.0,True,,,,12,True,True,Ferrari
FP2,HAM,44,7.0,126.934,49.799,54.066,23.069,236.0,270.0,,236.0,1.0,MEDIUM,7.0,True,,1739.308,,1,False,False,Ferrari
FP2,HAM,44,8.0,,,52.615,21.287,268.0,273.0,268.0,224.0,2.0,SOFT,1.0,True,2240.049,,,1,False,False,Ferrari
FP2,HAM,44,9.0,91.28,32.857,40.583,17.84,278.0,320.0,263.0,278.0,2.0,SOFT,2.0,True,,,,1,True,True,Ferrari
FP2,HAM,44,10.0,,62.428,79.786,27.84,117.0,179.0,180.0,148.0,2.0,SOFT,3.0,True,,,,1,False,False,Ferrari
FP2,HAM,44,11.0,109.826,40.793,46.311,22.722,221.0,244.0,263.0,238.0,2.0,SOFT,4.0,True,,,,1,False,True,Ferrari
FP2,HAM,44,12.0,91.14,32.982,40.262,17.896,279.0,318.0,262.0,277.0,2.0,SOFT,5.0,True,,,,1,True,True,Ferrari
FP2,HAM,44,13.0,148.372,55.618,68.975,23.779,129.0,226.0,190.0,219.0,2.0,SOFT,6.0,True,,,,1,False,True,Ferrari
FP2,HAM,44,14.0,116.073,41.541,49.489,25.043,256.0,207.0,271.0,185.0,2.0,SOFT,7.0,True,,,,1,False,True,Ferrari
FP2,HAM,44,15.0,90.98,32.774,40.346,17.86,278.0,322.0,264.0,278.0,2.0,SOFT,8.0,True,,,,1,True,True,Ferrari
FP2,HAM,44,16.0,101.066,35.871,43.6,21.595,255.0,267.0,,260.0,2.0,SOFT,9.0,True,,3271.221,,1,False,False,Ferrari
FP2,HAM,44,17.0,,,46.466,19.636,157.0,288.0,275.0,245.0,3.0,MEDIUM,8.0,False,3713.622,,,1,False,False,Ferrari
FP2,HAM,44,18.0,95.39,34.505,42.577,18.308,258.0,312.0,275.0,277.0,3.0,MEDIUM,9.0,False,,,,1,False,True,Ferrari
FP2,HAM,44,19.0,98.653,34.822,42.759,21.072,257.0,309.0,,276.0,3.0,MEDIUM,10.0,False,,4025.241,,1,False,False,Ferrari
FP2,HAM,44,20.0,117.3,56.968,42.054,18.278,260.0,317.0,279.0,280.0,4.0,MEDIUM,11.0,False,4050.261,,,1,False,False,Ferrari
FP2,HAM,44,21.0,95.751,34.703,42.86,18.188,253.0,311.0,272.0,278.0,4.0,MEDIUM,12.0,False,,,,1,False,True,Ferrari
FP2,HAM,44,22.0,96.487,35.343,42.888,18.256,259.0,311.0,274.0,279.0,4.0,MEDIUM,13.0,False,,,,1,False,True,Ferrari
FP2,HAM,44,23.0,96.424,35.225,42.874,18.325,258.0,313.0,276.0,279.0,4.0,MEDIUM,14.0,False,,,,1,False,True,Ferrari
FP2,HAM,44,24.0,100.329,35.101,46.17,19.058,255.0,292.0,264.0,268.0,4.0,MEDIUM,15.0,False,,,,1,False,True,Ferrari
FP2,HAM,44,25.0,132.005,48.121,52.058,31.826,173.0,258.0,46.0,249.0,4.0,MEDIUM,16.0,False,,,,1,False,True,Ferrari
FP2,HAM,44,26.0,,93.144,49.947,31.001,199.0,259.0,47.0,217.0,4.0,MEDIUM,17.0,False,,,,1,False,False,Ferrari
FP2,HAM,44,27.0,,87.526,48.226,31.867,252.0,316.0,,260.0,4.0,MEDIUM,18.0,False,,5005.19,,12,False,False,Ferrari
FP2,SAI,55,1.0,,,44.893,19.875,249.0,280.0,268.0,262.0,1.0,HARD,1.0,True,1082.609,,,1,False,False,Williams
FP2,SAI,55,2.0,93.988,34.572,41.278,18.138,276.0,331.0,262.0,284.0,1.0,HARD,2.0,True,,,,1,True,True,Williams
FP2,SAI,55,3.0,123.546,47.415,54.837,21.294,207.0,247.0,267.0,263.0,1.0,HARD,3.0,True,,,,1,False,True,Williams
FP2,SAI,55,4.0,92.987,33.956,41.133,17.898,276.0,331.0,258.0,285.0,1.0,HARD,4.0,True,,,,1,True,True,Williams
FP2,SAI,55,5.0,128.074,50.531,53.678,23.865,200.0,281.0,,262.0,1.0,HARD,5.0,True,,1622.525,,12,False,False,Williams
FP2,SAI,55,6.0,,,45.412,20.196,262.0,266.0,267.0,259.0,2.0,HARD,6.0,False,1790.756,,,1,False,False,Williams
FP2,SAI,55,7.0,93.341,33.912,41.464,17.965,277.0,329.0,257.0,286.0,2.0,HARD,7.0,False,,,,1,False,True,Williams
FP2,SAI,55,8.0,118.911,47.734,50.503,20.674,193.0,257.0,260.0,253.0,2.0,HARD,8.0,False,,,,1,False,True,Williams
FP2,SAI,55,9.0,92.635,33.709,41.008,17.918,276.0,327.0,264.0,282.0,2.0,HARD,9.0,False,,,,1,True,True,Williams
FP2,SAI,55,10.0,109.09,41.403,45.171,22.516,247.0,279.0,,266.0,2.0,HARD,10.0,False,,2304.082,,1,False,False,Williams
FP2,SAI,55,11.0,,,45.505,21.131,272.0,281.0,261.0,268.0,3.0,SOFT,1.0,True,2426.769,,,1,False,False,Williams
FP2,SAI,55,12.0,91.608,33.25,40.617,17.741,277.0,332.0,267.0,289.0,3.0,SOFT,2.0,True,,,,1,True,True,Williams
FP2,SAI,55,13.0,143.594,54.278,68.352,20.964,180.0,249.0,257.0,256.0,3.0,SOFT,3.0,True,,,,1,False,True,Williams
FP2,SAI,55,14.0,103.72,33.513,46.173,24.034,275.0,293.0,,262.0,3.0,SOFT,4.0,True,,2878.801,,1,False,False,Williams
FP2,SAI,55,15.0,,,43.812,18.825,268.0,320.0,274.0,281.0,4.0,HARD,11.0,False,3239.498,,,1,False,False,Williams
FP2,SAI,55,16.0,97.078,35.368,43.317,18.393,257.0,312.0,276.0,279.0,4.0,HARD,12.0,False,,,,1,False,True,Williams
FP2,SAI,55,17.0,104.774,35.834,43.027,25.913,256.0,321.0,253.0,286.0,4.0,HARD,13.0,False,,,,1,False,True,Williams
FP2,SAI,55,18.0,97.809,36.421,43.005,18.383,255.0,316.0,277.0,283.0,4.0,HARD,14.0,False,,,,1,False,True,Williams
FP2,SAI,55,19.0,96.977,35.719,42.91,18.348,256.0,317.0,276.0,282.0,4.0,HARD,15.0,False,,,,1,False,True,Williams
FP2,SAI,55,20.0,97.378,35.593,43.202,18.583,256.0,312.0,276.0,281.0,4.0,HARD,16.0,False,,,,1,False,True,Williams
FP2,SAI,55,21.0,97.461,35.853,43.153,18.455,259.0,310.0,277.0,280.0,4.0,HARD,17.0,False,,,,1,False,True,Williams
FP2,SAI,55,22.0,97.066,35.765,42.978,18.323,261.0,313.0,276.0,281.0,4.0,HARD,18.0,False,,,,1,False,True,Williams
FP2,SAI,55,23.0,99.605,35.908,43.069,20.628,260.0,306.0,256.0,268.0,4.0,HARD,19.0,False,,,,1,False,True,Williams
FP2,SAI,55,24.0,103.606,36.637,43.52,23.449,259.0,284.0,271.0,243.0,4.0,HARD,20.0,False,,,,1,False,True,Williams
FP2,SAI,55,25.0,97.052,35.738,43.029,18.285,253.0,316.0,273.0,282.0,4.0,HARD,21.0,False,,,,1,False,True,Williams
FP2,SAI,55,26.0,101.53,37.07,43.061,21.399,253.0,313.0,,264.0,4.0,HARD,22.0,False,,4428.13,,1,False,False,Williams
FP2,SAI,55,27.0,118.979,57.658,42.832,18.489,266.0,308.0,276.0,276.0,5.0,SOFT,5.0,False,4452.82,,,1,False,False,Williams
FP2,SAI,55,28.0,124.403,35.378,59.768,29.257,241.0,199.0,81.0,199.0,5.0,SOFT,6.0,False,,,,1,False,True,Williams
FP2,SAI,55,29.0,,86.531,46.034,28.771,281.0,264.0,89.0,247.0,5.0,SOFT,7.0,False,,,,1,False,False,Williams
FP2,SAI,55,30.0,,84.904,54.731,24.004,273.0,199.0,,254.0,5.0,SOFT,8.0,False,,4996.594,,12,False,False,Williams
FP2,RUS,63,1.0,,,46.259,26.794,269.0,254.0,,186.0,1.0,MEDIUM,1.0,True,946.05,1060.158,,1,False,False,Mercedes
FP2,RUS,63,2.0,,81.968,44.738,34.402,261.0,248.0,251.0,72.0,2.0,MEDIUM,2.0,False,1105.288,,,1,False,False,Mercedes
FP2,RUS,63,3.0,91.568,33.124,40.406,18.038,276.0,322.0,246.0,277.0,2.0,MEDIUM,3.0,False,,,,1,True,True,Mercedes
FP2,RUS,63,4.0,127.839,53.263,49.134,25.442,241.0,277.0,,218.0,2.0,MEDIUM,4.0,False,,1440.804,,1,False,False,Mercedes
FP2,RUS,63,5.0,,87.526,48.361,21.094,259.0,275.0,249.0,227.0,3.0,MEDIUM,5.0,False,1470.412,,,12,False,False,Mercedes
FP2,RUS,63,6.0,91.401,32.873,40.44,18.088,276.0,325.0,235.0,281.0,3.0,MEDIUM,6.0,False,,,,1,True,True,Mercedes
FP2,RUS,63,7.0,144.714,56.319,67.501,20.894,184.0,260.0,254.0,257.0,3.0,MEDIUM,7.0,False,,,,1,False,True,Mercedes
FP2,RUS,63,8.0,91.136,32.881,40.173,18.082,275.0,323.0,241.0,277.0,3.0,MEDIUM,8.0,False,,,,1,True,True,Mercedes
FP2,RUS,63,9.0,114.279,39.747,51.353,23.179,243.0,249.0,,246.0,3.0,MEDIUM,9.0,False,,2039.222,,1,False,False,Mercedes
FP2,RUS,63,10.0,,,47.571,26.838,243.0,255.0,211.0,247.0,4.0,SOFT,1.0,True,2344.424,,,1,False,False,Mercedes
FP2,RUS,63,11.0,111.074,44.79,45.587,20.697,252.0,252.0,254.0,249.0,4.0,SOFT,2.0,True,,,,1,False,True,Mercedes
FP2,RUS,63,12.0,90.338,32.47,40.001,17.867,277.0,326.0,246.0,280.0,4.0,SOFT,3.0,True,,,,1,True,True,Mercedes
FP2,RUS,63,13.0,139.894,55.224,59.366,25.304,205.0,229.0,,251.0,4.0,SOFT,4.0,True,,2798.205,,1,False,False,Mercedes
FP2,RUS,63,14.0,147.672,82.574,44.236,20.862,259.0,252.0,256.0,251.0,5.0,SOFT,5.0,False,2826.234,,,1,False,False,Mercedes
FP2,RUS,63,15.0,90.361,32.523,40.053,17.785,278.0,319.0,262.0,278.0,5.0,SOFT,6.0,False,,,,1,False,True,Mercedes
FP2,RUS,63,16.0,105.68,36.238,44.936,24.506,244.0,280.0,,266.0,5.0,SOFT,7.0,False,,3141.862,,1,False,False,Mercedes
FP2,RUS,63,17.0,,,42.141,18.201,273.0,317.0,277.0,276.0,6.0,MEDIUM,10.0,False,3471.487,,,1,False,False,Mercedes
FP2,RUS,63,18.0,94.652,34.433,42.054,18.165,254.0,310.0,277.0,275.0,6.0,MEDIUM,11.0,False,,,,1,False,True,Mercedes
FP2,RUS,63,19.0,94.454,34.424,42.014,18.016,254.0,311.0,276.0,275.0,6.0,MEDIUM,12.0,False,,,,1,False,True,Mercedes
FP2,RUS,63,20.0,95.498,35.046,42.254,18.198,252.0,309.0,276.0,274.0,6.0,MEDIUM,13.0,False,,,,1,False,True,Mercedes
FP2,RUS,63,21.0,94.894,34.774,41.944,18.176,255.0,318.0,277.0,280.0,6.0,MEDIUM,14.0,False,,,,1,False,True,Mercedes
FP2,RUS,63,22.0,95.487,34.881,42.45,18.156,253.0,314.0,278.0,277.0,6.0,MEDIUM,15.0,False,,,,1,False,True,Mercedes
FP2,RUS,63,23.0,94.943,34.677,42.051,18.215,255.0,313.0,277.0,276.0,6.0,MEDIUM,16.0,False,,,,1,False,True,Mercedes
FP2,RUS,63,24.0,95.215,34.736,42.181,18.298,253.0,310.0,278.0,275.0,6.0,MEDIUM,17.0,False,,,,1,False,True,Mercedes
FP2,RUS,63,25.0,98.244,34.585,42.447,21.212,253.0,291.0,,270.0,6.0,MEDIUM,18.0,False,,4349.448,,1,False,False,Mercedes
FP2,RUS,63,26.0,,,51.633,25.499,265.0,277.0,272.0,262.0,7.0,SOFT,8.0,False,4400.425,,,1,False,False,Mercedes
FP2,RUS,63,27.0,117.033,39.751,47.845,29.437,244.0,252.0,93.0,247.0,7.0,SOFT,9.0,False,,,,1,False,True,Mercedes
FP2,RUS,63,28.0,,89.138,50.73,35.04,270.0,253.0,66.0,201.0,7.0,SOFT,10.0,False,,,,1,False,False,Mercedes
FP2,RUS,63,29.0,148.107,76.88,48.001,23.226,271.0,268.0,,259.0,7.0,SOFT,11.0,False,,4980.732,,12,False,False,Mercedes
FP2,BOT,77,1.0,,,47.298,26.835,261.0,247.0,252.0,175.0,1.0,MEDIUM,1.0,True,887.962,,,671,False,False,Cadillac
FP2,BOT,77,2.0,95.107,34.728,42.058,18.321,276.0,322.0,253.0,279.0,1.0,MEDIUM,2.0,True,,,,1,True,True,Cadillac
FP2,BOT,77,3.0,127.85,48.103,54.9,24.847,217.0,230.0,260.0,182.0,1.0,MEDIUM,3.0,True,,,,1,False,True,Cadillac
FP2,BOT,77,4.0,94.478,34.51,41.827,18.141,275.0,323.0,268.0,280.0,1.0,MEDIUM,4.0,True,,,,1,True,True,Cadillac
FP2,BOT,77,5.0,131.611,50.026,57.775,23.81,207.0,244.0,261.0,193.0,1.0,MEDIUM,5.0,True,,,,1,False,True,Cadillac
FP2,BOT,77,6.0,94.377,34.426,41.837,18.114,276.0,328.0,255.0,284.0,1.0,MEDIUM,6.0,True,,,,1,True,True,Cadillac
FP2,BOT,77,7.0,125.286,51.251,47.823,26.212,248.0,238.0,,251.0,1.0,MEDIUM,7.0,True,,1677.914,,12,False,False,Cadillac
FP2,BOT,77,8.0,,,49.831,27.546,259.0,258.0,263.0,162.0,2.0,SOFT,1.0,True,2250.067,,,1,False,False,Cadillac
FP2,BOT,77,9.0,92.615,33.664,41.069,17.882,281.0,332.0,259.0,290.0,2.0,SOFT,2.0,True,,,,1,True,True,Cadillac
FP2,BOT,77,10.0,143.641,46.213,73.306,24.122,203.0,271.0,,260.0,2.0,SOFT,3.0,True,,2609.167,,1,False,False,Cadillac
FP2,BOT,77,11.0,149.895,72.907,51.757,25.231,189.0,264.0,264.0,183.0,3.0,SOFT,4.0,False,2642.235,,,1,False,False,Cadillac
FP2,BOT,77,12.0,93.235,33.922,41.349,17.964,277.0,325.0,271.0,282.0,3.0,SOFT,5.0,False,,,,1,False,True,Cadillac
FP2,BOT,77,13.0,121.005,42.598,52.057,26.35,251.0,238.0,,235.0,3.0,SOFT,6.0,False,,2973.31,,1,False,False,Cadillac
FP2,BOT,77,14.0,,,45.381,20.101,261.0,315.0,271.0,259.0,4.0,MEDIUM,8.0,False,3300.219,,,1,False,False,Cadillac
FP2,BOT,77,15.0,97.583,35.886,43.112,18.585,254.0,312.0,275.0,277.0,4.0,MEDIUM,9.0,False,,,,1,False,True,Cadillac
FP2,BOT,77,16.0,97.668,35.702,43.341,18.625,256.0,308.0,270.0,277.0,4.0,MEDIUM,10.0,False,,,,1,False,True,Cadillac
FP2,BOT,77,17.0,97.942,36.093,43.372,18.477,253.0,310.0,274.0,277.0,4.0,MEDIUM,11.0,False,,,,1,False,True,Cadillac
FP2,BOT,77,18.0,98.126,36.364,43.143,18.619,259.0,309.0,272.0,276.0,4.0,MEDIUM,12.0,False,,,,1,False,True,Cadillac
FP2,BOT,77,19.0,97.82,36.146,43.164,18.51,261.0,312.0,276.0,277.0,4.0,MEDIUM,13.0,False,,,,1,False,True,Cadillac
FP2,BOT,77,20.0,98.209,36.269,43.276,18.664,253.0,309.0,273.0,276.0,4.0,MEDIUM,14.0,False,,,,1,False,True,Cadillac
FP2,BOT,77,21.0,98.054,36.179,43.289,18.586,257.0,312.0,273.0,278.0,4.0,MEDIUM,15.0,False,,,,1,False,True,Cadillac
FP2,BOT,77,22.0,98.106,36.17,43.409,18.527,257.0,313.0,274.0,278.0,4.0,MEDIUM,16.0,False,,,,1,False,True,Cadillac
FP2,BOT,77,23.0,98.0,36.087,43.389,18.524,256.0,316.0,275.0,280.0,4.0,MEDIUM,17.0,False,,,,1,False,True,Cadillac
FP2,BOT,77,24.0,98.242,36.214,43.456,18.572,256.0,313.0,272.0,279.0,4.0,MEDIUM,18.0,False,,,,1,False,True,Cadillac
FP2,BOT,77,25.0,98.086,36.428,43.181,18.477,257.0,329.0,262.0,289.0,4.0,MEDIUM,19.0,False,,,,1,False,True,Cadillac
FP2,BOT,77,26.0,128.631,45.373,54.902,28.356,221.0,238.0,89.0,196.0,4.0,MEDIUM,20.0,False,,,,1,False,True,Cadillac
FP2,BOT,77,27.0,,95.045,49.418,28.95,244.0,236.0,101.0,198.0,4.0,MEDIUM,21.0,False,,,,1,False,False,Cadillac
FP2,BOT,77,28.0,149.706,79.426,47.355,22.925,252.0,296.0,,237.0,4.0,MEDIUM,22.0,False,,4949.772,,12,False,False,Cadillac
FP2,PIA,81,1.0,,,46.272,33.075,261.0,253.0,244.0,188.0,1.0,MEDIUM,1.0,True,893.972,,,671,False,False,McLaren
FP2,PIA,81,2.0,93.235,34.238,40.829,18.168,276.0,317.0,264.0,278.0,1.0,MEDIUM,2.0,True,,,,1,True,True,McLaren
FP2,PIA,81,3.0,124.558,46.708,55.614,22.236,189.0,223.0,257.0,213.0,1.0,MEDIUM,3.0,True,,,,1,False,True,McLaren
FP2,PIA,81,4.0,91.495,33.133,40.401,17.961,274.0,315.0,264.0,276.0,1.0,MEDIUM,4.0,True,,,,1,True,True,McLaren
FP2,PIA,81,5.0,132.178,45.542,59.672,26.964,189.0,142.0,253.0,129.0,1.0,MEDIUM,5.0,True,,,,1,False,True,McLaren
FP2,PIA,81,6.0,91.067,32.988,40.241,17.838,273.0,317.0,263.0,278.0,1.0,MEDIUM,6.0,True,,,,12,True,True,McLaren
FP2,PIA,81,7.0,120.672,46.368,48.303,26.001,241.0,247.0,,220.0,1.0,MEDIUM,7.0,True,,1679.621,,21,False,False,McLaren
FP2,PIA,81,8.0,,,44.971,20.13,264.0,258.0,262.0,258.0,2.0,SOFT,1.0,True,2184.571,,,1,False,False,McLaren
FP2,PIA,81,9.0,90.133,32.412,39.99,17.731,273.0,318.0,268.0,280.0,2.0,SOFT,2.0,True,,,,1,True,True,McLaren
FP2,PIA,81,10.0,133.508,45.557,60.993,26.958,188.0,171.0,255.0,197.0,2.0,SOFT,3.0,True,,,,1,False,True,McLaren
FP2,PIA,81,11.0,90.449,32.54,40.122,17.787,274.0,321.0,268.0,282.0,2.0,SOFT,4.0,True,,,,1,False,True,McLaren
FP2,PIA,81,12.0,118.324,45.802,48.955,23.567,223.0,254.0,,231.0,2.0,SOFT,5.0,True,,2717.591,,1,False,False,McLaren
FP2,PIA,81,13.0,139.81,66.521,52.512,20.777,217.0,247.0,259.0,238.0,3.0,SOFT,6.0,False,2743.988,,,1,False,False,McLaren
FP2,PIA,81,14.0,90.797,32.761,40.05,17.986,275.0,319.0,265.0,279.0,3.0,SOFT,7.0,False,,,,1,False,True,McLaren
FP2,PIA,81,15.0,105.244,38.673,44.618,21.953,243.0,277.0,,261.0,3.0,SOFT,8.0,False,,3053.463,,1,False,False,McLaren
FP2,PIA,81,16.0,,,42.218,18.222,262.0,321.0,280.0,283.0,4.0,MEDIUM,8.0,False,3454.691,,,1,False,False,McLaren
FP2,PIA,81,17.0,94.875,34.718,42.104,18.053,260.0,324.0,277.0,292.0,4.0,MEDIUM,9.0,False,,,,1,False,True,McLaren
FP2,PIA,81,18.0,95.284,34.899,42.21,18.175,261.0,316.0,279.0,283.0,4.0,MEDIUM,10.0,False,,,,1,False,True,McLaren
FP2,PIA,81,19.0,95.464,35.022,42.214,18.228,258.0,322.0,280.0,290.0,4.0,MEDIUM,11.0,False,,,,1,False,True,McLaren
FP2,PIA,81,20.0,97.184,35.077,43.929,18.178,252.0,321.0,281.0,288.0,4.0,MEDIUM,12.0,False,,,,1,False,True,McLaren
FP2,PIA,81,21.0,96.152,35.147,42.74,18.265,272.0,327.0,280.0,290.0,4.0,MEDIUM,13.0,False,,,,1,False,True,McLaren
FP2,PIA,81,22.0,96.547,35.645,42.829,18.073,265.0,344.0,263.0,286.0,4.0,MEDIUM,14.0,False,,,,1,False,True,McLaren
FP2,PIA,81,23.0,96.51,35.622,42.597,18.291,257.0,306.0,280.0,277.0,4.0,MEDIUM,15.0,False,,,,1,False,True,McLaren
FP2,PIA,81,24.0,95.379,34.922,42.238,18.219,259.0,309.0,280.0,279.0,4.0,MEDIUM,16.0,False,,,,1,False,True,McLaren
FP2,PIA,81,25.0,97.026,34.754,42.088,20.184,259.0,324.0,,290.0,4.0,MEDIUM,17.0,False,,4412.469,,1,False,False,McLaren
FP2,PIA,81,26.0,115.799,55.321,42.395,18.083,254.0,309.0,280.0,277.0,5.0,SOFT,9.0,False,4435.633,,,1,False,False,McLaren
FP2,PIA,81,27.0,128.197,39.834,53.206,35.157,194.0,238.0,76.0,197.0,5.0,SOFT,10.0,False,,,,1,False,True,McLaren
FP2,PIA,81,28.0,,84.511,47.317,33.6,270.0,220.0,68.0,222.0,5.0,SOFT,11.0,False,,,,1,False,False,McLaren
FP2,PIA,81,29.0,,77.865,52.293,22.12,291.0,239.0,,247.0,5.0,SOFT,12.0,False,,4974.105,,12,False,False,McLaren
FP2,BEA,87,1.0,,,45.68,34.863,269.0,260.0,256.0,162.0,1.0,MEDIUM,1.0,True,895.072,,,671,False,False,Haas F1 Team
FP2,BEA,87,2.0,94.035,34.144,41.654,18.237,274.0,322.0,256.0,276.0,1.0,MEDIUM,2.0,True,,,,1,True,True,Haas F1 Team
FP2,BEA,87,3.0,,55.277,57.415,40.264,168.0,140.0,241.0,83.0,1.0,MEDIUM,3.0,True,,,,1,False,False,Haas F1 Team
FP2,BEA,87,4.0,93.711,34.121,41.298,18.292,275.0,313.0,262.0,270.0,1.0,MEDIUM,4.0,True,,,,1,True,True,Haas F1 Team
FP2,BEA,87,5.0,141.715,62.328,57.795,21.592,115.0,267.0,255.0,256.0,1.0,MEDIUM,5.0,True,,,,1,False,True,Haas F1 Team
FP2,BEA,87,6.0,93.208,33.698,41.193,18.317,275.0,313.0,261.0,271.0,1.0,MEDIUM,6.0,True,,,,12,True,True,Haas F1 Team
FP2,BEA,87,7.0,113.489,40.653,49.375,23.461,214.0,273.0,,260.0,1.0,MEDIUM,7.0,True,,1720.881,,1,False,False,Haas F1 Team
FP2,BEA,87,8.0,,,47.469,20.323,229.0,266.0,262.0,256.0,2.0,SOFT,1.0,True,2385.209,,,1,False,False,Haas F1 Team
FP2,BEA,87,9.0,91.78,33.12,40.793,17.867,278.0,324.0,260.0,279.0,2.0,SOFT,2.0,True,,,,1,True,True,Haas F1 Team
FP2,BEA,87,10.0,,61.465,63.099,28.303,148.0,261.0,,216.0,2.0,SOFT,3.0,True,,2736.489,,1,False,False,Haas F1 Team
FP2,BEA,87,11.0,,95.345,46.924,23.375,226.0,243.0,262.0,181.0,3.0,SOFT,4.0,False,2776.087,,,1,False,False,Haas F1 Team
FP2,BEA,87,12.0,91.498,32.966,40.642,17.89,278.0,318.0,263.0,276.0,3.0,SOFT,5.0,False,,,,1,True,True,Haas F1 Team
FP2,BEA,87,13.0,106.298,38.627,43.588,24.083,257.0,311.0,,271.0,3.0,SOFT,6.0,False,,3099.9,,1,False,False,Haas F1 Team
FP2,BEA,87,14.0,,,42.887,18.873,259.0,312.0,271.0,271.0,4.0,MEDIUM,8.0,False,3397.621,,,1,False,False,Haas F1 Team
FP2,BEA,87,15.0,96.425,35.014,42.87,18.541,256.0,307.0,274.0,271.0,4.0,MEDIUM,9.0,False,,,,1,False,True,Haas F1 Team
FP2,BEA,87,16.0,96.357,34.943,42.759,18.655,255.0,304.0,272.0,272.0,4.0,MEDIUM,10.0,False,,,,1,False,True,Haas F1 Team
FP2,BEA,87,17.0,96.037,34.961,42.485,18.591,259.0,306.0,274.0,272.0,4.0,MEDIUM,11.0,False,,,,1,False,True,Haas F1 Team
FP2,BEA,87,18.0,96.354,34.916,42.985,18.453,259.0,306.0,272.0,273.0,4.0,MEDIUM,12.0,False,,,,1,False,True,Haas F1 Team
FP2,BEA,87,19.0,96.366,35.322,42.462,18.582,259.0,307.0,273.0,274.0,4.0,MEDIUM,13.0,False,,,,1,False,True,Haas F1 Team
FP2,BEA,87,20.0,96.184,35.156,42.556,18.472,257.0,309.0,267.0,274.0,4.0,MEDIUM,14.0,False,,,,1,False,True,Haas F1 Team
FP2,BEA,87,21.0,96.312,35.301,42.565,18.446,255.0,319.0,278.0,279.0,4.0,MEDIUM,15.0,False,,,,1,False,True,Haas F1 Team
FP2,BEA,87,22.0,96.031,35.089,42.563,18.379,256.0,310.0,276.0,276.0,4.0,MEDIUM,16.0,False,,,,1,False,True,Haas F1 Team
FP2,BEA,87,23.0,96.131,35.123,42.446,18.562,258.0,305.0,274.0,274.0,4.0,MEDIUM,17.0,False,,,,1,False,True,Haas F1 Team
FP2,BEA,87,24.0,96.156,35.124,42.513,18.519,258.0,308.0,276.0,273.0,4.0,MEDIUM,18.0,False,,,,1,False,True,Haas F1 Team
FP2,BEA,87,25.0,97.155,35.611,42.801,18.743,252.0,307.0,274.0,272.0,4.0,MEDIUM,19.0,False,,,,1,False,True,Haas F1 Team
FP2,BEA,87,26.0,127.897,45.159,51.437,31.301,172.0,261.0,61.0,234.0,4.0,MEDIUM,20.0,False,,,,1,False,True,Haas F1 Team
FP2,BEA,87,27.0,,78.39,49.928,33.653,221.0,243.0,60.0,246.0,4.0,MEDIUM,21.0,False,,,,1,False,False,Haas F1 Team
FP2,BEA,87,28.0,137.323,66.992,48.57,21.761,261.0,320.0,,295.0,4.0,MEDIUM,22.0,False,,5001.938,,12,False,False,Haas F1 Team
