Driver,DriverNumber,LapNumber,LapTime_sec,Sector1Time_sec,Sector2Time_sec,Sector3Time_sec,SpeedI1,SpeedI2,SpeedFL,SpeedST,Stint,Compound,TyreLife,FreshTyre,PitOutTime_sec,PitInTime_sec,Position,TrackStatus,IsPersonalBest,IsAccurate,Team
NOR,1,1.0,97.206,,42.011,18.104,289.0,323.0,279.0,283.0,1.0,MEDIUM,1.0,True,,,3.0,1,False,False,McLaren
NOR,1,2.0,94.905,34.856,42.12,17.929,260.0,337.0,269.0,294.0,1.0,MEDIUM,2.0,True,,,3.0,1,True,True,McLaren
NOR,1,3.0,96.301,36.026,42.108,18.167,261.0,323.0,280.0,286.0,1.0,MEDIUM,3.0,True,,,4.0,1,False,True,McLaren
NOR,1,4.0,95.451,35.147,42.19,18.114,255.0,319.0,280.0,284.0,1.0,MEDIUM,4.0,True,,,4.0,1,False,True,McLaren
NOR,1,5.0,95.17,34.925,42.206,18.039,258.0,322.0,278.0,286.0,1.0,MEDIUM,5.0,True,,,4.0,1,False,True,McLaren
NOR,1,6.0,95.051,34.901,42.063,18.087,260.0,325.0,281.0,288.0,1.0,MEDIUM,6.0,True,,,4.0,1,False,True,McLaren
NOR,1,7.0,95.045,34.741,42.156,18.148,258.0,324.0,279.0,288.0,1.0,MEDIUM,7.0,True,,,4.0,1,False,True,McLaren
NOR,1,8.0,95.247,34.769,42.234,18.244,259.0,326.0,282.0,290.0,1.0,MEDIUM,8.0,True,,,4.0,1,False,True,McLaren
NOR,1,9.0,95.672,35.184,42.166,18.322,258.0,325.0,281.0,290.0,1.0,MEDIUM,9.0,True,,,4.0,1,False,True,McLaren
NOR,1,10.0,95.228,34.968,42.231,18.029,258.0,326.0,281.0,289.0,1.0,MEDIUM,10.0,True,,,4.0,1,False,True,McLaren
NOR,1,11.0,96.219,35.055,42.309,18.855,258.0,323.0,280.0,286.0,1.0,MEDIUM,11.0,True,,,5.0,1,False,True,McLaren
NOR,1,12.0,95.457,35.369,42.136,17.952,258.0,327.0,279.0,288.0,1.0,MEDIUM,12.0,True,,,5.0,1,False,True,McLaren
NOR,1,13.0,95.079,35.0,42.106,17.973,261.0,326.0,279.0,287.0,1.0,MEDIUM,13.0,True,,,5.0,1,False,True,McLaren
NOR,1,14.0,95.339,35.006,42.32,18.013,256.0,319.0,280.0,284.0,1.0,MEDIUM,14.0,True,,,5.0,1,False,True,McLaren
NOR,1,15.0,95.315,34.906,42.361,18.048,258.0,318.0,279.0,286.0,1.0,MEDIUM,15.0,True,,,5.0,1,False,True,McLaren
NOR,1,16.0,98.222,35.499,42.303,20.42,265.0,327.0,,289.0,1.0,MEDIUM,16.0,True,,5354.566,6.0,1,False,False,McLaren
NOR,1,17.0,114.481,54.657,42.005,17.819,283.0,318.0,275.0,294.0,2.0,HARD,1.0,True,5378.056,,8.0,1,False,False,McLaren
NOR,1,18.0,94.916,34.876,41.988,18.052,257.0,316.0,281.0,282.0,2.0,HARD,2.0,True,,,8.0,1,False,True,McLaren
NOR,1,19.0,94.285,34.516,41.804,17.965,259.0,320.0,281.0,284.0,2.0,HARD,3.0,True,,,8.0,1,True,True,McLaren
NOR,1,20.0,93.771,34.258,41.67,17.843,259.0,321.0,283.0,286.0,2.0,HARD,4.0,True,,,8.0,1,True,True,McLaren
NOR,1,21.0,94.161,34.402,41.856,17.903,263.0,327.0,281.0,289.0,2.0,HARD,5.0,True,,,8.0,1,False,True,McLaren
NOR,1,22.0,120.54,38.974,56.456,25.11,156.0,245.0,200.0,216.0,2.0,HARD,6.0,True,,,8.0,124,False,False,McLaren
NOR,1,23.0,139.586,45.885,62.354,31.347,224.0,202.0,215.0,212.0,2.0,HARD,7.0,True,,,6.0,4,False,False,McLaren
NOR,1,24.0,147.128,49.4,70.887,26.841,189.0,195.0,218.0,268.0,2.0,HARD,8.0,True,,,6.0,4,False,False,McLaren
NOR,1,25.0,,50.322,72.179,28.388,123.0,266.0,190.0,209.0,2.0,HARD,9.0,True,,,6.0,4,False,False,McLaren
NOR,1,26.0,146.957,53.81,63.654,29.493,211.0,269.0,202.0,152.0,2.0,HARD,10.0,True,,,6.0,4,False,False,McLaren
NOR,1,27.0,140.302,47.814,64.332,28.156,234.0,150.0,278.0,131.0,2.0,HARD,11.0,True,,,6.0,41,False,False,McLaren
NOR,1,28.0,95.248,35.273,42.048,17.927,261.0,325.0,285.0,287.0,2.0,HARD,12.0,True,,,6.0,1,False,True,McLaren
NOR,1,29.0,94.083,34.396,41.948,17.739,261.0,325.0,283.0,286.0,2.0,HARD,13.0,True,,,6.0,1,False,True,McLaren
NOR,1,30.0,93.851,34.362,41.618,17.871,263.0,326.0,282.0,287.0,2.0,HARD,14.0,True,,,6.0,1,False,True,McLaren
NOR,1,31.0,94.131,34.461,41.767,17.903,258.0,323.0,282.0,285.0,2.0,HARD,15.0,True,,,6.0,1,False,True,McLaren
NOR,1,32.0,94.419,34.65,41.795,17.974,260.0,317.0,282.0,282.0,2.0,HARD,16.0,True,,,6.0,1,False,True,McLaren
NOR,1,33.0,93.787,34.252,41.655,17.88,260.0,319.0,282.0,283.0,2.0,HARD,17.0,True,,,6.0,1,False,True,McLaren
NOR,1,34.0,93.494,34.05,41.548,17.896,259.0,320.0,281.0,285.0,2.0,HARD,18.0,True,,,6.0,1,True,True,McLaren
NOR,1,35.0,93.58,34.059,41.642,17.879,259.0,317.0,281.0,282.0,2.0,HARD,19.0,True,,,6.0,1,False,True,McLaren
NOR,1,36.0,93.359,34.073,41.466,17.82,259.0,322.0,282.0,284.0,2.0,HARD,20.0,True,,,6.0,1,True,True,McLaren
NOR,1,37.0,93.602,34.074,41.651,17.877,259.0,323.0,282.0,284.0,2.0,HARD,21.0,True,,,6.0,1,False,True,McLaren
NOR,1,38.0,93.455,34.042,41.593,17.82,259.0,322.0,282.0,284.0,2.0,HARD,22.0,True,,,6.0,1,False,True,McLaren
NOR,1,39.0,93.679,34.167,41.669,17.843,260.0,322.0,283.0,285.0,2.0,HARD,23.0,True,,,6.0,1,False,True,McLaren
NOR,1,40.0,93.347,34.076,41.448,17.823,259.0,324.0,283.0,285.0,2.0,HARD,24.0,True,,,6.0,1,True,True,McLaren
NOR,1,41.0,93.398,34.089,41.503,17.806,261.0,328.0,283.0,289.0,2.0,HARD,25.0,True,,,6.0,1,False,True,McLaren
NOR,1,42.0,93.702,34.25,41.574,17.878,260.0,330.0,284.0,290.0,2.0,HARD,26.0,True,,,6.0,1,False,True,McLaren
NOR,1,43.0,93.927,34.427,41.619,17.881,264.0,333.0,284.0,290.0,2.0,HARD,27.0,True,,,6.0,1,False,True,McLaren
NOR,1,44.0,93.362,34.167,41.373,17.822,261.0,331.0,287.0,290.0,2.0,HARD,28.0,True,,,6.0,1,False,True,McLaren
NOR,1,45.0,93.521,34.254,41.441,17.826,259.0,326.0,284.0,288.0,2.0,HARD,29.0,True,,,6.0,1,False,True,McLaren
NOR,1,46.0,93.437,34.254,41.281,17.902,265.0,333.0,284.0,291.0,2.0,HARD,30.0,True,,,6.0,1,False,True,McLaren
NOR,1,47.0,93.624,34.233,41.296,18.095,262.0,346.0,272.0,304.0,2.0,HARD,31.0,True,,,5.0,1,False,True,McLaren
NOR,1,48.0,94.608,35.091,41.699,17.818,259.0,325.0,283.0,287.0,2.0,HARD,32.0,True,,,6.0,1,False,True,McLaren
NOR,1,49.0,93.483,34.299,41.375,17.809,260.0,326.0,283.0,286.0,2.0,HARD,33.0,True,,,6.0,1,False,True,McLaren
NOR,1,50.0,94.087,34.32,41.589,18.178,260.0,326.0,281.0,283.0,2.0,HARD,34.0,True,,,5.0,1,False,True,McLaren
NOR,1,51.0,95.007,35.08,41.66,18.267,255.0,320.0,285.0,286.0,2.0,HARD,35.0,True,,,5.0,1,False,True,McLaren
NOR,1,52.0,93.208,33.929,41.363,17.916,258.0,316.0,285.0,282.0,2.0,HARD,36.0,True,,,5.0,1,True,True,McLaren
NOR,1,53.0,93.56,34.131,41.674,17.755,265.0,325.0,280.0,288.0,2.0,HARD,37.0,True,,,5.0,1,False,True,McLaren
GAS,10,1.0,99.651,,42.579,18.221,276.0,331.0,280.0,291.0,1.0,MEDIUM,1.0,True,,,7.0,1,False,False,Alpine
GAS,10,2.0,95.436,34.955,42.458,18.023,260.0,327.0,281.0,288.0,1.0,MEDIUM,2.0,True,,,7.0,1,True,True,Alpine
GAS,10,3.0,95.809,35.072,42.628,18.109,258.0,321.0,281.0,285.0,1.0,MEDIUM,3.0,True,,,7.0,1,False,True,Alpine
GAS,10,4.0,95.899,35.07,42.607,18.222,260.0,320.0,280.0,284.0,1.0,MEDIUM,4.0,True,,,7.0,1,False,True,Alpine
GAS,10,5.0,95.872,35.026,42.698,18.148,260.0,316.0,279.0,283.0,1.0,MEDIUM,5.0,True,,,7.0,1,False,True,Alpine
GAS,10,6.0,96.143,35.201,42.653,18.289,260.0,317.0,279.0,283.0,1.0,MEDIUM,6.0,True,,,7.0,1,False,True,Alpine
GAS,10,7.0,95.944,35.069,42.587,18.288,258.0,316.0,279.0,282.0,1.0,MEDIUM,7.0,True,,,7.0,1,False,True,Alpine
GAS,10,8.0,95.566,34.939,42.419,18.208,261.0,315.0,279.0,282.0,1.0,MEDIUM,8.0,True,,,7.0,1,False,True,Alpine
GAS,10,9.0,95.616,35.047,42.303,18.266,260.0,317.0,279.0,282.0,1.0,MEDIUM,9.0,True,,,7.0,1,False,True,Alpine
GAS,10,10.0,95.871,35.156,42.396,18.319,259.0,315.0,280.0,281.0,1.0,MEDIUM,10.0,True,,,7.0,1,False,True,Alpine
GAS,10,11.0,95.717,35.157,42.378,18.182,258.0,314.0,280.0,281.0,1.0,MEDIUM,11.0,True,,,7.0,1,False,True,Alpine
GAS,10,12.0,95.524,35.118,42.273,18.133,259.0,316.0,280.0,281.0,1.0,MEDIUM,12.0,True,,,7.0,1,False,True,Alpine
GAS,10,13.0,95.928,35.264,42.342,18.322,259.0,315.0,279.0,279.0,1.0,MEDIUM,13.0,True,,,7.0,1,False,True,Alpine
GAS,10,14.0,96.11,35.318,42.518,18.274,261.0,315.0,279.0,281.0,1.0,MEDIUM,14.0,True,,,7.0,1,False,True,Alpine
GAS,10,15.0,95.94,35.247,42.452,18.241,259.0,315.0,279.0,282.0,1.0,MEDIUM,15.0,True,,,7.0,1,False,True,Alpine
GAS,10,16.0,95.837,35.189,42.507,18.141,260.0,314.0,280.0,278.0,1.0,MEDIUM,16.0,True,,,7.0,1,False,True,Alpine
GAS,10,17.0,95.906,35.323,42.368,18.215,262.0,313.0,280.0,278.0,1.0,MEDIUM,17.0,True,,,6.0,1,False,True,Alpine
GAS,10,18.0,95.825,35.247,42.279,18.299,261.0,314.0,280.0,279.0,1.0,MEDIUM,18.0,True,,,5.0,1,False,True,Alpine
GAS,10,19.0,95.802,35.219,42.35,18.233,261.0,314.0,280.0,278.0,1.0,MEDIUM,19.0,True,,,4.0,1,False,True,Alpine
GAS,10,20.0,95.528,35.239,42.121,18.168,261.0,315.0,281.0,279.0,1.0,MEDIUM,20.0,True,,,4.0,1,False,True,Alpine
GAS,10,21.0,95.655,35.198,42.361,18.096,261.0,318.0,281.0,283.0,1.0,MEDIUM,21.0,True,,,4.0,1,False,True,Alpine
GAS,10,22.0,120.96,35.019,60.601,25.34,260.0,273.0,,250.0,1.0,MEDIUM,22.0,True,,5960.142,4.0,124,False,False,Alpine
GAS,10,23.0,148.721,62.639,61.561,24.521,268.0,287.0,186.0,260.0,2.0,HARD,1.0,True,5984.451,,7.0,4,False,False,Alpine
GAS,10,24.0,146.25,48.414,71.354,26.482,171.0,197.0,198.0,270.0,2.0,HARD,2.0,True,,,7.0,4,False,False,Alpine
GAS,10,25.0,,50.269,72.706,27.526,147.0,298.0,152.0,168.0,2.0,HARD,3.0,True,,,7.0,4,False,False,Alpine
GAS,10,26.0,146.896,53.862,63.767,29.267,160.0,289.0,169.0,195.0,2.0,HARD,4.0,True,,,7.0,4,False,False,Alpine
GAS,10,27.0,139.854,47.909,63.69,28.255,216.0,154.0,274.0,132.0,2.0,HARD,5.0,True,,,7.0,41,False,False,Alpine
GAS,10,28.0,95.812,35.697,41.911,18.204,260.0,321.0,285.0,285.0,2.0,HARD,6.0,True,,,7.0,1,False,True,Alpine
GAS,10,29.0,94.096,34.416,41.756,17.924,258.0,326.0,284.0,289.0,2.0,HARD,7.0,True,,,7.0,1,True,True,Alpine
GAS,10,30.0,94.792,34.645,42.094,18.053,258.0,326.0,285.0,287.0,2.0,HARD,8.0,True,,,7.0,1,False,True,Alpine
GAS,10,31.0,93.999,34.337,41.674,17.988,259.0,320.0,285.0,284.0,2.0,HARD,9.0,True,,,7.0,1,True,True,Alpine
GAS,10,32.0,94.066,34.359,41.766,17.941,261.0,321.0,284.0,284.0,2.0,HARD,10.0,True,,,7.0,1,False,True,Alpine
GAS,10,33.0,93.823,34.249,41.634,17.94,265.0,324.0,283.0,288.0,2.0,HARD,11.0,True,,,7.0,1,True,True,Alpine
GAS,10,34.0,94.021,34.314,41.776,17.931,262.0,320.0,284.0,285.0,2.0,HARD,12.0,True,,,7.0,1,False,True,Alpine
GAS,10,35.0,93.864,34.249,41.693,17.922,260.0,321.0,284.0,284.0,2.0,HARD,13.0,True,,,7.0,1,False,True,Alpine
GAS,10,36.0,94.029,34.372,41.701,17.956,261.0,320.0,284.0,284.0,2.0,HARD,14.0,True,,,7.0,1,False,True,Alpine
GAS,10,37.0,93.839,34.337,41.552,17.95,262.0,320.0,284.0,283.0,2.0,HARD,15.0,True,,,7.0,1,False,True,Alpine
GAS,10,38.0,94.051,34.354,41.676,18.021,261.0,320.0,284.0,283.0,2.0,HARD,16.0,True,,,7.0,1,False,True,Alpine
GAS,10,39.0,93.691,34.194,41.592,17.905,264.0,319.0,284.0,283.0,2.0,HARD,17.0,True,,,7.0,1,True,True,Alpine
GAS,10,40.0,93.776,34.195,41.632,17.949,262.0,321.0,284.0,282.0,2.0,HARD,18.0,True,,,7.0,1,False,True,Alpine
GAS,10,41.0,93.693,34.312,41.484,17.897,262.0,320.0,284.0,283.0,2.0,HARD,19.0,True,,,7.0,1,False,True,Alpine
GAS,10,42.0,93.891,34.331,41.586,17.974,261.0,321.0,284.0,283.0,2.0,HARD,20.0,True,,,7.0,1,False,True,Alpine
GAS,10,43.0,94.329,34.558,41.749,18.022,260.0,320.0,284.0,280.0,2.0,HARD,21.0,True,,,7.0,1,False,True,Alpine
GAS,10,44.0,94.457,34.577,41.663,18.217,260.0,318.0,284.0,281.0,2.0,HARD,22.0,True,,,7.0,1,False,True,Alpine
GAS,10,45.0,94.071,34.511,41.555,18.005,260.0,320.0,284.0,280.0,2.0,HARD,23.0,True,,,7.0,1,False,True,Alpine
GAS,10,46.0,93.861,34.452,41.536,17.873,261.0,319.0,284.0,281.0,2.0,HARD,24.0,True,,,7.0,1,False,True,Alpine
GAS,10,47.0,94.063,34.45,41.664,17.949,261.0,321.0,285.0,282.0,2.0,HARD,25.0,True,,,7.0,1,False,True,Alpine
GAS,10,48.0,94.619,34.412,41.557,18.65,260.0,319.0,284.0,280.0,2.0,HARD,26.0,True,,,8.0,1,False,True,Alpine
GAS,10,49.0,93.824,34.447,41.432,17.945,262.0,324.0,285.0,283.0,2.0,HARD,27.0,True,,,7.0,1,False,True,Alpine
GAS,10,50.0,94.222,34.559,41.689,17.974,262.0,317.0,284.0,281.0,2.0,HARD,28.0,True,,,7.0,1,False,True,Alpine
GAS,10,51.0,93.827,34.429,41.53,17.868,262.0,318.0,285.0,279.0,2.0,HARD,29.0,True,,,7.0,1,False,True,Alpine
GAS,10,52.0,94.097,34.415,41.523,18.159,260.0,317.0,286.0,281.0,2.0,HARD,30.0,True,,,7.0,1,False,True,Alpine
GAS,10,53.0,94.169,34.433,41.705,18.031,262.0,326.0,283.0,294.0,2.0,HARD,31.0,True,,,7.0,1,False,True,Alpine
PER,11,1.0,105.73,,44.598,18.524,263.0,332.0,276.0,288.0,1.0,MEDIUM,1.0,True,,,18.0,1,False,False,Cadillac
PER,11,2.0,97.947,36.405,43.1,18.442,255.0,337.0,261.0,293.0,1.0,MEDIUM,2.0,True,,,18.0,1,True,True,Cadillac
PER,11,3.0,98.292,36.754,43.188,18.35,256.0,336.0,267.0,294.0,1.0,MEDIUM,3.0,True,,,19.0,1,False,True,Cadillac
PER,11,4.0,97.934,36.36,42.981,18.593,254.0,322.0,268.0,286.0,1.0,MEDIUM,4.0,True,,,19.0,1,True,True,Cadillac
PER,11,5.0,97.605,36.101,42.969,18.535,256.0,318.0,271.0,284.0,1.0,MEDIUM,5.0,True,,,19.0,1,True,True,Cadillac
PER,11,6.0,98.037,35.966,43.315,18.756,257.0,314.0,274.0,281.0,1.0,MEDIUM,6.0,True,,,19.0,1,False,True,Cadillac
PER,11,7.0,98.207,36.068,43.483,18.656,255.0,314.0,272.0,280.0,1.0,MEDIUM,7.0,True,,,19.0,1,False,True,Cadillac
PER,11,8.0,98.126,36.159,43.263,18.704,253.0,315.0,274.0,279.0,1.0,MEDIUM,8.0,True,,,19.0,1,False,True,Cadillac
PER,11,9.0,97.999,36.081,43.287,18.631,251.0,313.0,275.0,277.0,1.0,MEDIUM,9.0,True,,,19.0,1,False,True,Cadillac
PER,11,10.0,98.258,36.238,43.399,18.621,255.0,313.0,275.0,277.0,1.0,MEDIUM,10.0,True,,,19.0,1,False,True,Cadillac
PER,11,11.0,97.864,36.157,42.972,18.735,256.0,313.0,274.0,278.0,1.0,MEDIUM,11.0,True,,,19.0,1,False,True,Cadillac
PER,11,12.0,97.952,36.209,43.078,18.665,253.0,313.0,274.0,277.0,1.0,MEDIUM,12.0,True,,,19.0,1,False,True,Cadillac
PER,11,13.0,97.942,36.257,42.953,18.732,253.0,314.0,274.0,278.0,1.0,MEDIUM,13.0,True,,,19.0,1,False,True,Cadillac
PER,11,14.0,97.902,36.108,43.045,18.749,254.0,314.0,275.0,277.0,1.0,MEDIUM,14.0,True,,,19.0,1,False,True,Cadillac
PER,11,15.0,98.076,36.11,43.216,18.75,254.0,312.0,275.0,276.0,1.0,MEDIUM,15.0,True,,,19.0,1,False,True,Cadillac
PER,11,16.0,97.789,36.157,43.066,18.566,255.0,312.0,273.0,275.0,1.0,MEDIUM,16.0,True,,,19.0,1,False,True,Cadillac
PER,11,17.0,97.91,36.142,43.019,18.749,253.0,312.0,274.0,274.0,1.0,MEDIUM,17.0,True,,,18.0,1,False,True,Cadillac
PER,11,18.0,99.088,36.279,43.995,18.814,254.0,319.0,274.0,280.0,1.0,MEDIUM,18.0,True,,,18.0,1,False,True,Cadillac
PER,11,19.0,97.961,36.679,42.756,18.526,253.0,323.0,277.0,284.0,1.0,MEDIUM,19.0,True,,,19.0,1,False,True,Cadillac
PER,11,20.0,98.735,35.961,44.018,18.756,253.0,315.0,275.0,278.0,1.0,MEDIUM,20.0,True,,,19.0,1,False,True,Cadillac
PER,11,21.0,108.146,36.104,43.496,28.546,253.0,317.0,,171.0,1.0,MEDIUM,21.0,True,,5901.054,18.0,124,False,False,Cadillac
PER,11,22.0,146.275,65.515,57.054,23.706,201.0,215.0,217.0,210.0,2.0,HARD,1.0,True,5928.436,,18.0,4,False,False,Cadillac
PER,11,23.0,107.84,36.245,51.609,19.986,273.0,266.0,272.0,259.0,2.0,HARD,2.0,True,,,18.0,4,False,False,Cadillac
PER,11,24.0,113.513,36.058,56.553,20.902,266.0,262.0,267.0,259.0,2.0,HARD,3.0,True,,,18.0,4,False,False,Cadillac
PER,11,25.0,148.789,46.87,76.666,25.253,142.0,266.0,191.0,232.0,2.0,HARD,4.0,True,,,18.0,4,False,False,Cadillac
PER,11,26.0,147.716,52.839,64.646,30.231,126.0,166.0,133.0,247.0,2.0,HARD,5.0,True,,,18.0,4,False,False,Cadillac
PER,11,27.0,132.022,46.077,60.446,25.499,182.0,152.0,275.0,161.0,2.0,HARD,6.0,True,,,18.0,41,False,False,Cadillac
PER,11,28.0,96.988,35.861,42.705,18.422,258.0,331.0,280.0,293.0,2.0,HARD,7.0,True,,,18.0,1,True,True,Cadillac
PER,11,29.0,96.293,35.675,42.401,18.217,254.0,338.0,278.0,296.0,2.0,HARD,8.0,True,,,18.0,1,True,True,Cadillac
PER,11,30.0,96.86,35.791,42.817,18.252,260.0,335.0,280.0,293.0,2.0,HARD,9.0,True,,,18.0,1,False,True,Cadillac
PER,11,31.0,96.192,35.452,42.496,18.244,255.0,333.0,277.0,290.0,2.0,HARD,10.0,True,,,18.0,1,True,True,Cadillac
PER,11,32.0,96.564,35.572,42.567,18.425,263.0,319.0,277.0,284.0,2.0,HARD,11.0,True,,,18.0,1,False,True,Cadillac
PER,11,33.0,96.366,35.467,42.635,18.264,255.0,318.0,278.0,283.0,2.0,HARD,12.0,True,,,18.0,1,False,True,Cadillac
PER,11,34.0,96.37,35.418,42.607,18.345,258.0,316.0,277.0,282.0,2.0,HARD,13.0,True,,,18.0,1,False,True,Cadillac
PER,11,35.0,96.07,35.293,42.422,18.355,256.0,316.0,279.0,281.0,2.0,HARD,14.0,True,,,18.0,1,True,True,Cadillac
PER,11,36.0,96.238,35.308,42.528,18.402,255.0,315.0,280.0,278.0,2.0,HARD,15.0,True,,,18.0,1,False,True,Cadillac
PER,11,37.0,96.249,35.456,42.342,18.451,254.0,316.0,277.0,280.0,2.0,HARD,16.0,True,,,18.0,1,False,True,Cadillac
PER,11,38.0,96.365,35.413,42.431,18.521,254.0,317.0,279.0,280.0,2.0,HARD,17.0,True,,,18.0,1,False,True,Cadillac
PER,11,39.0,96.059,35.067,42.511,18.481,260.0,314.0,278.0,278.0,2.0,HARD,18.0,True,,,18.0,1,True,True,Cadillac
PER,11,40.0,96.26,35.202,42.536,18.522,255.0,314.0,278.0,277.0,2.0,HARD,19.0,True,,,18.0,1,False,True,Cadillac
PER,11,41.0,96.621,35.258,42.888,18.475,258.0,312.0,279.0,276.0,2.0,HARD,20.0,True,,,18.0,1,False,True,Cadillac
PER,11,42.0,96.226,35.361,42.323,18.542,255.0,315.0,279.0,276.0,2.0,HARD,21.0,True,,,18.0,1,False,True,Cadillac
PER,11,43.0,96.354,35.386,42.415,18.553,255.0,314.0,279.0,276.0,2.0,HARD,22.0,True,,,18.0,1,False,True,Cadillac
PER,11,44.0,96.229,35.373,42.342,18.514,254.0,315.0,279.0,276.0,2.0,HARD,23.0,True,,,18.0,1,False,True,Cadillac
PER,11,45.0,96.161,35.299,42.393,18.469,254.0,313.0,279.0,275.0,2.0,HARD,24.0,True,,,18.0,1,False,True,Cadillac
PER,11,46.0,96.088,35.315,42.305,18.468,257.0,314.0,280.0,276.0,2.0,HARD,25.0,True,,,17.0,1,False,True,Cadillac
PER,11,47.0,96.104,35.261,42.331,18.512,256.0,312.0,280.0,274.0,2.0,HARD,26.0,True,,,17.0,1,False,True,Cadillac
PER,11,48.0,95.96,35.222,42.185,18.553,255.0,314.0,280.0,275.0,2.0,HARD,27.0,True,,,17.0,1,True,True,Cadillac
PER,11,49.0,96.18,35.3,42.372,18.508,255.0,314.0,280.0,276.0,2.0,HARD,28.0,True,,,17.0,1,False,True,Cadillac
PER,11,50.0,96.069,35.36,42.25,18.459,256.0,313.0,281.0,275.0,2.0,HARD,29.0,True,,,17.0,1,False,True,Cadillac
PER,11,51.0,95.994,35.164,42.324,18.506,255.0,317.0,281.0,277.0,2.0,HARD,30.0,True,,,17.0,1,False,True,Cadillac
PER,11,52.0,95.704,35.165,42.243,18.296,261.0,313.0,281.0,276.0,2.0,HARD,31.0,True,,,17.0,1,True,True,Cadillac
PER,11,53.0,95.637,35.104,42.095,18.438,257.0,315.0,281.0,277.0,2.0,HARD,32.0,True,,,17.0,1,True,True,Cadillac
ANT,12,1.0,98.784,,42.42,17.942,285.0,332.0,278.0,293.0,1.0,MEDIUM,1.0,True,,,6.0,1,False,False,Mercedes
ANT,12,2.0,94.475,34.437,42.202,17.836,261.0,333.0,279.0,291.0,1.0,MEDIUM,2.0,True,,,5.0,1,True,True,Mercedes
ANT,12,3.0,95.536,35.282,42.109,18.145,262.0,335.0,280.0,294.0,1.0,MEDIUM,3.0,True,,,5.0,1,False,True,Mercedes
ANT,12,4.0,95.523,34.978,42.457,18.088,269.0,329.0,280.0,289.0,1.0,MEDIUM,4.0,True,,,5.0,1,False,True,Mercedes
ANT,12,5.0,95.24,34.818,42.395,18.027,271.0,326.0,281.0,290.0,1.0,MEDIUM,5.0,True,,,5.0,1,False,True,Mercedes
ANT,12,6.0,94.962,34.771,42.134,18.057,268.0,329.0,282.0,293.0,1.0,MEDIUM,6.0,True,,,5.0,1,False,True,Mercedes
ANT,12,7.0,95.076,34.821,42.201,18.054,263.0,331.0,281.0,292.0,1.0,MEDIUM,7.0,True,,,5.0,1,False,True,Mercedes
ANT,12,8.0,95.203,34.865,42.112,18.226,263.0,333.0,282.0,294.0,1.0,MEDIUM,8.0,True,,,5.0,1,False,True,Mercedes
ANT,12,9.0,95.534,35.232,42.073,18.229,262.0,336.0,283.0,296.0,1.0,MEDIUM,9.0,True,,,5.0,1,False,True,Mercedes
ANT,12,10.0,95.41,35.153,42.226,18.031,272.0,330.0,282.0,292.0,1.0,MEDIUM,10.0,True,,,5.0,1,False,True,Mercedes
ANT,12,11.0,95.115,35.153,42.079,17.883,266.0,336.0,280.0,297.0,1.0,MEDIUM,11.0,True,,,4.0,1,False,True,Mercedes
ANT,12,12.0,95.027,35.013,42.01,18.004,261.0,321.0,280.0,285.0,1.0,MEDIUM,12.0,True,,,4.0,1,False,True,Mercedes
ANT,12,13.0,94.944,34.77,42.068,18.106,273.0,324.0,281.0,288.0,1.0,MEDIUM,13.0,True,,,4.0,1,False,True,Mercedes
ANT,12,14.0,95.261,34.902,42.315,18.044,274.0,324.0,279.0,289.0,1.0,MEDIUM,14.0,True,,,4.0,1,False,True,Mercedes
ANT,12,15.0,95.377,34.944,42.109,18.324,269.0,330.0,267.0,289.0,1.0,MEDIUM,15.0,True,,,3.0,1,False,True,Mercedes
ANT,12,16.0,96.164,36.072,42.106,17.986,256.0,320.0,281.0,284.0,1.0,MEDIUM,16.0,True,,,4.0,1,False,True,Mercedes
ANT,12,17.0,94.686,34.843,41.875,17.968,270.0,329.0,280.0,291.0,1.0,MEDIUM,17.0,True,,,3.0,1,False,True,Mercedes
ANT,12,18.0,94.095,34.399,41.758,17.938,259.0,325.0,280.0,283.0,1.0,MEDIUM,18.0,True,,,3.0,1,True,True,Mercedes
ANT,12,19.0,94.343,34.476,41.879,17.988,258.0,318.0,278.0,281.0,1.0,MEDIUM,19.0,True,,,2.0,1,False,True,Mercedes
ANT,12,20.0,94.241,34.504,41.791,17.946,261.0,321.0,279.0,283.0,1.0,MEDIUM,20.0,True,,,2.0,1,False,True,Mercedes
ANT,12,21.0,93.948,34.329,41.686,17.933,261.0,318.0,280.0,282.0,1.0,MEDIUM,21.0,True,,,1.0,1,True,True,Mercedes
ANT,12,22.0,113.376,34.353,53.479,25.544,261.0,205.0,,204.0,1.0,MEDIUM,22.0,True,,5935.866,1.0,124,False,False,Mercedes
ANT,12,23.0,,63.96,66.163,29.704,263.0,151.0,222.0,166.0,2.0,HARD,1.0,True,5959.138,,1.0,4,False,False,Mercedes
ANT,12,24.0,,52.194,71.277,26.795,172.0,210.0,206.0,184.0,2.0,HARD,2.0,True,,,1.0,4,False,False,Mercedes
ANT,12,25.0,,51.53,72.146,26.958,215.0,206.0,218.0,170.0,2.0,HARD,3.0,True,,,1.0,4,False,False,Mercedes
ANT,12,26.0,146.03,55.289,63.602,27.139,193.0,245.0,231.0,175.0,2.0,HARD,4.0,True,,,1.0,4,False,False,Mercedes
ANT,12,27.0,146.237,49.968,67.88,28.389,202.0,117.0,278.0,118.0,2.0,HARD,5.0,True,,,1.0,41,False,False,Mercedes
ANT,12,28.0,93.649,33.933,41.745,17.971,264.0,310.0,281.0,274.0,2.0,HARD,6.0,True,,,1.0,1,True,True,Mercedes
ANT,12,29.0,93.367,33.975,41.396,17.996,260.0,316.0,280.0,277.0,2.0,HARD,7.0,True,,,1.0,1,True,True,Mercedes
ANT,12,30.0,92.859,33.749,41.267,17.843,258.0,313.0,281.0,277.0,2.0,HARD,8.0,True,,,1.0,1,True,True,Mercedes
ANT,12,31.0,93.258,33.989,41.365,17.904,260.0,315.0,281.0,278.0,2.0,HARD,9.0,True,,,1.0,1,False,True,Mercedes
ANT,12,32.0,92.868,33.795,41.232,17.841,260.0,315.0,282.0,278.0,2.0,HARD,10.0,True,,,1.0,1,False,True,Mercedes
ANT,12,33.0,92.999,33.848,41.293,17.858,260.0,315.0,282.0,278.0,2.0,HARD,11.0,True,,,1.0,1,False,True,Mercedes
ANT,12,34.0,92.909,33.69,41.436,17.783,260.0,318.0,281.0,279.0,2.0,HARD,12.0,True,,,1.0,1,False,True,Mercedes
ANT,12,35.0,92.912,33.821,41.282,17.809,260.0,316.0,282.0,278.0,2.0,HARD,13.0,True,,,1.0,1,False,True,Mercedes
ANT,12,36.0,92.933,33.733,41.316,17.884,261.0,317.0,281.0,279.0,2.0,HARD,14.0,True,,,1.0,1,False,True,Mercedes
ANT,12,37.0,92.984,33.857,41.266,17.861,260.0,316.0,281.0,277.0,2.0,HARD,15.0,True,,,1.0,1,False,True,Mercedes
ANT,12,38.0,92.955,33.944,41.18,17.831,259.0,316.0,281.0,279.0,2.0,HARD,16.0,True,,,1.0,1,False,True,Mercedes
ANT,12,39.0,92.731,33.705,41.24,17.786,261.0,319.0,282.0,279.0,2.0,HARD,17.0,True,,,1.0,1,True,True,Mercedes
ANT,12,40.0,92.993,33.921,41.229,17.843,260.0,319.0,281.0,280.0,2.0,HARD,18.0,True,,,1.0,1,False,True,Mercedes
ANT,12,41.0,92.736,33.844,41.11,17.782,260.0,320.0,281.0,281.0,2.0,HARD,19.0,True,,,1.0,1,False,True,Mercedes
ANT,12,42.0,92.826,33.844,41.192,17.79,261.0,320.0,282.0,280.0,2.0,HARD,20.0,True,,,1.0,1,False,True,Mercedes
ANT,12,43.0,92.538,33.739,41.104,17.695,261.0,322.0,282.0,281.0,2.0,HARD,21.0,True,,,1.0,1,True,True,Mercedes
ANT,12,44.0,92.57,33.662,41.192,17.716,260.0,321.0,282.0,282.0,2.0,HARD,22.0,True,,,1.0,1,False,True,Mercedes
ANT,12,45.0,92.819,33.897,41.132,17.79,262.0,326.0,283.0,286.0,2.0,HARD,23.0,True,,,1.0,1,False,True,Mercedes
ANT,12,46.0,92.722,33.822,41.13,17.77,261.0,322.0,283.0,281.0,2.0,HARD,24.0,True,,,1.0,1,False,True,Mercedes
ANT,12,47.0,93.211,33.929,41.504,17.778,263.0,325.0,280.0,281.0,2.0,HARD,25.0,True,,,1.0,1,False,True,Mercedes
ANT,12,48.0,93.589,34.228,41.473,17.888,257.0,311.0,283.0,276.0,2.0,HARD,26.0,True,,,1.0,1,False,True,Mercedes
ANT,12,49.0,92.432,33.72,40.986,17.726,264.0,320.0,283.0,280.0,2.0,HARD,27.0,True,,,1.0,1,True,True,Mercedes
ANT,12,50.0,93.352,34.012,41.43,17.91,262.0,319.0,282.0,280.0,2.0,HARD,28.0,True,,,1.0,1,False,True,Mercedes
ANT,12,51.0,92.889,33.833,41.302,17.754,262.0,320.0,283.0,280.0,2.0,HARD,29.0,True,,,1.0,1,False,True,Mercedes
ANT,12,52.0,92.925,33.927,41.281,17.717,261.0,321.0,283.0,281.0,2.0,HARD,30.0,True,,,1.0,1,False,True,Mercedes
ANT,12,53.0,94.063,33.907,41.548,18.608,260.0,322.0,176.0,283.0,2.0,HARD,31.0,True,,,1.0,1,False,True,Mercedes
ALO,14,1.0,107.044,,45.219,18.453,238.0,318.0,272.0,282.0,1.0,MEDIUM,1.0,True,,,20.0,1,False,False,Aston Martin
ALO,14,2.0,98.589,36.281,43.758,18.55,245.0,316.0,266.0,279.0,1.0,MEDIUM,2.0,True,,,20.0,1,True,True,Aston Martin
ALO,14,3.0,98.501,36.233,43.723,18.545,248.0,312.0,268.0,277.0,1.0,MEDIUM,3.0,True,,,20.0,1,True,True,Aston Martin
ALO,14,4.0,98.517,36.319,43.615,18.583,249.0,312.0,268.0,275.0,1.0,MEDIUM,4.0,True,,,20.0,1,False,True,Aston Martin
ALO,14,5.0,98.528,36.303,43.517,18.708,249.0,309.0,268.0,274.0,1.0,MEDIUM,5.0,True,,,20.0,1,False,True,Aston Martin
ALO,14,6.0,98.652,36.383,43.539,18.73,249.0,306.0,268.0,271.0,1.0,MEDIUM,6.0,True,,,20.0,1,False,True,Aston Martin
ALO,14,7.0,98.592,36.369,43.554,18.669,250.0,308.0,267.0,270.0,1.0,MEDIUM,7.0,True,,,20.0,1,False,True,Aston Martin
ALO,14,8.0,98.889,37.0,43.352,18.537,249.0,313.0,272.0,277.0,1.0,MEDIUM,8.0,True,,,21.0,1,False,True,Aston Martin
ALO,14,9.0,98.296,36.35,43.434,18.512,249.0,315.0,271.0,277.0,1.0,MEDIUM,9.0,True,,,21.0,1,True,True,Aston Martin
ALO,14,10.0,98.487,36.303,43.608,18.576,251.0,314.0,271.0,276.0,1.0,MEDIUM,10.0,True,,,21.0,1,False,True,Aston Martin
ALO,14,11.0,97.866,36.198,43.351,18.317,250.0,326.0,272.0,281.0,1.0,MEDIUM,11.0,True,,,21.0,1,True,True,Aston Martin
ALO,14,12.0,98.235,36.473,43.371,18.391,250.0,327.0,275.0,283.0,1.0,MEDIUM,12.0,True,,,21.0,1,False,True,Aston Martin
ALO,14,13.0,98.591,36.445,43.582,18.564,254.0,316.0,271.0,278.0,1.0,MEDIUM,13.0,True,,,21.0,1,False,True,Aston Martin
ALO,14,14.0,98.222,36.458,43.249,18.515,256.0,326.0,265.0,282.0,1.0,MEDIUM,14.0,True,,,21.0,1,False,True,Aston Martin
ALO,14,15.0,98.641,36.621,43.24,18.78,255.0,328.0,267.0,283.0,1.0,MEDIUM,15.0,True,,,21.0,1,False,True,Aston Martin
ALO,14,16.0,98.731,36.699,43.456,18.576,257.0,315.0,271.0,277.0,1.0,MEDIUM,16.0,True,,,21.0,1,False,True,Aston Martin
ALO,14,17.0,98.303,36.461,43.351,18.491,255.0,318.0,276.0,279.0,1.0,MEDIUM,17.0,True,,,21.0,1,False,True,Aston Martin
ALO,14,18.0,98.504,36.377,43.338,18.789,255.0,329.0,265.0,282.0,1.0,MEDIUM,18.0,True,,,21.0,1,False,True,Aston Martin
ALO,14,19.0,98.602,36.674,43.29,18.638,255.0,322.0,267.0,279.0,1.0,MEDIUM,19.0,True,,,21.0,1,False,True,Aston Martin
ALO,14,20.0,98.18,36.376,43.166,18.638,263.0,323.0,259.0,282.0,1.0,MEDIUM,20.0,True,,,21.0,1,False,True,Aston Martin
ALO,14,21.0,119.021,36.528,50.917,31.576,263.0,264.0,,182.0,1.0,MEDIUM,21.0,True,,5920.39,20.0,124,False,False,Aston Martin
ALO,14,22.0,144.568,61.987,60.954,21.627,247.0,262.0,259.0,237.0,2.0,HARD,1.0,True,5946.862,,20.0,4,False,False,Aston Martin
ALO,14,23.0,113.088,39.519,51.323,22.246,251.0,293.0,,260.0,2.0,HARD,2.0,True,,6178.231,20.0,4,False,False,Aston Martin
ALO,14,24.0,125.307,58.126,47.873,19.308,251.0,295.0,265.0,261.0,3.0,MEDIUM,1.0,True,6202.289,,20.0,4,False,False,Aston Martin
ALO,14,25.0,118.917,40.594,54.319,24.004,252.0,268.0,226.0,208.0,3.0,MEDIUM,2.0,True,,,20.0,4,False,False,Aston Martin
ALO,14,26.0,146.015,49.813,65.194,31.008,161.0,168.0,106.0,211.0,3.0,MEDIUM,3.0,True,,,20.0,4,False,False,Aston Martin
ALO,14,27.0,129.786,45.686,59.978,24.122,173.0,138.0,271.0,196.0,3.0,MEDIUM,4.0,True,,,20.0,41,False,False,Aston Martin
ALO,14,28.0,97.909,35.995,43.629,18.285,247.0,317.0,268.0,280.0,3.0,MEDIUM,5.0,True,,,20.0,1,False,True,Aston Martin
ALO,14,29.0,97.079,35.666,43.089,18.324,258.0,313.0,269.0,279.0,3.0,MEDIUM,6.0,True,,,20.0,1,True,True,Aston Martin
ALO,14,30.0,97.411,35.685,43.153,18.573,258.0,314.0,266.0,278.0,3.0,MEDIUM,7.0,True,,,19.0,1,False,True,Aston Martin
ALO,14,31.0,97.864,36.137,43.271,18.456,257.0,320.0,269.0,277.0,3.0,MEDIUM,8.0,True,,,19.0,1,False,True,Aston Martin
ALO,14,32.0,98.062,35.972,43.382,18.708,250.0,306.0,270.0,270.0,3.0,MEDIUM,9.0,True,,,19.0,1,False,True,Aston Martin
ALO,14,33.0,97.702,35.856,43.216,18.63,254.0,309.0,269.0,270.0,3.0,MEDIUM,10.0,True,,,19.0,1,False,True,Aston Martin
ALO,14,34.0,97.651,35.963,43.051,18.637,252.0,307.0,270.0,269.0,3.0,MEDIUM,11.0,True,,,19.0,1,False,True,Aston Martin
ALO,14,35.0,97.754,35.872,43.159,18.723,253.0,306.0,270.0,269.0,3.0,MEDIUM,12.0,True,,,19.0,1,False,True,Aston Martin
ALO,14,36.0,97.786,35.929,43.075,18.782,252.0,306.0,270.0,268.0,3.0,MEDIUM,13.0,True,,,19.0,1,False,True,Aston Martin
ALO,14,37.0,97.458,35.826,42.895,18.737,251.0,307.0,270.0,269.0,3.0,MEDIUM,14.0,True,,,19.0,1,False,True,Aston Martin
ALO,14,38.0,97.241,35.756,42.817,18.668,252.0,306.0,271.0,269.0,3.0,MEDIUM,15.0,True,,,19.0,1,False,True,Aston Martin
ALO,14,39.0,97.124,35.648,42.93,18.546,253.0,306.0,271.0,268.0,3.0,MEDIUM,16.0,True,,,19.0,1,False,True,Aston Martin
ALO,14,40.0,97.098,35.682,42.719,18.697,250.0,307.0,271.0,268.0,3.0,MEDIUM,17.0,True,,,19.0,1,False,True,Aston Martin
ALO,14,41.0,96.828,35.569,42.661,18.598,253.0,307.0,271.0,268.0,3.0,MEDIUM,18.0,True,,,19.0,1,True,True,Aston Martin
ALO,14,42.0,96.957,35.672,42.689,18.596,252.0,304.0,271.0,266.0,3.0,MEDIUM,19.0,True,,,19.0,1,False,True,Aston Martin
ALO,14,43.0,97.337,35.8,42.923,18.614,251.0,303.0,271.0,266.0,3.0,MEDIUM,20.0,True,,,19.0,1,False,True,Aston Martin
ALO,14,44.0,96.771,35.597,42.575,18.599,254.0,306.0,275.0,268.0,3.0,MEDIUM,21.0,True,,,19.0,1,True,True,Aston Martin
ALO,14,45.0,96.677,35.249,42.815,18.613,254.0,305.0,271.0,267.0,3.0,MEDIUM,22.0,True,,,19.0,1,True,True,Aston Martin
ALO,14,46.0,97.589,35.643,42.881,19.065,252.0,308.0,271.0,269.0,3.0,MEDIUM,23.0,True,,,19.0,1,False,True,Aston Martin
ALO,14,47.0,96.221,35.495,42.453,18.273,255.0,324.0,272.0,276.0,3.0,MEDIUM,24.0,True,,,18.0,1,True,True,Aston Martin
ALO,14,48.0,96.837,35.508,42.716,18.613,252.0,307.0,271.0,267.0,3.0,MEDIUM,25.0,True,,,18.0,1,False,True,Aston Martin
ALO,14,49.0,97.112,35.718,42.818,18.576,252.0,307.0,269.0,269.0,3.0,MEDIUM,26.0,True,,,18.0,1,False,True,Aston Martin
ALO,14,50.0,99.107,35.71,43.766,19.631,252.0,313.0,275.0,271.0,3.0,MEDIUM,27.0,True,,,18.0,1,False,True,Aston Martin
ALO,14,51.0,96.751,35.575,42.743,18.433,252.0,313.0,273.0,272.0,3.0,MEDIUM,28.0,True,,,18.0,1,False,True,Aston Martin
ALO,14,52.0,98.953,35.522,45.098,18.333,253.0,324.0,273.0,280.0,3.0,MEDIUM,29.0,True,,,18.0,1,False,True,Aston Martin
LEC,16,1.0,96.36,,41.648,18.305,267.0,320.0,265.0,283.0,1.0,MEDIUM,1.0,True,,,2.0,1,False,False,Ferrari
LEC,16,2.0,95.126,34.987,42.055,18.084,258.0,325.0,261.0,285.0,1.0,MEDIUM,2.0,True,,,2.0,1,True,True,Ferrari
LEC,16,3.0,95.105,35.159,41.807,18.139,260.0,319.0,263.0,282.0,1.0,MEDIUM,3.0,True,,,2.0,1,True,True,Ferrari
LEC,16,4.0,96.431,35.751,42.366,18.314,258.0,317.0,274.0,283.0,1.0,MEDIUM,4.0,True,,,3.0,1,False,True,Ferrari
LEC,16,5.0,95.209,34.819,42.188,18.202,257.0,319.0,274.0,284.0,1.0,MEDIUM,5.0,True,,,3.0,1,False,True,Ferrari
LEC,16,6.0,95.287,34.924,42.114,18.249,258.0,315.0,277.0,282.0,1.0,MEDIUM,6.0,True,,,3.0,1,False,True,Ferrari
LEC,16,7.0,94.955,34.58,42.098,18.277,253.0,311.0,276.0,279.0,1.0,MEDIUM,7.0,True,,,3.0,1,True,True,Ferrari
LEC,16,8.0,95.458,34.685,42.49,18.283,254.0,310.0,273.0,278.0,1.0,MEDIUM,8.0,True,,,3.0,1,False,True,Ferrari
LEC,16,9.0,95.623,34.94,42.173,18.51,255.0,304.0,276.0,276.0,1.0,MEDIUM,9.0,True,,,3.0,1,False,True,Ferrari
LEC,16,10.0,95.146,34.721,42.21,18.215,253.0,319.0,277.0,283.0,1.0,MEDIUM,10.0,True,,,3.0,1,False,True,Ferrari
LEC,16,11.0,95.145,34.888,42.046,18.211,261.0,313.0,276.0,280.0,1.0,MEDIUM,11.0,True,,,3.0,1,False,True,Ferrari
LEC,16,12.0,95.201,34.963,41.973,18.265,262.0,316.0,276.0,281.0,1.0,MEDIUM,12.0,True,,,3.0,1,False,True,Ferrari
LEC,16,13.0,95.408,35.037,42.103,18.268,261.0,316.0,277.0,281.0,1.0,MEDIUM,13.0,True,,,3.0,1,False,True,Ferrari
LEC,16,14.0,95.305,34.916,42.184,18.205,255.0,313.0,277.0,279.0,1.0,MEDIUM,14.0,True,,,3.0,1,False,True,Ferrari
LEC,16,15.0,95.903,34.939,42.157,18.807,252.0,311.0,279.0,277.0,1.0,MEDIUM,15.0,True,,,4.0,1,False,True,Ferrari
LEC,16,16.0,95.307,35.102,41.942,18.263,262.0,326.0,277.0,281.0,1.0,MEDIUM,16.0,True,,,3.0,1,False,True,Ferrari
LEC,16,17.0,97.448,34.98,41.989,20.479,262.0,314.0,,288.0,1.0,MEDIUM,17.0,True,,5448.1,5.0,1,False,False,Ferrari
LEC,16,18.0,114.337,54.283,41.849,18.205,255.0,310.0,275.0,276.0,2.0,HARD,1.0,True,5471.082,,7.0,1,False,False,Ferrari
LEC,16,19.0,94.426,34.787,41.516,18.123,260.0,316.0,277.0,280.0,2.0,HARD,2.0,True,,,7.0,1,True,True,Ferrari
LEC,16,20.0,94.266,34.695,41.458,18.113,260.0,316.0,279.0,281.0,2.0,HARD,3.0,True,,,7.0,1,True,True,Ferrari
LEC,16,21.0,94.132,34.478,41.616,18.038,260.0,318.0,279.0,284.0,2.0,HARD,4.0,True,,,7.0,1,True,True,Ferrari
LEC,16,22.0,120.306,38.643,57.297,24.366,159.0,258.0,200.0,253.0,2.0,HARD,5.0,True,,,7.0,124,False,False,Ferrari
LEC,16,23.0,138.074,45.154,62.826,30.094,196.0,164.0,235.0,234.0,2.0,HARD,6.0,True,,,5.0,4,False,False,Ferrari
LEC,16,24.0,147.1,51.07,70.688,25.342,205.0,128.0,234.0,234.0,2.0,HARD,7.0,True,,,5.0,4,False,False,Ferrari
LEC,16,25.0,,52.556,71.423,27.495,126.0,230.0,219.0,202.0,2.0,HARD,8.0,True,,,5.0,4,False,False,Ferrari
LEC,16,26.0,146.662,54.354,63.009,29.299,156.0,183.0,233.0,120.0,2.0,HARD,9.0,True,,,5.0,4,False,False,Ferrari
LEC,16,27.0,142.148,48.459,65.398,28.291,213.0,131.0,281.0,121.0,2.0,HARD,10.0,True,,,5.0,41,False,False,Ferrari
LEC,16,28.0,95.287,35.331,41.904,18.052,265.0,318.0,283.0,286.0,2.0,HARD,11.0,True,,,5.0,1,False,True,Ferrari
LEC,16,29.0,93.666,34.302,41.486,17.878,260.0,331.0,281.0,291.0,2.0,HARD,12.0,True,,,5.0,1,True,True,Ferrari
LEC,16,30.0,93.696,34.331,41.368,17.997,262.0,329.0,283.0,290.0,2.0,HARD,13.0,True,,,5.0,1,False,True,Ferrari
LEC,16,31.0,93.915,34.399,41.644,17.872,259.0,327.0,282.0,289.0,2.0,HARD,14.0,True,,,5.0,1,False,True,Ferrari
LEC,16,32.0,93.494,34.121,41.499,17.874,262.0,328.0,280.0,289.0,2.0,HARD,15.0,True,,,5.0,1,True,True,Ferrari
LEC,16,33.0,93.444,34.154,41.412,17.878,266.0,334.0,283.0,293.0,2.0,HARD,16.0,True,,,5.0,1,True,True,Ferrari
LEC,16,34.0,93.508,34.361,41.287,17.86,261.0,336.0,280.0,293.0,2.0,HARD,17.0,True,,,5.0,1,False,True,Ferrari
LEC,16,35.0,93.252,34.17,41.246,17.836,263.0,337.0,281.0,296.0,2.0,HARD,18.0,True,,,5.0,1,True,True,Ferrari
LEC,16,36.0,93.663,34.397,41.35,17.916,262.0,337.0,281.0,294.0,2.0,HARD,19.0,True,,,5.0,1,False,True,Ferrari
LEC,16,37.0,93.744,34.335,41.364,18.045,262.0,334.0,280.0,290.0,2.0,HARD,20.0,True,,,4.0,1,False,True,Ferrari
LEC,16,38.0,93.128,34.033,41.13,17.965,262.0,332.0,281.0,292.0,2.0,HARD,21.0,True,,,4.0,1,True,True,Ferrari
LEC,16,39.0,93.457,34.273,41.215,17.969,263.0,330.0,285.0,291.0,2.0,HARD,22.0,True,,,4.0,1,False,True,Ferrari
LEC,16,40.0,93.705,34.127,41.414,18.164,264.0,333.0,283.0,295.0,2.0,HARD,23.0,True,,,4.0,1,False,True,Ferrari
LEC,16,41.0,94.154,34.659,41.387,18.108,259.0,337.0,284.0,298.0,2.0,HARD,24.0,True,,,4.0,1,False,True,Ferrari
LEC,16,42.0,93.418,34.046,41.392,17.98,262.0,319.0,283.0,283.0,2.0,HARD,25.0,True,,,3.0,1,False,True,Ferrari
LEC,16,43.0,93.205,34.035,41.101,18.069,262.0,317.0,282.0,281.0,2.0,HARD,26.0,True,,,3.0,1,False,True,Ferrari
LEC,16,44.0,93.304,34.186,41.07,18.048,263.0,317.0,282.0,282.0,2.0,HARD,27.0,True,,,3.0,1,False,True,Ferrari
LEC,16,45.0,93.607,34.179,41.274,18.154,264.0,309.0,282.0,280.0,2.0,HARD,28.0,True,,,3.0,1,False,True,Ferrari
LEC,16,46.0,93.16,33.994,41.12,18.046,262.0,314.0,282.0,281.0,2.0,HARD,29.0,True,,,3.0,1,False,True,Ferrari
LEC,16,47.0,93.122,33.936,41.208,17.978,260.0,315.0,284.0,283.0,2.0,HARD,30.0,True,,,3.0,1,True,True,Ferrari
LEC,16,48.0,93.011,33.676,41.14,18.195,267.0,320.0,280.0,286.0,2.0,HARD,31.0,True,,,3.0,1,True,True,Ferrari
LEC,16,49.0,93.486,34.157,41.291,18.038,260.0,315.0,284.0,282.0,2.0,HARD,32.0,True,,,3.0,1,False,True,Ferrari
LEC,16,50.0,94.173,34.173,41.289,18.711,261.0,315.0,286.0,282.0,2.0,HARD,33.0,True,,,4.0,1,False,True,Ferrari
LEC,16,51.0,92.897,33.813,41.284,17.8,261.0,331.0,284.0,291.0,2.0,HARD,34.0,True,,,3.0,1,True,True,Ferrari
LEC,16,52.0,93.201,34.047,41.137,18.017,270.0,314.0,285.0,280.0,2.0,HARD,35.0,True,,,3.0,1,False,True,Ferrari
LEC,16,53.0,92.634,33.905,40.919,17.81,266.0,325.0,279.0,289.0,2.0,HARD,36.0,True,,,3.0,1,True,True,Ferrari
STR,18,1.0,108.234,,45.723,18.803,247.0,329.0,275.0,278.0,1.0,MEDIUM,1.0,True,,,22.0,1,False,False,Aston Martin
STR,18,2.0,98.369,35.693,44.13,18.546,251.0,314.0,273.0,279.0,1.0,MEDIUM,2.0,True,,,21.0,1,True,True,Aston Martin
STR,18,3.0,98.229,36.126,43.543,18.56,251.0,317.0,268.0,281.0,1.0,MEDIUM,3.0,True,,,21.0,1,True,True,Aston Martin
STR,18,4.0,98.587,36.248,43.686,18.653,252.0,313.0,270.0,279.0,1.0,MEDIUM,4.0,True,,,21.0,1,False,True,Aston Martin
STR,18,5.0,98.426,36.258,43.604,18.564,252.0,311.0,272.0,278.0,1.0,MEDIUM,5.0,True,,,21.0,1,False,True,Aston Martin
STR,18,6.0,98.617,36.306,43.703,18.608,256.0,309.0,273.0,277.0,1.0,MEDIUM,6.0,True,,,21.0,1,False,True,Aston Martin
STR,18,7.0,98.462,36.301,43.619,18.542,255.0,311.0,273.0,277.0,1.0,MEDIUM,7.0,True,,,21.0,1,False,True,Aston Martin
STR,18,8.0,97.683,35.578,43.5,18.605,255.0,305.0,271.0,271.0,1.0,MEDIUM,8.0,True,,,20.0,1,True,True,Aston Martin
STR,18,9.0,98.199,36.017,43.604,18.578,246.0,307.0,271.0,271.0,1.0,MEDIUM,9.0,True,,,20.0,1,False,True,Aston Martin
STR,18,10.0,98.293,36.207,43.553,18.533,246.0,306.0,272.0,271.0,1.0,MEDIUM,10.0,True,,,20.0,1,False,True,Aston Martin
STR,18,11.0,98.051,36.153,43.493,18.405,247.0,316.0,267.0,277.0,1.0,MEDIUM,11.0,True,,,20.0,1,False,True,Aston Martin
STR,18,12.0,98.622,36.487,43.52,18.615,247.0,307.0,271.0,272.0,1.0,MEDIUM,12.0,True,,,20.0,1,False,True,Aston Martin
STR,18,13.0,98.454,36.333,43.528,18.593,247.0,306.0,271.0,271.0,1.0,MEDIUM,13.0,True,,,20.0,1,False,True,Aston Martin
STR,18,14.0,98.187,36.224,43.407,18.556,247.0,307.0,272.0,271.0,1.0,MEDIUM,14.0,True,,,20.0,1,False,True,Aston Martin
STR,18,15.0,98.853,36.307,43.705,18.841,247.0,305.0,271.0,270.0,1.0,MEDIUM,15.0,True,,,20.0,1,False,True,Aston Martin
STR,18,16.0,98.427,36.304,43.531,18.592,249.0,305.0,271.0,270.0,1.0,MEDIUM,16.0,True,,,20.0,1,False,True,Aston Martin
STR,18,17.0,98.576,36.566,43.4,18.61,247.0,309.0,273.0,272.0,1.0,MEDIUM,17.0,True,,,20.0,1,False,True,Aston Martin
STR,18,18.0,98.454,36.307,43.35,18.797,249.0,307.0,272.0,271.0,1.0,MEDIUM,18.0,True,,,20.0,1,False,True,Aston Martin
STR,18,19.0,98.372,36.404,43.347,18.621,254.0,307.0,270.0,271.0,1.0,MEDIUM,19.0,True,,,20.0,1,False,True,Aston Martin
STR,18,20.0,98.406,36.487,43.281,18.638,249.0,307.0,272.0,270.0,1.0,MEDIUM,20.0,True,,,20.0,1,False,True,Aston Martin
STR,18,21.0,111.658,36.365,49.537,25.756,246.0,278.0,,207.0,1.0,MEDIUM,21.0,True,,5912.83,19.0,124,False,False,Aston Martin
STR,18,22.0,146.19,62.593,59.078,24.519,234.0,133.0,201.0,238.0,2.0,HARD,1.0,True,5937.888,,19.0,4,False,False,Aston Martin
STR,18,23.0,105.541,37.581,47.986,19.974,249.0,279.0,270.0,255.0,2.0,HARD,2.0,True,,,19.0,4,False,False,Aston Martin
STR,18,24.0,107.875,37.047,47.545,23.283,248.0,278.0,,249.0,2.0,HARD,3.0,True,,6272.401,19.0,4,False,False,Aston Martin
STR,18,25.0,146.413,56.531,65.609,24.273,246.0,242.0,127.0,248.0,3.0,MEDIUM,1.0,True,6295.943,,19.0,4,False,False,Aston Martin
STR,18,26.0,148.043,52.61,65.132,30.301,125.0,185.0,122.0,215.0,3.0,MEDIUM,2.0,True,,,19.0,4,False,False,Aston Martin
STR,18,27.0,130.846,45.555,60.6,24.691,194.0,136.0,274.0,162.0,3.0,MEDIUM,3.0,True,,,19.0,41,False,False,Aston Martin
STR,18,28.0,97.515,36.015,43.121,18.379,252.0,319.0,276.0,282.0,3.0,MEDIUM,4.0,True,,,19.0,1,True,True,Aston Martin
STR,18,29.0,97.217,35.981,42.879,18.357,247.0,318.0,275.0,280.0,3.0,MEDIUM,5.0,True,,,19.0,1,True,True,Aston Martin
STR,18,30.0,100.631,35.698,43.267,21.666,249.0,317.0,,278.0,3.0,MEDIUM,6.0,True,,6993.07,20.0,1,False,False,Aston Martin
ALB,23,1.0,105.225,,44.394,18.51,233.0,333.0,266.0,287.0,1.0,MEDIUM,1.0,True,,,17.0,1,False,False,Williams
ALB,23,2.0,97.418,36.274,42.995,18.149,259.0,326.0,276.0,291.0,1.0,MEDIUM,2.0,True,,,17.0,1,True,True,Williams
ALB,23,3.0,97.464,35.871,43.24,18.353,259.0,335.0,262.0,304.0,1.0,MEDIUM,3.0,True,,,17.0,1,False,True,Williams
ALB,23,4.0,98.076,36.825,43.011,18.24,260.0,325.0,280.0,292.0,1.0,MEDIUM,4.0,True,,,18.0,1,False,True,Williams
ALB,23,5.0,96.796,35.721,42.832,18.243,263.0,327.0,278.0,296.0,1.0,MEDIUM,5.0,True,,,18.0,1,True,True,Williams
ALB,23,6.0,97.307,35.804,43.07,18.433,265.0,328.0,280.0,295.0,1.0,MEDIUM,6.0,True,,,18.0,1,False,True,Williams
ALB,23,7.0,97.545,36.081,43.171,18.293,263.0,330.0,278.0,296.0,1.0,MEDIUM,7.0,True,,,18.0,1,False,True,Williams
ALB,23,8.0,97.437,35.891,43.078,18.468,270.0,328.0,278.0,292.0,1.0,MEDIUM,8.0,True,,,18.0,1,False,True,Williams
ALB,23,9.0,97.212,35.852,43.091,18.269,262.0,320.0,278.0,287.0,1.0,MEDIUM,9.0,True,,,18.0,1,False,True,Williams
ALB,23,10.0,97.235,35.788,43.127,18.32,259.0,318.0,278.0,287.0,1.0,MEDIUM,10.0,True,,,18.0,1,False,True,Williams
ALB,23,11.0,97.028,35.97,42.814,18.244,263.0,315.0,278.0,285.0,1.0,MEDIUM,11.0,True,,,18.0,1,False,True,Williams
ALB,23,12.0,97.058,35.943,42.878,18.237,258.0,315.0,280.0,285.0,1.0,MEDIUM,12.0,True,,,18.0,1,False,True,Williams
ALB,23,13.0,96.733,35.851,42.676,18.206,266.0,318.0,279.0,287.0,1.0,MEDIUM,13.0,True,,,18.0,1,True,True,Williams
ALB,23,14.0,97.146,35.921,42.896,18.329,264.0,313.0,279.0,284.0,1.0,MEDIUM,14.0,True,,,18.0,1,False,True,Williams
ALB,23,15.0,96.948,35.916,42.768,18.264,268.0,314.0,279.0,286.0,1.0,MEDIUM,15.0,True,,,18.0,1,False,True,Williams
ALB,23,16.0,96.879,35.857,42.795,18.227,266.0,313.0,280.0,285.0,1.0,MEDIUM,16.0,True,,,18.0,1,False,True,Williams
ALB,23,17.0,96.78,35.894,42.691,18.195,262.0,315.0,280.0,284.0,1.0,MEDIUM,17.0,True,,,17.0,1,False,True,Williams
ALB,23,18.0,96.992,35.912,42.701,18.379,266.0,312.0,278.0,283.0,1.0,MEDIUM,18.0,True,,,16.0,1,False,True,Williams
ALB,23,19.0,96.592,35.81,42.515,18.267,272.0,316.0,280.0,284.0,1.0,MEDIUM,19.0,True,,,15.0,1,True,True,Williams
ALB,23,20.0,96.812,35.793,42.772,18.247,261.0,314.0,280.0,283.0,1.0,MEDIUM,20.0,True,,,13.0,1,False,True,Williams
ALB,23,21.0,96.417,35.615,42.544,18.258,270.0,312.0,281.0,282.0,1.0,MEDIUM,21.0,True,,,13.0,12,True,True,Williams
ALB,23,22.0,131.647,46.562,57.576,27.509,213.0,293.0,,185.0,1.0,MEDIUM,22.0,True,,6002.425,13.0,24,False,False,Williams
ALB,23,23.0,145.208,59.217,63.827,22.164,277.0,301.0,268.0,275.0,2.0,HARD,1.0,True,6027.02,,17.0,4,False,False,Williams
ALB,23,24.0,120.292,37.861,58.086,24.345,278.0,278.0,250.0,268.0,2.0,HARD,2.0,True,,,17.0,4,False,False,Williams
ALB,23,25.0,148.665,46.827,76.012,25.826,132.0,270.0,184.0,256.0,2.0,HARD,3.0,True,,,17.0,4,False,False,Williams
ALB,23,26.0,147.78,52.919,64.95,29.911,138.0,152.0,121.0,249.0,2.0,HARD,4.0,True,,,17.0,4,False,False,Williams
ALB,23,27.0,132.369,46.393,60.197,25.779,170.0,171.0,280.0,143.0,2.0,HARD,5.0,True,,,17.0,41,False,False,Williams
ALB,23,28.0,96.86,35.823,42.815,18.222,278.0,321.0,279.0,292.0,2.0,HARD,6.0,True,,,17.0,1,False,True,Williams
ALB,23,29.0,96.092,35.552,42.35,18.19,281.0,330.0,285.0,298.0,2.0,HARD,7.0,True,,,17.0,1,True,True,Williams
ALB,23,30.0,96.762,36.217,42.383,18.162,277.0,326.0,284.0,291.0,2.0,HARD,8.0,True,,,17.0,1,False,True,Williams
ALB,23,31.0,95.72,35.422,42.137,18.161,278.0,329.0,284.0,293.0,2.0,HARD,9.0,True,,,17.0,1,True,True,Williams
ALB,23,32.0,95.909,35.605,42.195,18.109,270.0,325.0,284.0,293.0,2.0,HARD,10.0,True,,,17.0,1,False,True,Williams
ALB,23,33.0,95.767,35.463,42.33,17.974,269.0,323.0,277.0,292.0,2.0,HARD,11.0,True,,,17.0,1,False,True,Williams
ALB,23,34.0,95.598,35.411,42.141,18.046,276.0,317.0,282.0,288.0,2.0,HARD,12.0,True,,,17.0,1,True,True,Williams
ALB,23,35.0,95.207,34.992,42.196,18.019,273.0,316.0,283.0,287.0,2.0,HARD,13.0,True,,,17.0,1,True,True,Williams
ALB,23,36.0,95.138,35.008,42.054,18.076,277.0,319.0,283.0,286.0,2.0,HARD,14.0,True,,,17.0,1,True,True,Williams
ALB,23,37.0,95.464,35.158,42.131,18.175,273.0,319.0,282.0,288.0,2.0,HARD,15.0,True,,,17.0,1,False,True,Williams
ALB,23,38.0,95.086,34.896,42.013,18.177,277.0,315.0,282.0,286.0,2.0,HARD,16.0,True,,,17.0,1,True,True,Williams
ALB,23,39.0,95.036,34.822,42.103,18.111,278.0,315.0,282.0,286.0,2.0,HARD,17.0,True,,,17.0,1,True,True,Williams
ALB,23,40.0,94.969,34.929,41.929,18.111,279.0,316.0,282.0,285.0,2.0,HARD,18.0,True,,,17.0,1,True,True,Williams
ALB,23,41.0,94.973,34.936,41.845,18.192,280.0,318.0,281.0,287.0,2.0,HARD,19.0,True,,,17.0,1,False,True,Williams
ALB,23,42.0,95.7,35.227,42.229,18.244,278.0,312.0,282.0,283.0,2.0,HARD,20.0,True,,,17.0,1,False,True,Williams
ALB,23,43.0,95.195,35.07,41.994,18.131,280.0,315.0,282.0,283.0,2.0,HARD,21.0,True,,,17.0,1,False,True,Williams
ALB,23,44.0,95.263,34.97,42.028,18.265,280.0,312.0,281.0,281.0,2.0,HARD,22.0,True,,,17.0,1,False,True,Williams
ALB,23,45.0,97.604,35.167,41.922,20.515,280.0,313.0,,282.0,2.0,HARD,23.0,True,,8419.074,17.0,1,False,False,Williams
ALB,23,46.0,116.651,54.718,41.642,20.291,278.0,312.0,,280.0,3.0,SOFT,1.0,True,8442.087,8535.709,18.0,1,False,False,Williams
ALB,23,47.0,117.5,55.384,41.689,20.427,262.0,313.0,,280.0,4.0,SOFT,2.0,False,8559.712,8653.359,19.0,1,False,False,Williams
ALB,23,48.0,119.619,57.76,41.527,20.332,267.0,311.0,,278.0,5.0,SOFT,3.0,False,8679.312,8772.839,20.0,1,False,False,Williams
ALB,23,49.0,127.219,64.956,41.86,20.403,268.0,310.0,,277.0,6.0,SOFT,4.0,False,8805.557,8900.148,20.0,1,False,False,Williams
ALB,23,50.0,118.65,57.605,41.428,19.617,280.0,327.0,283.0,286.0,7.0,MEDIUM,1.0,True,8924.321,,20.0,1,False,False,Williams
ALB,23,51.0,93.427,34.368,41.228,17.831,262.0,319.0,283.0,283.0,7.0,MEDIUM,2.0,True,,,20.0,1,True,True,Williams
HUL,27,1.0,106.149,,44.711,18.748,274.0,330.0,251.0,284.0,1.0,MEDIUM,1.0,True,,,19.0,1,False,False,Audi
HUL,27,2.0,98.019,36.377,43.395,18.247,265.0,314.0,277.0,290.0,1.0,MEDIUM,2.0,True,,,19.0,1,True,True,Audi
HUL,27,3.0,96.53,35.342,43.085,18.103,263.0,322.0,275.0,290.0,1.0,MEDIUM,3.0,True,,,18.0,1,True,True,Audi
HUL,27,4.0,96.632,35.458,42.956,18.218,260.0,329.0,280.0,296.0,1.0,MEDIUM,4.0,True,,,17.0,1,False,True,Audi
HUL,27,5.0,96.858,35.878,42.815,18.165,265.0,324.0,279.0,294.0,1.0,MEDIUM,5.0,True,,,17.0,1,False,True,Audi
HUL,27,6.0,97.522,35.81,43.183,18.529,260.0,326.0,281.0,294.0,1.0,MEDIUM,6.0,True,,,17.0,1,False,True,Audi
HUL,27,7.0,97.424,35.921,43.264,18.239,259.0,321.0,280.0,291.0,1.0,MEDIUM,7.0,True,,,17.0,1,False,True,Audi
HUL,27,8.0,97.149,35.857,43.083,18.209,261.0,318.0,280.0,290.0,1.0,MEDIUM,8.0,True,,,17.0,1,False,True,Audi
HUL,27,9.0,96.695,35.547,42.961,18.187,259.0,318.0,280.0,290.0,1.0,MEDIUM,9.0,True,,,17.0,1,False,True,Audi
HUL,27,10.0,96.943,35.919,42.869,18.155,258.0,314.0,277.0,288.0,1.0,MEDIUM,10.0,True,,,17.0,1,False,True,Audi
HUL,27,11.0,96.387,35.53,42.718,18.139,260.0,318.0,282.0,289.0,1.0,MEDIUM,11.0,True,,,17.0,1,True,True,Audi
HUL,27,12.0,97.397,35.449,43.604,18.344,291.0,306.0,268.0,286.0,1.0,MEDIUM,12.0,True,,,17.0,1,False,True,Audi
HUL,27,13.0,96.972,35.919,42.797,18.256,257.0,315.0,276.0,288.0,1.0,MEDIUM,13.0,True,,,17.0,1,False,True,Audi
HUL,27,14.0,96.49,35.422,42.945,18.123,271.0,317.0,282.0,289.0,1.0,MEDIUM,14.0,True,,,17.0,1,False,True,Audi
HUL,27,15.0,95.778,34.972,42.559,18.247,259.0,311.0,277.0,285.0,1.0,MEDIUM,15.0,True,,,16.0,1,True,True,Audi
HUL,27,16.0,96.277,35.508,42.688,18.081,256.0,319.0,277.0,287.0,1.0,MEDIUM,16.0,True,,,15.0,1,False,True,Audi
HUL,27,17.0,96.171,35.354,42.76,18.057,259.0,323.0,279.0,286.0,1.0,MEDIUM,17.0,True,,,15.0,1,False,True,Audi
HUL,27,18.0,96.037,35.423,42.448,18.166,258.0,325.0,279.0,289.0,1.0,MEDIUM,18.0,True,,,14.0,1,False,True,Audi
HUL,27,19.0,95.575,35.308,42.305,17.962,261.0,329.0,280.0,292.0,1.0,MEDIUM,19.0,True,,,13.0,1,True,True,Audi
HUL,27,20.0,95.655,35.318,42.304,18.033,268.0,327.0,283.0,292.0,1.0,MEDIUM,20.0,True,,,11.0,1,False,True,Audi
HUL,27,21.0,95.944,35.319,42.622,18.003,266.0,325.0,281.0,292.0,1.0,MEDIUM,21.0,True,,,11.0,12,False,True,Audi
HUL,27,22.0,124.599,42.684,57.513,24.402,248.0,204.0,202.0,215.0,1.0,MEDIUM,22.0,True,,,9.0,24,False,False,Audi
HUL,27,23.0,129.419,44.305,57.94,27.174,217.0,214.0,,209.0,1.0,MEDIUM,23.0,True,,6116.158,9.0,4,False,False,Audi
HUL,27,24.0,144.563,60.006,59.978,24.579,280.0,201.0,244.0,259.0,2.0,HARD,1.0,True,6140.192,,12.0,4,False,False,Audi
HUL,27,25.0,,48.372,74.454,27.625,135.0,232.0,172.0,169.0,2.0,HARD,2.0,True,,,12.0,4,False,False,Audi
HUL,27,26.0,147.547,53.085,65.462,29.0,180.0,215.0,137.0,247.0,2.0,HARD,3.0,True,,,12.0,4,False,False,Audi
HUL,27,27.0,135.697,46.38,61.945,27.372,236.0,152.0,278.0,160.0,2.0,HARD,4.0,True,,,12.0,41,False,False,Audi
HUL,27,28.0,96.375,35.452,42.571,18.352,261.0,338.0,284.0,292.0,2.0,HARD,5.0,True,,,12.0,1,False,True,Audi
HUL,27,29.0,96.82,35.128,42.728,18.964,297.0,332.0,269.0,287.0,2.0,HARD,6.0,True,,,13.0,1,False,True,Audi
HUL,27,30.0,96.242,36.353,42.063,17.826,265.0,329.0,284.0,295.0,2.0,HARD,7.0,True,,,14.0,1,False,True,Audi
HUL,27,31.0,94.637,34.783,41.951,17.903,260.0,330.0,284.0,294.0,2.0,HARD,8.0,True,,,13.0,1,True,True,Audi
HUL,27,32.0,94.905,34.861,42.073,17.971,266.0,330.0,284.0,295.0,2.0,HARD,9.0,True,,,13.0,1,False,True,Audi
HUL,27,33.0,94.82,34.925,41.982,17.913,268.0,328.0,283.0,294.0,2.0,HARD,10.0,True,,,13.0,1,False,True,Audi
HUL,27,34.0,95.027,35.006,42.061,17.96,266.0,329.0,284.0,294.0,2.0,HARD,11.0,True,,,13.0,1,False,True,Audi
HUL,27,35.0,95.547,35.07,42.2,18.277,266.0,331.0,284.0,296.0,2.0,HARD,12.0,True,,,13.0,1,False,True,Audi
HUL,27,36.0,95.386,35.193,42.064,18.129,264.0,327.0,285.0,290.0,2.0,HARD,13.0,True,,,13.0,1,False,True,Audi
HUL,27,37.0,95.018,35.057,41.944,18.017,265.0,329.0,282.0,295.0,2.0,HARD,14.0,True,,,13.0,1,False,True,Audi
HUL,27,38.0,94.831,34.717,41.852,18.262,270.0,324.0,282.0,295.0,2.0,HARD,15.0,True,,,12.0,1,False,True,Audi
HUL,27,39.0,94.222,34.446,41.704,18.072,259.0,320.0,280.0,287.0,2.0,HARD,16.0,True,,,12.0,1,True,True,Audi
HUL,27,40.0,94.132,34.639,41.566,17.927,261.0,320.0,282.0,287.0,2.0,HARD,17.0,True,,,12.0,1,True,True,Audi
HUL,27,41.0,94.011,34.589,41.571,17.851,262.0,329.0,283.0,292.0,2.0,HARD,18.0,True,,,12.0,1,True,True,Audi
HUL,27,42.0,94.212,34.694,41.708,17.81,262.0,331.0,283.0,293.0,2.0,HARD,19.0,True,,,12.0,1,False,True,Audi
HUL,27,43.0,94.168,34.614,41.645,17.909,261.0,334.0,286.0,298.0,2.0,HARD,20.0,True,,,12.0,1,False,True,Audi
HUL,27,44.0,94.426,34.621,41.787,18.018,266.0,327.0,283.0,308.0,2.0,HARD,21.0,True,,,12.0,1,False,True,Audi
HUL,27,45.0,95.678,35.015,41.688,18.975,265.0,301.0,278.0,280.0,2.0,HARD,22.0,True,,,12.0,1,False,True,Audi
HUL,27,46.0,96.379,36.004,42.339,18.036,266.0,317.0,285.0,289.0,2.0,HARD,23.0,True,,,12.0,1,False,True,Audi
HUL,27,47.0,93.732,33.84,41.717,18.175,262.0,315.0,281.0,281.0,2.0,HARD,24.0,True,,,11.0,1,True,True,Audi
HUL,27,48.0,94.137,34.615,41.62,17.902,261.0,324.0,282.0,286.0,2.0,HARD,25.0,True,,,11.0,1,False,True,Audi
HUL,27,49.0,94.171,34.68,41.614,17.877,262.0,327.0,282.0,288.0,2.0,HARD,26.0,True,,,11.0,1,False,True,Audi
HUL,27,50.0,94.177,34.538,41.7,17.939,263.0,327.0,284.0,288.0,2.0,HARD,27.0,True,,,11.0,1,False,True,Audi
HUL,27,51.0,94.101,34.521,41.677,17.903,262.0,327.0,283.0,289.0,2.0,HARD,28.0,True,,,11.0,1,False,True,Audi
HUL,27,52.0,93.853,34.555,41.508,17.79,260.0,329.0,284.0,291.0,2.0,HARD,29.0,True,,,11.0,1,False,True,Audi
HUL,27,53.0,93.796,34.583,41.535,17.678,261.0,330.0,282.0,296.0,2.0,HARD,30.0,True,,,11.0,1,False,True,Audi
VER,3,1.0,101.273,,43.038,18.111,257.0,325.0,274.0,289.0,1.0,MEDIUM,1.0,True,,,10.0,1,False,False,Red Bull Racing
VER,3,2.0,96.628,35.473,42.663,18.492,261.0,325.0,261.0,287.0,1.0,MEDIUM,2.0,True,,,9.0,1,True,True,Red Bull Racing
VER,3,3.0,95.854,35.305,42.498,18.051,262.0,322.0,278.0,286.0,1.0,MEDIUM,3.0,True,,,9.0,1,True,True,Red Bull Racing
VER,3,4.0,95.867,35.056,42.81,18.001,268.0,325.0,280.0,287.0,1.0,MEDIUM,4.0,True,,,9.0,1,False,True,Red Bull Racing
VER,3,5.0,96.922,35.458,42.643,18.821,261.0,293.0,261.0,272.0,1.0,MEDIUM,5.0,True,,,8.0,1,False,True,Red Bull Racing
VER,3,6.0,96.551,35.563,42.653,18.335,258.0,313.0,269.0,278.0,1.0,MEDIUM,6.0,True,,,8.0,1,False,True,Red Bull Racing
VER,3,7.0,96.067,35.268,42.598,18.201,261.0,314.0,274.0,280.0,1.0,MEDIUM,7.0,True,,,8.0,1,False,True,Red Bull Racing
VER,3,8.0,95.725,35.14,42.393,18.192,264.0,313.0,273.0,277.0,1.0,MEDIUM,8.0,True,,,8.0,1,True,True,Red Bull Racing
VER,3,9.0,95.848,35.198,42.48,18.17,262.0,314.0,276.0,278.0,1.0,MEDIUM,9.0,True,,,8.0,1,False,True,Red Bull Racing
VER,3,10.0,95.727,35.185,42.363,18.179,264.0,314.0,277.0,278.0,1.0,MEDIUM,10.0,True,,,8.0,1,False,True,Red Bull Racing
VER,3,11.0,95.63,35.108,42.365,18.157,264.0,315.0,277.0,279.0,1.0,MEDIUM,11.0,True,,,8.0,1,True,True,Red Bull Racing
VER,3,12.0,95.699,35.114,42.493,18.092,263.0,318.0,277.0,281.0,1.0,MEDIUM,12.0,True,,,8.0,1,False,True,Red Bull Racing
VER,3,13.0,95.755,35.148,42.377,18.23,263.0,317.0,277.0,279.0,1.0,MEDIUM,13.0,True,,,8.0,1,False,True,Red Bull Racing
VER,3,14.0,95.773,35.216,42.33,18.227,263.0,317.0,278.0,280.0,1.0,MEDIUM,14.0,True,,,8.0,1,False,True,Red Bull Racing
VER,3,15.0,95.652,35.161,42.323,18.168,266.0,316.0,276.0,280.0,1.0,MEDIUM,15.0,True,,,8.0,1,False,True,Red Bull Racing
VER,3,16.0,95.587,35.182,42.293,18.112,266.0,317.0,277.0,280.0,1.0,MEDIUM,16.0,True,,,8.0,1,True,True,Red Bull Racing
VER,3,17.0,95.535,35.183,42.225,18.127,267.0,317.0,277.0,279.0,1.0,MEDIUM,17.0,True,,,7.0,1,True,True,Red Bull Racing
VER,3,18.0,95.608,35.281,42.174,18.153,263.0,319.0,278.0,279.0,1.0,MEDIUM,18.0,True,,,6.0,1,False,True,Red Bull Racing
VER,3,19.0,95.587,35.158,42.259,18.17,264.0,318.0,277.0,281.0,1.0,MEDIUM,19.0,True,,,5.0,1,False,True,Red Bull Racing
VER,3,20.0,95.6,35.168,42.207,18.225,266.0,319.0,278.0,281.0,1.0,MEDIUM,20.0,True,,,5.0,1,False,True,Red Bull Racing
VER,3,21.0,96.124,35.756,42.291,18.077,266.0,324.0,279.0,286.0,1.0,MEDIUM,21.0,True,,,6.0,1,False,True,Red Bull Racing
VER,3,22.0,121.756,38.435,58.973,24.348,177.0,292.0,,239.0,1.0,MEDIUM,22.0,True,,5964.38,6.0,124,False,False,Red Bull Racing
VER,3,23.0,145.562,63.647,58.232,23.683,236.0,252.0,238.0,253.0,2.0,HARD,1.0,True,5988.789,,8.0,4,False,False,Red Bull Racing
VER,3,24.0,146.013,48.199,73.008,24.806,191.0,247.0,230.0,257.0,2.0,HARD,2.0,True,,,8.0,4,False,False,Red Bull Racing
VER,3,25.0,,50.008,73.46,26.577,155.0,249.0,152.0,145.0,2.0,HARD,3.0,True,,,8.0,4,False,False,Red Bull Racing
VER,3,26.0,147.257,54.122,64.525,28.61,180.0,243.0,202.0,173.0,2.0,HARD,4.0,True,,,8.0,4,False,False,Red Bull Racing
VER,3,27.0,139.224,47.819,63.631,27.774,229.0,138.0,273.0,146.0,2.0,HARD,5.0,True,,,8.0,41,False,False,Red Bull Racing
VER,3,28.0,96.011,35.822,42.075,18.114,258.0,332.0,286.0,293.0,2.0,HARD,6.0,True,,,8.0,1,False,True,Red Bull Racing
VER,3,29.0,94.141,34.434,41.754,17.953,269.0,334.0,272.0,305.0,2.0,HARD,7.0,True,,,8.0,1,True,True,Red Bull Racing
VER,3,30.0,94.752,34.815,41.938,17.999,267.0,335.0,285.0,295.0,2.0,HARD,8.0,True,,,8.0,1,False,True,Red Bull Racing
VER,3,31.0,94.295,34.448,41.837,18.01,268.0,330.0,281.0,290.0,2.0,HARD,9.0,True,,,8.0,1,False,True,Red Bull Racing
VER,3,32.0,94.128,34.441,41.692,17.995,267.0,329.0,281.0,290.0,2.0,HARD,10.0,True,,,8.0,1,True,True,Red Bull Racing
VER,3,33.0,93.925,34.545,41.563,17.817,269.0,331.0,284.0,291.0,2.0,HARD,11.0,True,,,8.0,1,True,True,Red Bull Racing
VER,3,34.0,93.841,34.33,41.606,17.905,268.0,332.0,282.0,293.0,2.0,HARD,12.0,True,,,8.0,1,True,True,Red Bull Racing
VER,3,35.0,93.861,34.372,41.535,17.954,269.0,332.0,284.0,292.0,2.0,HARD,13.0,True,,,8.0,1,False,True,Red Bull Racing
VER,3,36.0,93.97,34.352,41.671,17.947,269.0,332.0,285.0,292.0,2.0,HARD,14.0,True,,,8.0,1,False,True,Red Bull Racing
VER,3,37.0,93.852,34.399,41.527,17.926,269.0,332.0,284.0,292.0,2.0,HARD,15.0,True,,,8.0,1,False,True,Red Bull Racing
VER,3,38.0,94.052,34.373,41.678,18.001,270.0,333.0,285.0,292.0,2.0,HARD,16.0,True,,,8.0,1,False,True,Red Bull Racing
VER,3,39.0,94.139,34.307,41.796,18.036,269.0,318.0,284.0,284.0,2.0,HARD,17.0,True,,,8.0,1,False,True,Red Bull Racing
VER,3,40.0,93.988,34.119,41.737,18.132,269.0,311.0,284.0,281.0,2.0,HARD,18.0,True,,,8.0,1,False,True,Red Bull Racing
VER,3,41.0,93.552,34.037,41.637,17.878,269.0,327.0,282.0,289.0,2.0,HARD,19.0,True,,,8.0,1,True,True,Red Bull Racing
VER,3,42.0,93.706,34.322,41.537,17.847,267.0,328.0,283.0,288.0,2.0,HARD,20.0,True,,,8.0,1,False,True,Red Bull Racing
VER,3,43.0,94.147,34.453,41.674,18.02,269.0,332.0,283.0,290.0,2.0,HARD,21.0,True,,,8.0,1,False,True,Red Bull Racing
VER,3,44.0,94.215,34.38,41.583,18.252,270.0,334.0,283.0,293.0,2.0,HARD,22.0,True,,,8.0,1,False,True,Red Bull Racing
VER,3,45.0,94.346,34.581,41.61,18.155,271.0,332.0,283.0,290.0,2.0,HARD,23.0,True,,,8.0,1,False,True,Red Bull Racing
VER,3,46.0,93.911,34.288,41.644,17.979,271.0,331.0,284.0,290.0,2.0,HARD,24.0,True,,,8.0,1,False,True,Red Bull Racing
VER,3,47.0,93.886,34.46,41.453,17.973,269.0,332.0,285.0,291.0,2.0,HARD,25.0,True,,,8.0,1,False,True,Red Bull Racing
VER,3,48.0,93.704,34.278,41.474,17.952,271.0,346.0,269.0,298.0,2.0,HARD,26.0,True,,,7.0,1,False,True,Red Bull Racing
VER,3,49.0,95.043,35.253,41.84,17.95,268.0,328.0,283.0,288.0,2.0,HARD,27.0,True,,,8.0,1,False,True,Red Bull Racing
VER,3,50.0,93.921,34.453,41.502,17.966,269.0,329.0,284.0,290.0,2.0,HARD,28.0,True,,,8.0,1,False,True,Red Bull Racing
VER,3,51.0,93.845,34.374,41.584,17.887,271.0,332.0,286.0,291.0,2.0,HARD,29.0,True,,,8.0,1,False,True,Red Bull Racing
VER,3,52.0,93.973,34.319,41.472,18.182,273.0,334.0,286.0,292.0,2.0,HARD,30.0,True,,,8.0,1,False,True,Red Bull Racing
VER,3,53.0,94.007,34.43,41.581,17.996,271.0,344.0,273.0,300.0,2.0,HARD,31.0,True,,,8.0,1,False,True,Red Bull Racing
LAW,30,1.0,102.498,,43.518,18.242,270.0,334.0,277.0,294.0,1.0,MEDIUM,1.0,True,,,12.0,1,False,False,Racing Bulls
LAW,30,2.0,97.029,35.662,43.287,18.08,263.0,331.0,280.0,289.0,1.0,MEDIUM,2.0,True,,,12.0,1,True,True,Racing Bulls
LAW,30,3.0,97.03,35.782,43.152,18.096,266.0,329.0,277.0,292.0,1.0,MEDIUM,3.0,True,,,12.0,1,False,True,Racing Bulls
LAW,30,4.0,96.522,35.415,42.828,18.279,266.0,328.0,277.0,290.0,1.0,MEDIUM,4.0,True,,,12.0,1,True,True,Racing Bulls
LAW,30,5.0,96.38,35.306,42.817,18.257,263.0,323.0,276.0,289.0,1.0,MEDIUM,5.0,True,,,12.0,1,True,True,Racing Bulls
LAW,30,6.0,97.206,35.93,43.046,18.23,262.0,323.0,278.0,289.0,1.0,MEDIUM,6.0,True,,,12.0,1,False,True,Racing Bulls
LAW,30,7.0,96.572,35.518,42.804,18.25,262.0,325.0,276.0,288.0,1.0,MEDIUM,7.0,True,,,12.0,1,False,True,Racing Bulls
LAW,30,8.0,96.432,35.432,42.745,18.255,266.0,323.0,277.0,287.0,1.0,MEDIUM,8.0,True,,,12.0,1,False,True,Racing Bulls
LAW,30,9.0,96.629,35.473,42.876,18.28,262.0,322.0,277.0,285.0,1.0,MEDIUM,9.0,True,,,12.0,1,False,True,Racing Bulls
LAW,30,10.0,96.618,35.498,42.823,18.297,265.0,321.0,275.0,285.0,1.0,MEDIUM,10.0,True,,,12.0,1,False,True,Racing Bulls
LAW,30,11.0,96.55,35.683,42.706,18.161,266.0,322.0,279.0,287.0,1.0,MEDIUM,11.0,True,,,12.0,1,False,True,Racing Bulls
LAW,30,12.0,97.258,35.79,43.118,18.35,262.0,327.0,280.0,290.0,1.0,MEDIUM,12.0,True,,,12.0,1,False,True,Racing Bulls
LAW,30,13.0,97.049,36.312,42.621,18.116,265.0,328.0,280.0,290.0,1.0,MEDIUM,13.0,True,,,12.0,1,False,True,Racing Bulls
LAW,30,14.0,97.013,,42.781,18.278,265.0,325.0,276.0,288.0,1.0,MEDIUM,14.0,True,,,12.0,1,False,False,Racing Bulls
LAW,30,15.0,96.726,35.735,42.811,18.18,267.0,322.0,278.0,287.0,1.0,MEDIUM,15.0,True,,,12.0,1,False,True,Racing Bulls
LAW,30,16.0,96.822,35.828,42.818,18.176,266.0,325.0,288.0,289.0,1.0,MEDIUM,16.0,True,,,12.0,1,False,True,Racing Bulls
LAW,30,17.0,96.72,35.843,42.716,18.161,267.0,326.0,280.0,288.0,1.0,MEDIUM,17.0,True,,,12.0,1,False,True,Racing Bulls
LAW,30,18.0,96.604,35.879,42.537,18.188,267.0,328.0,280.0,289.0,1.0,MEDIUM,18.0,True,,,11.0,1,False,True,Racing Bulls
LAW,30,19.0,96.716,35.815,42.626,18.275,265.0,320.0,277.0,285.0,1.0,MEDIUM,19.0,True,,,11.0,1,False,True,Racing Bulls
LAW,30,20.0,96.442,35.66,42.435,18.347,265.0,317.0,278.0,280.0,1.0,MEDIUM,20.0,True,,,9.0,1,False,True,Racing Bulls
LAW,30,21.0,96.18,35.509,42.408,18.263,265.0,317.0,277.0,280.0,1.0,MEDIUM,21.0,True,,,9.0,12,True,True,Racing Bulls
LAW,30,22.0,126.314,41.836,58.157,26.321,230.0,243.0,,224.0,1.0,MEDIUM,22.0,True,,5986.87,10.0,24,False,False,Racing Bulls
LAW,30,23.0,144.976,63.403,59.478,22.095,249.0,252.0,225.0,253.0,2.0,HARD,1.0,True,6011.137,,10.0,4,False,False,Racing Bulls
LAW,30,24.0,125.496,38.812,60.958,25.726,247.0,294.0,220.0,230.0,2.0,HARD,2.0,True,,,9.0,4,False,False,Racing Bulls
LAW,30,25.0,,49.682,72.857,27.694,138.0,274.0,192.0,129.0,2.0,HARD,3.0,True,,,9.0,4,False,False,Racing Bulls
LAW,30,26.0,147.096,53.98,64.82,28.296,134.0,237.0,189.0,189.0,2.0,HARD,4.0,True,,,9.0,4,False,False,Racing Bulls
LAW,30,27.0,138.047,47.777,62.67,27.6,220.0,146.0,279.0,139.0,2.0,HARD,5.0,True,,,9.0,41,False,False,Racing Bulls
LAW,30,28.0,96.376,35.951,42.587,17.838,267.0,332.0,283.0,293.0,2.0,HARD,6.0,True,,,9.0,1,False,True,Racing Bulls
LAW,30,29.0,94.925,34.933,42.068,17.924,269.0,327.0,284.0,288.0,2.0,HARD,7.0,True,,,9.0,1,True,True,Racing Bulls
LAW,30,30.0,94.86,34.844,42.041,17.975,268.0,325.0,281.0,287.0,2.0,HARD,8.0,True,,,9.0,1,True,True,Racing Bulls
LAW,30,31.0,94.716,34.75,41.936,18.03,267.0,322.0,281.0,286.0,2.0,HARD,9.0,True,,,9.0,1,True,True,Racing Bulls
LAW,30,32.0,94.647,34.705,41.903,18.039,271.0,323.0,281.0,285.0,2.0,HARD,10.0,True,,,9.0,1,True,True,Racing Bulls
LAW,30,33.0,94.773,34.796,41.974,18.003,267.0,325.0,281.0,287.0,2.0,HARD,11.0,True,,,9.0,1,False,True,Racing Bulls
LAW,30,34.0,94.85,34.755,42.038,18.057,268.0,321.0,280.0,284.0,2.0,HARD,12.0,True,,,9.0,1,False,True,Racing Bulls
LAW,30,35.0,94.999,34.732,41.99,18.277,268.0,319.0,281.0,283.0,2.0,HARD,13.0,True,,,9.0,1,False,True,Racing Bulls
LAW,30,36.0,94.581,34.706,41.784,18.091,270.0,320.0,281.0,282.0,2.0,HARD,14.0,True,,,9.0,1,True,True,Racing Bulls
LAW,30,37.0,94.938,34.715,41.969,18.254,270.0,321.0,283.0,283.0,2.0,HARD,15.0,True,,,9.0,1,False,True,Racing Bulls
LAW,30,38.0,94.436,34.593,41.826,18.017,270.0,320.0,281.0,283.0,2.0,HARD,16.0,True,,,9.0,1,True,True,Racing Bulls
LAW,30,39.0,94.526,34.592,41.87,18.064,270.0,319.0,281.0,283.0,2.0,HARD,17.0,True,,,9.0,1,False,True,Racing Bulls
LAW,30,40.0,94.879,34.759,41.921,18.199,270.0,320.0,281.0,282.0,2.0,HARD,18.0,True,,,9.0,1,False,True,Racing Bulls
LAW,30,41.0,94.796,34.761,41.874,18.161,270.0,321.0,280.0,283.0,2.0,HARD,19.0,True,,,9.0,1,False,True,Racing Bulls
LAW,30,42.0,94.926,34.833,41.941,18.152,269.0,319.0,283.0,281.0,2.0,HARD,20.0,True,,,9.0,1,False,True,Racing Bulls
LAW,30,43.0,94.87,34.826,41.847,18.197,270.0,320.0,282.0,281.0,2.0,HARD,21.0,True,,,9.0,1,False,True,Racing Bulls
LAW,30,44.0,94.882,34.966,41.779,18.137,270.0,319.0,281.0,282.0,2.0,HARD,22.0,True,,,9.0,1,False,True,Racing Bulls
LAW,30,45.0,94.794,34.847,41.817,18.13,270.0,318.0,291.0,280.0,2.0,HARD,23.0,True,,,9.0,1,False,True,Racing Bulls
LAW,30,46.0,94.827,34.835,41.832,18.16,271.0,319.0,281.0,281.0,2.0,HARD,24.0,True,,,9.0,1,False,True,Racing Bulls
LAW,30,47.0,94.955,34.978,41.895,18.082,269.0,319.0,282.0,281.0,2.0,HARD,25.0,True,,,9.0,1,False,True,Racing Bulls
LAW,30,48.0,94.668,34.762,41.778,18.128,269.0,319.0,281.0,281.0,2.0,HARD,26.0,True,,,9.0,1,False,True,Racing Bulls
LAW,30,49.0,94.701,34.886,41.726,18.089,271.0,319.0,283.0,281.0,2.0,HARD,27.0,True,,,9.0,1,False,True,Racing Bulls
LAW,30,50.0,94.634,34.864,41.727,18.043,271.0,318.0,283.0,281.0,2.0,HARD,28.0,True,,,9.0,1,False,True,Racing Bulls
LAW,30,51.0,94.341,34.717,41.585,18.039,272.0,320.0,282.0,281.0,2.0,HARD,29.0,True,,,9.0,1,True,True,Racing Bulls
LAW,30,52.0,94.295,34.761,41.545,17.989,273.0,320.0,284.0,282.0,2.0,HARD,30.0,True,,,9.0,1,True,True,Racing Bulls
LAW,30,53.0,94.23,34.632,41.733,17.865,271.0,326.0,283.0,289.0,2.0,HARD,31.0,True,,,9.0,1,True,True,Racing Bulls
OCO,31,1.0,101.913,,43.267,18.305,255.0,332.0,280.0,291.0,1.0,MEDIUM,1.0,True,,,11.0,1,False,False,Haas F1 Team
OCO,31,2.0,96.654,35.386,42.561,18.707,259.0,338.0,276.0,282.0,1.0,MEDIUM,2.0,True,,,11.0,1,True,True,Haas F1 Team
OCO,31,3.0,96.094,35.745,42.33,18.019,255.0,334.0,277.0,293.0,1.0,MEDIUM,3.0,True,,,10.0,1,True,True,Haas F1 Team
OCO,31,4.0,95.956,35.434,42.395,18.127,256.0,332.0,276.0,292.0,1.0,MEDIUM,4.0,True,,,10.0,1,True,True,Haas F1 Team
OCO,31,5.0,96.746,35.492,42.449,18.805,257.0,333.0,278.0,284.0,1.0,MEDIUM,5.0,True,,,10.0,1,False,True,Haas F1 Team
OCO,31,6.0,96.55,35.711,42.569,18.27,258.0,325.0,276.0,288.0,1.0,MEDIUM,6.0,True,,,9.0,1,False,True,Haas F1 Team
OCO,31,7.0,96.288,35.524,42.604,18.16,260.0,325.0,274.0,288.0,1.0,MEDIUM,7.0,True,,,9.0,1,False,True,Haas F1 Team
OCO,31,8.0,95.822,35.434,42.322,18.066,259.0,327.0,276.0,287.0,1.0,MEDIUM,8.0,True,,,9.0,1,True,True,Haas F1 Team
OCO,31,9.0,96.357,35.423,42.669,18.265,254.0,316.0,276.0,282.0,1.0,MEDIUM,9.0,True,,,9.0,1,False,True,Haas F1 Team
OCO,31,10.0,96.43,35.578,42.565,18.287,252.0,315.0,276.0,280.0,1.0,MEDIUM,10.0,True,,,9.0,1,False,True,Haas F1 Team
OCO,31,11.0,96.476,35.581,42.633,18.262,257.0,313.0,276.0,279.0,1.0,MEDIUM,11.0,True,,,9.0,1,False,True,Haas F1 Team
OCO,31,12.0,96.593,35.653,42.664,18.276,253.0,313.0,274.0,280.0,1.0,MEDIUM,12.0,True,,,9.0,1,False,True,Haas F1 Team
OCO,31,13.0,96.759,35.759,42.592,18.408,257.0,312.0,274.0,278.0,1.0,MEDIUM,13.0,True,,,9.0,1,False,True,Haas F1 Team
OCO,31,14.0,96.706,35.739,42.639,18.328,258.0,312.0,275.0,277.0,1.0,MEDIUM,14.0,True,,,9.0,1,False,True,Haas F1 Team
OCO,31,15.0,96.608,35.693,42.586,18.329,256.0,311.0,275.0,277.0,1.0,MEDIUM,15.0,True,,,9.0,1,False,True,Haas F1 Team
OCO,31,16.0,96.779,35.75,42.699,18.33,257.0,311.0,276.0,277.0,1.0,MEDIUM,16.0,True,,,9.0,1,False,True,Haas F1 Team
OCO,31,17.0,97.457,35.687,42.719,19.051,256.0,311.0,275.0,274.0,1.0,MEDIUM,17.0,True,,,9.0,1,False,True,Haas F1 Team
OCO,31,18.0,96.456,35.804,42.384,18.268,258.0,332.0,277.0,289.0,1.0,MEDIUM,18.0,True,,,9.0,1,False,True,Haas F1 Team
OCO,31,19.0,98.899,35.524,42.361,21.014,253.0,320.0,,282.0,1.0,MEDIUM,19.0,True,,5665.165,9.0,1,False,False,Haas F1 Team
OCO,31,20.0,116.919,56.587,41.917,18.415,264.0,318.0,280.0,271.0,2.0,HARD,1.0,True,5689.729,,14.0,1,False,False,Haas F1 Team
OCO,31,21.0,99.072,34.854,42.212,22.006,258.0,313.0,102.0,278.0,2.0,HARD,2.0,True,,,14.0,124,False,False,Haas F1 Team
OCO,31,22.0,125.682,49.401,53.717,22.564,265.0,197.0,258.0,251.0,2.0,HARD,3.0,True,,,14.0,4,False,False,Haas F1 Team
OCO,31,23.0,127.988,45.337,59.938,22.713,232.0,255.0,258.0,240.0,2.0,HARD,4.0,True,,,12.0,4,False,False,Haas F1 Team
OCO,31,24.0,124.437,38.04,62.059,24.338,266.0,250.0,223.0,242.0,2.0,HARD,5.0,True,,,11.0,4,False,False,Haas F1 Team
OCO,31,25.0,,49.613,73.53,27.467,116.0,255.0,212.0,123.0,2.0,HARD,6.0,True,,,11.0,4,False,False,Haas F1 Team
OCO,31,26.0,148.089,53.51,65.081,29.498,142.0,219.0,159.0,225.0,2.0,HARD,7.0,True,,,11.0,4,False,False,Haas F1 Team
OCO,31,27.0,135.872,46.806,61.886,27.18,200.0,138.0,283.0,140.0,2.0,HARD,8.0,True,,,11.0,41,False,False,Haas F1 Team
OCO,31,28.0,96.64,35.637,42.438,18.565,263.0,324.0,284.0,286.0,2.0,HARD,9.0,True,,,11.0,1,False,True,Haas F1 Team
OCO,31,29.0,94.428,34.967,41.652,17.809,257.0,339.0,280.0,295.0,2.0,HARD,10.0,True,,,10.0,1,True,True,Haas F1 Team
OCO,31,30.0,94.872,34.906,42.002,17.964,260.0,332.0,280.0,290.0,2.0,HARD,11.0,True,,,10.0,1,False,True,Haas F1 Team
OCO,31,31.0,94.631,34.816,41.835,17.98,260.0,333.0,281.0,291.0,2.0,HARD,12.0,True,,,10.0,1,False,True,Haas F1 Team
OCO,31,32.0,94.665,34.937,41.793,17.935,259.0,332.0,281.0,290.0,2.0,HARD,13.0,True,,,10.0,1,False,True,Haas F1 Team
OCO,31,33.0,94.697,34.877,41.879,17.941,264.0,330.0,282.0,291.0,2.0,HARD,14.0,True,,,10.0,1,False,True,Haas F1 Team
OCO,31,34.0,94.773,34.848,41.837,18.088,261.0,334.0,281.0,293.0,2.0,HARD,15.0,True,,,10.0,1,False,True,Haas F1 Team
OCO,31,35.0,94.881,34.875,41.765,18.241,260.0,333.0,282.0,290.0,2.0,HARD,16.0,True,,,10.0,1,False,True,Haas F1 Team
OCO,31,36.0,94.717,35.01,41.69,18.017,261.0,332.0,282.0,290.0,2.0,HARD,17.0,True,,,10.0,1,False,True,Haas F1 Team
OCO,31,37.0,94.858,34.796,41.713,18.349,261.0,333.0,271.0,299.0,2.0,HARD,18.0,True,,,10.0,1,False,True,Haas F1 Team
OCO,31,38.0,94.878,35.085,41.782,18.011,260.0,328.0,279.0,287.0,2.0,HARD,19.0,True,,,10.0,1,False,True,Haas F1 Team
OCO,31,39.0,94.348,34.724,41.705,17.919,262.0,331.0,281.0,290.0,2.0,HARD,20.0,True,,,10.0,1,True,True,Haas F1 Team
OCO,31,40.0,94.789,34.907,41.793,18.089,261.0,331.0,281.0,289.0,2.0,HARD,21.0,True,,,10.0,1,False,True,Haas F1 Team
OCO,31,41.0,94.787,34.891,41.848,18.048,263.0,332.0,281.0,290.0,2.0,HARD,22.0,True,,,10.0,1,False,True,Haas F1 Team
OCO,31,42.0,94.903,35.039,41.7,18.164,261.0,333.0,280.0,289.0,2.0,HARD,23.0,True,,,10.0,1,False,True,Haas F1 Team
OCO,31,43.0,94.863,35.056,41.752,18.055,262.0,330.0,281.0,288.0,2.0,HARD,24.0,True,,,10.0,1,False,True,Haas F1 Team
OCO,31,44.0,94.968,35.191,41.683,18.094,262.0,331.0,281.0,289.0,2.0,HARD,25.0,True,,,10.0,1,False,True,Haas F1 Team
OCO,31,45.0,94.967,35.109,41.755,18.103,261.0,330.0,281.0,288.0,2.0,HARD,26.0,True,,,10.0,1,False,True,Haas F1 Team
OCO,31,46.0,94.785,35.019,41.713,18.053,263.0,330.0,281.0,288.0,2.0,HARD,27.0,True,,,10.0,1,False,True,Haas F1 Team
OCO,31,47.0,94.917,35.092,41.752,18.073,263.0,329.0,281.0,288.0,2.0,HARD,28.0,True,,,10.0,1,False,True,Haas F1 Team
OCO,31,48.0,94.692,34.981,41.62,18.091,263.0,330.0,282.0,288.0,2.0,HARD,29.0,True,,,10.0,1,False,True,Haas F1 Team
OCO,31,49.0,94.766,35.057,41.698,18.011,263.0,330.0,281.0,288.0,2.0,HARD,30.0,True,,,10.0,1,False,True,Haas F1 Team
OCO,31,50.0,94.669,34.997,41.675,17.997,264.0,329.0,282.0,287.0,2.0,HARD,31.0,True,,,10.0,1,False,True,Haas F1 Team
OCO,31,51.0,94.389,35.044,41.452,17.893,262.0,332.0,283.0,288.0,2.0,HARD,32.0,True,,,10.0,1,False,True,Haas F1 Team
OCO,31,52.0,94.268,34.846,41.504,17.918,262.0,333.0,284.0,289.0,2.0,HARD,33.0,True,,,10.0,1,True,True,Haas F1 Team
OCO,31,53.0,94.256,34.859,41.56,17.837,263.0,337.0,280.0,292.0,2.0,HARD,34.0,True,,,10.0,1,True,True,Haas F1 Team
LIN,41,1.0,100.66,,43.187,18.012,270.0,335.0,282.0,296.0,1.0,MEDIUM,1.0,True,,,9.0,1,False,False,Racing Bulls
LIN,41,2.0,96.174,35.265,42.825,18.084,265.0,324.0,276.0,287.0,1.0,MEDIUM,2.0,True,,,8.0,1,True,True,Racing Bulls
LIN,41,3.0,96.233,35.347,42.792,18.094,263.0,319.0,277.0,285.0,1.0,MEDIUM,3.0,True,,,8.0,1,False,True,Racing Bulls
LIN,41,4.0,96.039,35.296,42.736,18.007,263.0,323.0,276.0,286.0,1.0,MEDIUM,4.0,True,,,8.0,1,True,True,Racing Bulls
LIN,41,5.0,98.053,35.528,43.293,19.232,264.0,316.0,257.0,277.0,1.0,MEDIUM,5.0,True,,,9.0,1,False,True,Racing Bulls
LIN,41,6.0,97.489,36.77,42.663,18.056,267.0,329.0,281.0,291.0,1.0,MEDIUM,6.0,True,,,10.0,1,False,True,Racing Bulls
LIN,41,7.0,96.39,35.836,42.575,17.979,266.0,330.0,281.0,293.0,1.0,MEDIUM,7.0,True,,,10.0,1,False,True,Racing Bulls
LIN,41,8.0,96.083,35.615,42.431,18.037,269.0,328.0,280.0,291.0,1.0,MEDIUM,8.0,True,,,10.0,1,False,True,Racing Bulls
LIN,41,9.0,96.39,35.568,42.811,18.011,266.0,322.0,279.0,288.0,1.0,MEDIUM,9.0,True,,,10.0,1,False,True,Racing Bulls
LIN,41,10.0,96.491,35.732,42.676,18.083,263.0,321.0,279.0,287.0,1.0,MEDIUM,10.0,True,,,10.0,1,False,True,Racing Bulls
LIN,41,11.0,97.139,36.015,42.75,18.374,265.0,322.0,280.0,287.0,1.0,MEDIUM,11.0,True,,,10.0,1,False,True,Racing Bulls
LIN,41,12.0,98.709,36.17,44.055,18.484,250.0,325.0,281.0,288.0,1.0,MEDIUM,12.0,True,,,10.0,1,False,True,Racing Bulls
LIN,41,13.0,96.242,35.425,42.63,18.187,266.0,318.0,277.0,284.0,1.0,MEDIUM,13.0,True,,,10.0,1,False,True,Racing Bulls
LIN,41,14.0,96.534,35.72,42.676,18.138,266.0,320.0,279.0,285.0,1.0,MEDIUM,14.0,True,,,10.0,1,False,True,Racing Bulls
LIN,41,15.0,97.289,35.76,42.641,18.888,268.0,319.0,278.0,285.0,1.0,MEDIUM,15.0,True,,,10.0,1,False,True,Racing Bulls
LIN,41,16.0,96.823,35.876,42.795,18.152,254.0,316.0,278.0,283.0,1.0,MEDIUM,16.0,True,,,10.0,1,False,True,Racing Bulls
LIN,41,17.0,96.552,35.749,42.723,18.08,269.0,320.0,279.0,284.0,1.0,MEDIUM,17.0,True,,,10.0,1,False,True,Racing Bulls
LIN,41,18.0,99.196,35.797,42.533,20.866,266.0,322.0,,284.0,1.0,MEDIUM,18.0,True,,5571.911,12.0,1,False,False,Racing Bulls
LIN,41,19.0,118.75,58.35,42.327,18.073,267.0,316.0,278.0,279.0,2.0,HARD,1.0,True,5598.045,,16.0,1,False,False,Racing Bulls
LIN,41,20.0,95.464,35.291,42.231,17.942,266.0,321.0,280.0,285.0,2.0,HARD,2.0,True,,,16.0,1,True,True,Racing Bulls
LIN,41,21.0,100.801,34.989,42.281,23.531,268.0,320.0,127.0,285.0,2.0,HARD,3.0,True,,,16.0,124,False,False,Racing Bulls
LIN,41,22.0,126.769,45.829,56.145,24.795,243.0,256.0,219.0,200.0,2.0,HARD,4.0,True,,,16.0,4,False,False,Racing Bulls
LIN,41,23.0,123.701,42.635,59.087,21.979,247.0,252.0,227.0,254.0,2.0,HARD,5.0,True,,,14.0,4,False,False,Racing Bulls
LIN,41,24.0,125.165,40.377,59.903,24.885,257.0,248.0,233.0,255.0,2.0,HARD,6.0,True,,,14.0,4,False,False,Racing Bulls
LIN,41,25.0,,48.754,75.45,26.337,188.0,248.0,150.0,228.0,2.0,HARD,7.0,True,,,14.0,4,False,False,Racing Bulls
LIN,41,26.0,147.33,52.97,65.684,28.676,163.0,159.0,139.0,237.0,2.0,HARD,8.0,True,,,14.0,4,False,False,Racing Bulls
LIN,41,27.0,134.607,46.921,60.601,27.085,204.0,135.0,281.0,151.0,2.0,HARD,9.0,True,,,14.0,41,False,False,Racing Bulls
LIN,41,28.0,96.421,35.618,42.743,18.06,258.0,337.0,286.0,298.0,2.0,HARD,10.0,True,,,14.0,1,False,True,Racing Bulls
LIN,41,29.0,96.405,35.954,42.283,18.168,271.0,332.0,284.0,294.0,2.0,HARD,11.0,True,,,14.0,1,False,True,Racing Bulls
LIN,41,30.0,95.724,35.576,41.947,18.201,269.0,332.0,279.0,292.0,2.0,HARD,12.0,True,,,13.0,1,False,True,Racing Bulls
LIN,41,31.0,95.962,35.809,42.126,18.027,271.0,331.0,282.0,291.0,2.0,HARD,13.0,True,,,14.0,1,False,True,Racing Bulls
LIN,41,32.0,95.137,35.129,41.998,18.01,269.0,329.0,283.0,290.0,2.0,HARD,14.0,True,,,14.0,1,True,True,Racing Bulls
LIN,41,33.0,95.16,35.082,42.064,18.014,268.0,328.0,281.0,291.0,2.0,HARD,15.0,True,,,14.0,1,False,True,Racing Bulls
LIN,41,34.0,95.225,35.135,42.058,18.032,271.0,327.0,282.0,289.0,2.0,HARD,16.0,True,,,14.0,1,False,True,Racing Bulls
LIN,41,35.0,95.402,35.135,42.177,18.09,270.0,325.0,282.0,289.0,2.0,HARD,17.0,True,,,14.0,1,False,True,Racing Bulls
LIN,41,36.0,94.96,35.085,41.897,17.978,270.0,327.0,283.0,288.0,2.0,HARD,18.0,True,,,14.0,1,True,True,Racing Bulls
LIN,41,37.0,94.86,34.979,41.911,17.97,269.0,330.0,283.0,291.0,2.0,HARD,19.0,True,,,14.0,1,True,True,Racing Bulls
LIN,41,38.0,94.723,34.81,41.924,17.989,270.0,329.0,286.0,292.0,2.0,HARD,20.0,True,,,14.0,1,True,True,Racing Bulls
LIN,41,39.0,95.096,35.136,41.882,18.078,269.0,333.0,283.0,294.0,2.0,HARD,21.0,True,,,14.0,1,False,True,Racing Bulls
LIN,41,40.0,94.521,34.906,41.714,17.901,273.0,333.0,284.0,293.0,2.0,HARD,22.0,True,,,14.0,1,True,True,Racing Bulls
LIN,41,41.0,94.853,35.025,41.888,17.94,271.0,328.0,283.0,291.0,2.0,HARD,23.0,True,,,14.0,1,False,True,Racing Bulls
LIN,41,42.0,94.964,35.04,41.929,17.995,270.0,327.0,284.0,289.0,2.0,HARD,24.0,True,,,14.0,1,False,True,Racing Bulls
LIN,41,43.0,94.885,34.963,41.894,18.028,270.0,328.0,285.0,290.0,2.0,HARD,25.0,True,,,14.0,1,False,True,Racing Bulls
LIN,41,44.0,94.769,34.864,41.786,18.119,271.0,330.0,285.0,292.0,2.0,HARD,26.0,True,,,14.0,1,False,True,Racing Bulls
LIN,41,45.0,94.733,34.901,41.829,18.003,272.0,333.0,286.0,293.0,2.0,HARD,27.0,True,,,14.0,1,False,True,Racing Bulls
LIN,41,46.0,94.676,34.943,41.86,17.873,275.0,339.0,286.0,296.0,2.0,HARD,28.0,True,,,14.0,1,False,True,Racing Bulls
LIN,41,47.0,94.716,35.031,41.799,17.886,275.0,336.0,288.0,294.0,2.0,HARD,29.0,True,,,14.0,1,False,True,Racing Bulls
LIN,41,48.0,94.872,34.954,41.968,17.95,274.0,333.0,285.0,292.0,2.0,HARD,30.0,True,,,14.0,1,False,True,Racing Bulls
LIN,41,49.0,95.229,35.134,42.023,18.072,272.0,328.0,283.0,289.0,2.0,HARD,31.0,True,,,14.0,1,False,True,Racing Bulls
LIN,41,50.0,94.845,34.92,41.918,18.007,272.0,328.0,285.0,289.0,2.0,HARD,32.0,True,,,14.0,1,False,True,Racing Bulls
LIN,41,51.0,94.6,34.881,41.792,17.927,272.0,327.0,284.0,289.0,2.0,HARD,33.0,True,,,14.0,1,False,True,Racing Bulls
LIN,41,52.0,94.585,34.959,41.698,17.928,271.0,327.0,285.0,289.0,2.0,HARD,34.0,True,,,14.0,1,False,True,Racing Bulls
LIN,41,53.0,94.314,34.946,41.569,17.799,274.0,332.0,287.0,292.0,2.0,HARD,35.0,True,,,14.0,1,True,True,Racing Bulls
COL,43,1.0,103.16,,43.59,18.238,257.0,340.0,284.0,298.0,1.0,MEDIUM,1.0,True,,,14.0,1,False,False,Alpine
COL,43,2.0,97.218,35.765,43.056,18.397,264.0,331.0,277.0,301.0,1.0,MEDIUM,2.0,True,,,14.0,1,True,True,Alpine
COL,43,3.0,97.204,35.945,42.899,18.36,264.0,328.0,278.0,291.0,1.0,MEDIUM,3.0,True,,,13.0,1,True,True,Alpine
COL,43,4.0,96.549,35.661,42.701,18.187,258.0,326.0,280.0,289.0,1.0,MEDIUM,4.0,True,,,13.0,1,True,True,Alpine
COL,43,5.0,96.568,35.489,42.743,18.336,258.0,321.0,279.0,288.0,1.0,MEDIUM,5.0,True,,,13.0,1,False,True,Alpine
COL,43,6.0,96.907,35.756,42.815,18.336,259.0,324.0,281.0,290.0,1.0,MEDIUM,6.0,True,,,13.0,1,False,True,Alpine
COL,43,7.0,96.509,35.528,42.864,18.117,263.0,325.0,278.0,290.0,1.0,MEDIUM,7.0,True,,,13.0,1,True,True,Alpine
COL,43,8.0,96.428,35.493,42.809,18.126,272.0,332.0,280.0,291.0,1.0,MEDIUM,8.0,True,,,13.0,1,True,True,Alpine
COL,43,9.0,96.572,35.535,42.813,18.224,265.0,324.0,278.0,288.0,1.0,MEDIUM,9.0,True,,,13.0,1,False,True,Alpine
COL,43,10.0,96.649,35.872,42.534,18.243,268.0,324.0,280.0,288.0,1.0,MEDIUM,10.0,True,,,13.0,1,False,True,Alpine
COL,43,11.0,96.675,35.814,42.63,18.231,264.0,324.0,279.0,288.0,1.0,MEDIUM,11.0,True,,,13.0,1,False,True,Alpine
COL,43,12.0,96.922,35.755,42.746,18.421,263.0,330.0,281.0,291.0,1.0,MEDIUM,12.0,True,,,13.0,1,False,True,Alpine
COL,43,13.0,97.357,36.529,42.606,18.222,262.0,329.0,280.0,291.0,1.0,MEDIUM,13.0,True,,,13.0,1,False,True,Alpine
COL,43,14.0,96.909,35.944,42.694,18.271,266.0,328.0,277.0,290.0,1.0,MEDIUM,14.0,True,,,13.0,1,False,True,Alpine
COL,43,15.0,96.841,35.751,42.909,18.181,262.0,322.0,281.0,288.0,1.0,MEDIUM,15.0,True,,,13.0,1,False,True,Alpine
COL,43,16.0,96.702,35.913,42.66,18.129,263.0,333.0,280.0,292.0,1.0,MEDIUM,16.0,True,,,13.0,1,False,True,Alpine
COL,43,17.0,99.258,35.857,42.713,20.688,263.0,333.0,,291.0,1.0,MEDIUM,17.0,True,,5478.164,14.0,1,False,False,Alpine
COL,43,18.0,116.885,55.731,42.861,18.293,273.0,308.0,275.0,273.0,2.0,HARD,1.0,True,5501.672,,17.0,1,False,False,Alpine
COL,43,19.0,96.885,36.229,42.489,18.167,258.0,316.0,283.0,283.0,2.0,HARD,2.0,True,,,17.0,1,False,True,Alpine
COL,43,20.0,95.624,35.278,42.354,17.992,261.0,326.0,283.0,288.0,2.0,HARD,3.0,True,,,17.0,1,True,True,Alpine
COL,43,21.0,103.165,35.03,43.969,24.166,260.0,325.0,152.0,285.0,2.0,HARD,4.0,True,,,17.0,124,False,False,Alpine
COL,43,22.0,126.567,45.289,56.565,24.713,202.0,255.0,252.0,220.0,2.0,HARD,5.0,True,,,17.0,4,False,False,Alpine
COL,43,23.0,124.352,42.385,62.123,19.844,258.0,246.0,230.0,286.0,2.0,HARD,6.0,True,,,16.0,4,False,False,Alpine
COL,43,24.0,123.556,38.766,60.008,24.782,270.0,292.0,231.0,241.0,2.0,HARD,7.0,True,,,16.0,4,False,False,Alpine
COL,43,25.0,,47.963,75.812,26.415,182.0,225.0,155.0,252.0,2.0,HARD,8.0,True,,,16.0,4,False,False,Alpine
COL,43,26.0,147.587,52.654,65.258,29.675,157.0,173.0,141.0,259.0,2.0,HARD,9.0,True,,,16.0,4,False,False,Alpine
COL,43,27.0,133.37,46.779,60.139,26.452,183.0,180.0,279.0,153.0,2.0,HARD,10.0,True,,,16.0,41,False,False,Alpine
COL,43,28.0,96.673,35.926,42.587,18.16,271.0,329.0,284.0,295.0,2.0,HARD,11.0,True,,,16.0,1,False,True,Alpine
COL,43,29.0,96.172,35.587,42.386,18.199,265.0,340.0,287.0,303.0,2.0,HARD,12.0,True,,,16.0,1,False,True,Alpine
COL,43,30.0,96.475,36.17,42.26,18.045,263.0,334.0,286.0,296.0,2.0,HARD,13.0,True,,,16.0,1,False,True,Alpine
COL,43,31.0,95.922,35.415,42.206,18.301,264.0,339.0,285.0,298.0,2.0,HARD,14.0,True,,,16.0,1,False,True,Alpine
COL,43,32.0,95.555,35.28,42.079,18.196,264.0,338.0,287.0,298.0,2.0,HARD,15.0,True,,,16.0,1,True,True,Alpine
COL,43,33.0,95.672,35.322,42.392,17.958,268.0,333.0,283.0,292.0,2.0,HARD,16.0,True,,,16.0,1,False,True,Alpine
COL,43,34.0,94.76,34.992,41.887,17.881,263.0,332.0,284.0,294.0,2.0,HARD,17.0,True,,,16.0,1,True,True,Alpine
COL,43,35.0,95.158,34.962,42.209,17.987,266.0,332.0,284.0,294.0,2.0,HARD,18.0,True,,,16.0,1,False,True,Alpine
COL,43,36.0,95.128,35.074,42.22,17.834,267.0,344.0,284.0,300.0,2.0,HARD,19.0,True,,,16.0,1,False,True,Alpine
COL,43,37.0,94.952,35.119,41.867,17.966,263.0,340.0,282.0,296.0,2.0,HARD,20.0,True,,,16.0,1,False,True,Alpine
COL,43,38.0,95.25,35.214,42.071,17.965,266.0,339.0,281.0,297.0,2.0,HARD,21.0,True,,,16.0,1,False,True,Alpine
COL,43,39.0,95.133,35.077,42.124,17.932,259.0,330.0,282.0,294.0,2.0,HARD,22.0,True,,,16.0,1,False,True,Alpine
COL,43,40.0,95.333,35.091,42.109,18.133,262.0,321.0,284.0,286.0,2.0,HARD,23.0,True,,,16.0,1,False,True,Alpine
COL,43,41.0,94.512,34.744,41.851,17.917,263.0,323.0,283.0,288.0,2.0,HARD,24.0,True,,,16.0,1,True,True,Alpine
COL,43,42.0,95.365,34.899,42.485,17.981,264.0,330.0,283.0,293.0,2.0,HARD,25.0,True,,,16.0,1,False,True,Alpine
COL,43,43.0,94.746,34.735,41.938,18.073,262.0,323.0,282.0,288.0,2.0,HARD,26.0,True,,,16.0,1,False,True,Alpine
COL,43,44.0,95.055,34.975,41.93,18.15,260.0,324.0,282.0,289.0,2.0,HARD,27.0,True,,,16.0,1,False,True,Alpine
COL,43,45.0,95.358,35.19,41.998,18.17,263.0,322.0,284.0,287.0,2.0,HARD,28.0,True,,,16.0,1,False,True,Alpine
COL,43,46.0,94.853,34.936,41.906,18.011,261.0,325.0,284.0,289.0,2.0,HARD,29.0,True,,,16.0,1,False,True,Alpine
COL,43,47.0,94.8,34.917,41.905,17.978,263.0,326.0,285.0,289.0,2.0,HARD,30.0,True,,,16.0,1,False,True,Alpine
COL,43,48.0,94.824,34.87,42.015,17.939,270.0,335.0,285.0,294.0,2.0,HARD,31.0,True,,,16.0,1,False,True,Alpine
COL,43,49.0,95.043,34.987,42.001,18.055,271.0,328.0,285.0,288.0,2.0,HARD,32.0,True,,,16.0,1,False,True,Alpine
COL,43,50.0,95.074,34.981,42.151,17.942,269.0,342.0,287.0,297.0,2.0,HARD,33.0,True,,,16.0,1,False,True,Alpine
COL,43,51.0,95.285,35.231,42.103,17.951,266.0,345.0,287.0,301.0,2.0,HARD,34.0,True,,,16.0,1,False,True,Alpine
COL,43,52.0,94.784,35.064,41.982,17.738,271.0,344.0,287.0,298.0,2.0,HARD,35.0,True,,,16.0,1,False,True,Alpine
COL,43,53.0,94.685,35.012,41.857,17.816,269.0,346.0,274.0,302.0,2.0,HARD,36.0,True,,,16.0,1,False,True,Alpine
HAM,44,1.0,98.386,,42.171,18.146,264.0,328.0,270.0,289.0,1.0,MEDIUM,1.0,True,,,5.0,1,False,False,Ferrari
HAM,44,2.0,95.496,35.461,42.16,17.875,258.0,338.0,271.0,294.0,1.0,MEDIUM,2.0,True,,,6.0,1,True,True,Ferrari
HAM,44,3.0,95.394,35.125,42.265,18.004,263.0,339.0,271.0,296.0,1.0,MEDIUM,3.0,True,,,6.0,1,True,True,Ferrari
HAM,44,4.0,95.805,35.248,42.422,18.135,260.0,317.0,279.0,285.0,1.0,MEDIUM,4.0,True,,,6.0,1,False,True,Ferrari
HAM,44,5.0,95.453,35.025,42.365,18.063,253.0,325.0,278.0,288.0,1.0,MEDIUM,5.0,True,,,6.0,1,False,True,Ferrari
HAM,44,6.0,95.172,34.663,42.37,18.139,262.0,322.0,279.0,286.0,1.0,MEDIUM,6.0,True,,,6.0,1,True,True,Ferrari
HAM,44,7.0,95.448,34.837,42.375,18.236,252.0,315.0,278.0,283.0,1.0,MEDIUM,7.0,True,,,6.0,1,False,True,Ferrari
HAM,44,8.0,95.565,34.822,42.573,18.17,253.0,313.0,278.0,281.0,1.0,MEDIUM,8.0,True,,,6.0,1,False,True,Ferrari
HAM,44,9.0,95.765,34.786,42.681,18.298,252.0,313.0,278.0,281.0,1.0,MEDIUM,9.0,True,,,6.0,1,False,True,Ferrari
HAM,44,10.0,95.166,34.796,42.194,18.176,258.0,316.0,276.0,282.0,1.0,MEDIUM,10.0,True,,,6.0,1,True,True,Ferrari
HAM,44,11.0,95.434,34.99,42.227,18.217,259.0,317.0,277.0,282.0,1.0,MEDIUM,11.0,True,,,6.0,1,False,True,Ferrari
HAM,44,12.0,95.161,34.945,42.205,18.011,259.0,318.0,276.0,284.0,1.0,MEDIUM,12.0,True,,,6.0,1,True,True,Ferrari
HAM,44,13.0,95.397,34.974,42.181,18.242,258.0,318.0,276.0,283.0,1.0,MEDIUM,13.0,True,,,6.0,1,False,True,Ferrari
HAM,44,14.0,95.283,35.107,42.019,18.157,259.0,318.0,279.0,283.0,1.0,MEDIUM,14.0,True,,,6.0,1,False,True,Ferrari
HAM,44,15.0,95.054,34.878,42.06,18.116,258.0,319.0,277.0,285.0,1.0,MEDIUM,15.0,True,,,6.0,1,True,True,Ferrari
HAM,44,16.0,95.355,35.135,42.151,18.069,262.0,319.0,279.0,286.0,1.0,MEDIUM,16.0,True,,,5.0,1,False,True,Ferrari
HAM,44,17.0,94.876,34.818,42.034,18.024,264.0,324.0,277.0,285.0,1.0,MEDIUM,17.0,True,,,4.0,1,True,True,Ferrari
HAM,44,18.0,94.959,34.919,41.921,18.119,261.0,316.0,277.0,280.0,1.0,MEDIUM,18.0,True,,,4.0,1,False,True,Ferrari
HAM,44,19.0,94.98,34.878,41.972,18.13,261.0,313.0,276.0,278.0,1.0,MEDIUM,19.0,True,,,3.0,1,False,True,Ferrari
HAM,44,20.0,95.168,35.003,41.989,18.176,260.0,314.0,277.0,278.0,1.0,MEDIUM,20.0,True,,,3.0,1,False,True,Ferrari
HAM,44,21.0,95.01,34.972,41.846,18.192,260.0,314.0,276.0,278.0,1.0,MEDIUM,21.0,True,,,3.0,1,False,True,Ferrari
HAM,44,22.0,116.919,34.993,55.394,26.532,258.0,206.0,,223.0,1.0,MEDIUM,22.0,True,,5944.896,2.0,124,False,False,Ferrari
HAM,44,23.0,,64.944,62.009,30.437,212.0,129.0,179.0,185.0,2.0,HARD,1.0,True,5967.806,,4.0,4,False,False,Ferrari
HAM,44,24.0,147.559,51.017,71.609,24.933,197.0,114.0,215.0,232.0,2.0,HARD,2.0,True,,,4.0,4,False,False,Ferrari
HAM,44,25.0,,52.871,70.692,27.782,132.0,204.0,181.0,218.0,2.0,HARD,3.0,True,,,4.0,4,False,False,Ferrari
HAM,44,26.0,145.726,54.221,63.514,27.991,148.0,201.0,243.0,149.0,2.0,HARD,4.0,True,,,4.0,4,False,False,Ferrari
HAM,44,27.0,143.756,49.74,65.341,28.675,195.0,116.0,277.0,122.0,2.0,HARD,5.0,True,,,4.0,41,False,False,Ferrari
HAM,44,28.0,94.067,34.464,41.628,17.975,261.0,319.0,283.0,284.0,2.0,HARD,6.0,True,,,3.0,1,True,True,Ferrari
HAM,44,29.0,93.742,34.268,41.627,17.847,258.0,319.0,282.0,284.0,2.0,HARD,7.0,True,,,3.0,1,True,True,Ferrari
HAM,44,30.0,93.875,34.238,41.651,17.986,257.0,318.0,281.0,283.0,2.0,HARD,8.0,True,,,3.0,1,False,True,Ferrari
HAM,44,31.0,93.67,34.176,41.591,17.903,256.0,328.0,281.0,287.0,2.0,HARD,9.0,True,,,3.0,1,True,True,Ferrari
HAM,44,32.0,93.501,34.037,41.441,18.023,263.0,312.0,282.0,279.0,2.0,HARD,10.0,True,,,3.0,1,True,True,Ferrari
HAM,44,33.0,93.524,33.991,41.566,17.967,258.0,331.0,281.0,289.0,2.0,HARD,11.0,True,,,3.0,1,False,True,Ferrari
HAM,44,34.0,93.301,34.092,41.289,17.92,263.0,327.0,280.0,287.0,2.0,HARD,12.0,True,,,3.0,1,True,True,Ferrari
HAM,44,35.0,93.696,34.127,41.533,18.036,265.0,328.0,280.0,283.0,2.0,HARD,13.0,True,,,3.0,1,False,True,Ferrari
HAM,44,36.0,93.658,34.201,41.314,18.143,262.0,309.0,282.0,279.0,2.0,HARD,14.0,True,,,3.0,1,False,True,Ferrari
HAM,44,37.0,93.934,34.165,41.814,17.955,257.0,313.0,282.0,280.0,2.0,HARD,15.0,True,,,3.0,1,False,True,Ferrari
HAM,44,38.0,93.436,33.994,41.468,17.974,261.0,316.0,280.0,282.0,2.0,HARD,16.0,True,,,3.0,1,False,True,Ferrari
HAM,44,39.0,93.576,34.167,41.376,18.033,264.0,319.0,282.0,284.0,2.0,HARD,17.0,True,,,3.0,1,False,True,Ferrari
HAM,44,40.0,93.869,34.11,41.62,18.139,261.0,314.0,277.0,280.0,2.0,HARD,18.0,True,,,3.0,1,False,True,Ferrari
HAM,44,41.0,94.177,34.44,41.609,18.128,258.0,314.0,281.0,281.0,2.0,HARD,19.0,True,,,3.0,1,False,True,Ferrari
HAM,44,42.0,94.662,35.177,41.585,17.9,258.0,317.0,279.0,284.0,2.0,HARD,20.0,True,,,4.0,1,False,True,Ferrari
HAM,44,43.0,94.359,35.047,41.379,17.933,266.0,332.0,284.0,290.0,2.0,HARD,21.0,True,,,5.0,1,False,True,Ferrari
HAM,44,44.0,93.636,34.266,41.397,17.973,256.0,326.0,278.0,286.0,2.0,HARD,22.0,True,,,5.0,1,False,True,Ferrari
HAM,44,45.0,93.495,34.167,41.343,17.985,261.0,328.0,282.0,289.0,2.0,HARD,23.0,True,,,5.0,1,False,True,Ferrari
HAM,44,46.0,93.442,34.231,41.233,17.978,262.0,320.0,282.0,284.0,2.0,HARD,24.0,True,,,5.0,1,False,True,Ferrari
HAM,44,47.0,94.676,34.378,41.393,18.905,261.0,315.0,284.0,282.0,2.0,HARD,25.0,True,,,6.0,1,False,True,Ferrari
HAM,44,48.0,92.777,33.962,41.108,17.707,260.0,331.0,280.0,291.0,2.0,HARD,26.0,True,,,5.0,1,True,True,Ferrari
HAM,44,49.0,93.867,34.368,41.301,18.198,263.0,313.0,277.0,279.0,2.0,HARD,27.0,True,,,5.0,1,False,True,Ferrari
HAM,44,50.0,95.689,34.647,42.013,19.029,262.0,304.0,283.0,273.0,2.0,HARD,28.0,True,,,6.0,1,False,True,Ferrari
HAM,44,51.0,94.927,33.992,41.784,19.151,259.0,318.0,286.0,279.0,2.0,HARD,29.0,True,,,6.0,1,False,True,Ferrari
HAM,44,52.0,94.193,34.367,41.886,17.94,262.0,322.0,283.0,285.0,2.0,HARD,30.0,True,,,6.0,1,False,True,Ferrari
HAM,44,53.0,93.669,34.115,41.518,18.036,263.0,319.0,277.0,284.0,2.0,HARD,31.0,True,,,6.0,1,False,True,Ferrari
BOR,5,1.0,102.93,,43.476,18.277,264.0,333.0,278.0,295.0,1.0,MEDIUM,1.0,True,,,13.0,1,False,False,Audi
BOR,5,2.0,97.158,35.531,42.947,18.68,262.0,302.0,262.0,280.0,1.0,MEDIUM,2.0,True,,,13.0,1,True,True,Audi
BOR,5,3.0,98.924,36.703,43.978,18.243,262.0,319.0,275.0,291.0,1.0,MEDIUM,3.0,True,,,15.0,1,False,True,Audi
BOR,5,4.0,97.014,35.653,43.147,18.214,262.0,316.0,276.0,286.0,1.0,MEDIUM,4.0,True,,,15.0,1,True,True,Audi
BOR,5,5.0,96.613,35.349,42.992,18.272,263.0,320.0,277.0,288.0,1.0,MEDIUM,5.0,True,,,15.0,1,True,True,Audi
BOR,5,6.0,96.651,35.528,42.906,18.217,265.0,322.0,278.0,288.0,1.0,MEDIUM,6.0,True,,,15.0,1,False,True,Audi
BOR,5,7.0,96.146,35.083,42.828,18.235,263.0,316.0,274.0,286.0,1.0,MEDIUM,7.0,True,,,14.0,1,True,True,Audi
BOR,5,8.0,96.613,35.591,42.793,18.229,258.0,319.0,275.0,282.0,1.0,MEDIUM,8.0,True,,,14.0,1,False,True,Audi
BOR,5,9.0,96.233,35.389,42.735,18.109,258.0,323.0,276.0,284.0,1.0,MEDIUM,9.0,True,,,14.0,1,False,True,Audi
BOR,5,10.0,96.263,35.551,42.682,18.03,260.0,330.0,276.0,292.0,1.0,MEDIUM,10.0,True,,,14.0,1,False,True,Audi
BOR,5,11.0,96.814,35.865,42.752,18.197,265.0,317.0,277.0,284.0,1.0,MEDIUM,11.0,True,,,14.0,1,False,True,Audi
BOR,5,12.0,96.742,35.609,42.938,18.195,266.0,320.0,279.0,287.0,1.0,MEDIUM,12.0,True,,,14.0,1,False,True,Audi
BOR,5,13.0,97.393,36.159,42.993,18.241,263.0,322.0,278.0,288.0,1.0,MEDIUM,13.0,True,,,14.0,1,False,True,Audi
BOR,5,14.0,96.882,35.793,42.953,18.136,267.0,326.0,278.0,289.0,1.0,MEDIUM,14.0,True,,,14.0,1,False,True,Audi
BOR,5,15.0,96.508,35.516,42.895,18.097,265.0,326.0,280.0,290.0,1.0,MEDIUM,15.0,True,,,14.0,1,False,True,Audi
BOR,5,16.0,97.257,35.988,42.981,18.288,263.0,318.0,277.0,286.0,1.0,MEDIUM,16.0,True,,,14.0,1,False,True,Audi
BOR,5,17.0,96.844,35.66,42.788,18.396,265.0,321.0,261.0,284.0,1.0,MEDIUM,17.0,True,,,13.0,1,False,True,Audi
BOR,5,18.0,96.582,35.496,42.77,18.316,265.0,316.0,276.0,284.0,1.0,MEDIUM,18.0,True,,,13.0,1,False,True,Audi
BOR,5,19.0,96.561,35.668,42.654,18.239,259.0,318.0,277.0,281.0,1.0,MEDIUM,19.0,True,,,12.0,1,False,True,Audi
BOR,5,20.0,96.022,35.447,42.435,18.14,258.0,321.0,278.0,283.0,1.0,MEDIUM,20.0,True,,,10.0,1,True,True,Audi
BOR,5,21.0,95.825,35.313,42.618,17.894,258.0,327.0,277.0,290.0,1.0,MEDIUM,21.0,True,,,10.0,12,True,True,Audi
BOR,5,22.0,126.395,42.345,57.023,27.027,226.0,233.0,,205.0,1.0,MEDIUM,22.0,True,,5987.95,11.0,24,False,False,Audi
BOR,5,23.0,145.57,62.972,59.222,23.376,198.0,251.0,249.0,246.0,2.0,HARD,1.0,True,6012.533,,11.0,4,False,False,Audi
BOR,5,24.0,124.495,38.667,61.172,24.656,272.0,269.0,226.0,240.0,2.0,HARD,2.0,True,,,10.0,4,False,False,Audi
BOR,5,25.0,,49.93,72.806,28.018,135.0,277.0,214.0,135.0,2.0,HARD,3.0,True,,,10.0,4,False,False,Audi
BOR,5,26.0,147.016,53.562,64.953,28.501,121.0,248.0,183.0,214.0,2.0,HARD,4.0,True,,,10.0,4,False,False,Audi
BOR,5,27.0,137.481,47.242,62.918,27.321,235.0,133.0,280.0,138.0,2.0,HARD,5.0,True,,,10.0,41,False,False,Audi
BOR,5,28.0,96.907,35.763,43.013,18.131,266.0,338.0,280.0,291.0,2.0,HARD,6.0,True,,,10.0,1,False,True,Audi
BOR,5,29.0,96.612,35.706,42.636,18.27,262.0,310.0,274.0,284.0,2.0,HARD,7.0,True,,,11.0,1,False,True,Audi
BOR,5,30.0,95.524,35.069,42.254,18.201,255.0,313.0,278.0,283.0,2.0,HARD,8.0,True,,,11.0,1,True,True,Audi
BOR,5,31.0,95.18,34.796,42.219,18.165,258.0,312.0,278.0,282.0,2.0,HARD,9.0,True,,,11.0,1,True,True,Audi
BOR,5,32.0,94.993,34.786,42.144,18.063,259.0,314.0,280.0,283.0,2.0,HARD,10.0,True,,,11.0,1,True,True,Audi
BOR,5,33.0,94.891,34.497,42.127,18.267,262.0,315.0,280.0,285.0,2.0,HARD,11.0,True,,,11.0,1,True,True,Audi
BOR,5,34.0,95.093,34.588,42.316,18.189,258.0,314.0,280.0,283.0,2.0,HARD,12.0,True,,,11.0,1,False,True,Audi
BOR,5,35.0,95.767,34.651,42.588,18.528,258.0,311.0,279.0,281.0,2.0,HARD,13.0,True,,,11.0,1,False,True,Audi
BOR,5,36.0,95.476,35.323,42.145,18.008,257.0,316.0,280.0,285.0,2.0,HARD,14.0,True,,,12.0,1,False,True,Audi
BOR,5,37.0,95.043,34.831,42.126,18.086,258.0,317.0,281.0,284.0,2.0,HARD,15.0,True,,,12.0,1,False,True,Audi
BOR,5,38.0,95.887,34.612,42.044,19.231,259.0,315.0,281.0,285.0,2.0,HARD,16.0,True,,,13.0,1,False,True,Audi
BOR,5,39.0,94.641,34.554,42.02,18.067,263.0,317.0,282.0,287.0,2.0,HARD,17.0,True,,,13.0,1,True,True,Audi
BOR,5,40.0,94.164,34.6,41.773,17.791,265.0,329.0,282.0,297.0,2.0,HARD,18.0,True,,,13.0,1,True,True,Audi
BOR,5,41.0,94.664,34.653,41.96,18.051,265.0,322.0,280.0,288.0,2.0,HARD,19.0,True,,,13.0,1,False,True,Audi
BOR,5,42.0,95.021,34.79,42.048,18.183,261.0,323.0,280.0,286.0,2.0,HARD,20.0,True,,,13.0,1,False,True,Audi
BOR,5,43.0,95.143,34.812,42.163,18.168,261.0,326.0,280.0,287.0,2.0,HARD,21.0,True,,,13.0,1,False,True,Audi
BOR,5,44.0,95.013,34.795,42.162,18.056,262.0,325.0,280.0,287.0,2.0,HARD,22.0,True,,,13.0,1,False,True,Audi
BOR,5,45.0,94.894,34.843,41.943,18.108,262.0,324.0,280.0,285.0,2.0,HARD,23.0,True,,,13.0,1,False,True,Audi
BOR,5,46.0,94.786,34.809,42.066,17.911,263.0,328.0,282.0,288.0,2.0,HARD,24.0,True,,,13.0,1,False,True,Audi
BOR,5,47.0,94.722,34.86,41.865,17.997,261.0,327.0,282.0,288.0,2.0,HARD,25.0,True,,,13.0,1,False,True,Audi
BOR,5,48.0,94.278,34.765,41.735,17.778,259.0,331.0,280.0,303.0,2.0,HARD,26.0,True,,,13.0,1,False,True,Audi
BOR,5,49.0,95.055,35.011,41.994,18.05,266.0,323.0,282.0,288.0,2.0,HARD,27.0,True,,,13.0,1,False,True,Audi
BOR,5,50.0,94.586,34.842,41.851,17.893,267.0,336.0,283.0,294.0,2.0,HARD,28.0,True,,,13.0,1,False,True,Audi
BOR,5,51.0,94.33,34.733,41.724,17.873,265.0,335.0,282.0,294.0,2.0,HARD,29.0,True,,,13.0,1,False,True,Audi
BOR,5,52.0,95.002,34.806,42.147,18.049,265.0,324.0,278.0,287.0,2.0,HARD,30.0,True,,,13.0,1,False,True,Audi
BOR,5,53.0,95.123,34.853,42.06,18.21,261.0,327.0,278.0,288.0,2.0,HARD,31.0,True,,,13.0,1,False,True,Audi
SAI,55,1.0,103.908,,43.831,18.356,269.0,336.0,271.0,298.0,1.0,MEDIUM,1.0,True,,,15.0,1,False,False,Williams
SAI,55,2.0,97.798,36.606,43.083,18.109,263.0,329.0,281.0,293.0,1.0,MEDIUM,2.0,True,,,16.0,1,True,True,Williams
SAI,55,3.0,97.881,36.168,43.519,18.194,262.0,331.0,281.0,296.0,1.0,MEDIUM,3.0,True,,,16.0,1,False,True,Williams
SAI,55,4.0,97.39,36.109,42.996,18.285,261.0,326.0,279.0,291.0,1.0,MEDIUM,4.0,True,,,16.0,1,True,True,Williams
SAI,55,5.0,96.72,35.749,42.798,18.173,265.0,328.0,279.0,292.0,1.0,MEDIUM,5.0,True,,,16.0,1,True,True,Williams
SAI,55,6.0,97.683,35.966,43.259,18.458,256.0,319.0,279.0,287.0,1.0,MEDIUM,6.0,True,,,16.0,1,False,True,Williams
SAI,55,7.0,97.362,35.877,43.114,18.371,256.0,319.0,277.0,286.0,1.0,MEDIUM,7.0,True,,,16.0,1,False,True,Williams
SAI,55,8.0,96.893,35.793,42.856,18.244,261.0,319.0,279.0,286.0,1.0,MEDIUM,8.0,True,,,16.0,1,False,True,Williams
SAI,55,9.0,96.848,35.646,42.962,18.24,258.0,318.0,279.0,284.0,1.0,MEDIUM,9.0,True,,,16.0,1,False,True,Williams
SAI,55,10.0,96.761,35.784,42.737,18.24,268.0,314.0,279.0,283.0,1.0,MEDIUM,10.0,True,,,16.0,1,False,True,Williams
SAI,55,11.0,96.489,35.621,42.656,18.212,265.0,317.0,280.0,285.0,1.0,MEDIUM,11.0,True,,,16.0,1,True,True,Williams
SAI,55,12.0,97.374,35.856,43.242,18.276,265.0,315.0,279.0,284.0,1.0,MEDIUM,12.0,True,,,16.0,1,False,True,Williams
SAI,55,13.0,96.893,35.851,42.778,18.264,265.0,317.0,279.0,285.0,1.0,MEDIUM,13.0,True,,,16.0,1,False,True,Williams
SAI,55,14.0,97.031,35.771,42.618,18.642,272.0,316.0,270.0,284.0,1.0,MEDIUM,14.0,True,,,16.0,1,False,True,Williams
SAI,55,15.0,97.747,36.621,42.84,18.286,273.0,317.0,279.0,286.0,1.0,MEDIUM,15.0,True,,,17.0,1,False,True,Williams
SAI,55,16.0,96.557,35.85,42.579,18.128,264.0,321.0,279.0,288.0,1.0,MEDIUM,16.0,True,,,17.0,1,False,True,Williams
SAI,55,17.0,96.914,35.955,42.742,18.217,259.0,316.0,279.0,283.0,1.0,MEDIUM,17.0,True,,,16.0,1,False,True,Williams
SAI,55,18.0,96.768,35.859,42.634,18.275,269.0,318.0,278.0,284.0,1.0,MEDIUM,18.0,True,,,15.0,1,False,True,Williams
SAI,55,19.0,96.593,35.678,42.653,18.262,265.0,314.0,278.0,281.0,1.0,MEDIUM,19.0,True,,,14.0,1,False,True,Williams
SAI,55,20.0,96.46,35.716,42.514,18.23,269.0,316.0,279.0,282.0,1.0,MEDIUM,20.0,True,,,12.0,1,True,True,Williams
SAI,55,21.0,96.49,35.651,42.584,18.255,263.0,315.0,279.0,280.0,1.0,MEDIUM,21.0,True,,,12.0,12,False,True,Williams
SAI,55,22.0,126.871,45.526,56.168,25.177,253.0,292.0,,251.0,1.0,MEDIUM,22.0,True,,5995.099,12.0,24,False,False,Williams
SAI,55,23.0,146.337,62.647,62.077,21.613,223.0,280.0,230.0,286.0,2.0,HARD,1.0,True,6019.528,,15.0,4,False,False,Williams
SAI,55,24.0,122.885,38.186,59.551,25.148,273.0,268.0,238.0,262.0,2.0,HARD,2.0,True,,,15.0,4,False,False,Williams
SAI,55,25.0,,48.023,75.761,26.518,175.0,248.0,168.0,261.0,2.0,HARD,3.0,True,,,15.0,4,False,False,Williams
SAI,55,26.0,147.744,52.569,65.349,29.826,147.0,169.0,151.0,256.0,2.0,HARD,4.0,True,,,15.0,4,False,False,Williams
SAI,55,27.0,133.468,46.224,59.998,27.246,174.0,140.0,280.0,156.0,2.0,HARD,5.0,True,,,15.0,41,False,False,Williams
SAI,55,28.0,96.533,35.828,42.618,18.087,278.0,327.0,284.0,293.0,2.0,HARD,6.0,True,,,15.0,1,False,True,Williams
SAI,55,29.0,96.427,35.712,42.58,18.135,276.0,335.0,284.0,296.0,2.0,HARD,7.0,True,,,15.0,1,True,True,Williams
SAI,55,30.0,96.134,36.039,42.123,17.972,275.0,334.0,284.0,296.0,2.0,HARD,8.0,True,,,15.0,1,True,True,Williams
SAI,55,31.0,96.121,35.494,42.382,18.245,271.0,331.0,284.0,290.0,2.0,HARD,9.0,True,,,15.0,1,True,True,Williams
SAI,55,32.0,95.583,35.249,42.18,18.154,262.0,323.0,284.0,287.0,2.0,HARD,10.0,True,,,15.0,1,True,True,Williams
SAI,55,33.0,95.094,35.121,42.062,17.911,264.0,323.0,283.0,289.0,2.0,HARD,11.0,True,,,15.0,1,True,True,Williams
SAI,55,34.0,95.138,35.11,42.027,18.001,266.0,323.0,283.0,289.0,2.0,HARD,12.0,True,,,15.0,1,False,True,Williams
SAI,55,35.0,95.085,34.969,42.119,17.997,260.0,322.0,283.0,288.0,2.0,HARD,13.0,True,,,15.0,1,True,True,Williams
SAI,55,36.0,94.903,35.041,41.875,17.987,273.0,322.0,284.0,288.0,2.0,HARD,14.0,True,,,15.0,1,True,True,Williams
SAI,55,37.0,94.992,35.103,41.869,18.02,276.0,322.0,284.0,290.0,2.0,HARD,15.0,True,,,15.0,1,False,True,Williams
SAI,55,38.0,94.514,34.883,41.694,17.937,275.0,326.0,282.0,293.0,2.0,HARD,16.0,True,,,15.0,1,True,True,Williams
SAI,55,39.0,95.177,35.146,42.018,18.013,273.0,326.0,282.0,289.0,2.0,HARD,17.0,True,,,15.0,1,False,True,Williams
SAI,55,40.0,94.926,35.058,41.928,17.94,274.0,323.0,283.0,290.0,2.0,HARD,18.0,True,,,15.0,1,False,True,Williams
SAI,55,41.0,95.064,35.056,42.032,17.976,261.0,321.0,283.0,289.0,2.0,HARD,19.0,True,,,15.0,1,False,True,Williams
SAI,55,42.0,95.071,35.004,42.007,18.06,262.0,322.0,283.0,289.0,2.0,HARD,20.0,True,,,15.0,1,False,True,Williams
SAI,55,43.0,95.246,35.171,41.982,18.093,270.0,318.0,283.0,286.0,2.0,HARD,21.0,True,,,15.0,1,False,True,Williams
SAI,55,44.0,95.054,35.049,41.858,18.147,276.0,319.0,283.0,286.0,2.0,HARD,22.0,True,,,15.0,1,False,True,Williams
SAI,55,45.0,95.017,35.142,41.847,18.028,276.0,323.0,283.0,287.0,2.0,HARD,23.0,True,,,15.0,1,False,True,Williams
SAI,55,46.0,95.307,35.025,42.169,18.113,270.0,322.0,283.0,286.0,2.0,HARD,24.0,True,,,15.0,1,False,True,Williams
SAI,55,47.0,94.97,34.992,41.913,18.065,269.0,322.0,283.0,285.0,2.0,HARD,25.0,True,,,15.0,1,False,True,Williams
SAI,55,48.0,95.021,35.043,41.931,18.047,267.0,319.0,283.0,284.0,2.0,HARD,26.0,True,,,15.0,1,False,True,Williams
SAI,55,49.0,95.093,35.061,41.895,18.137,273.0,319.0,283.0,283.0,2.0,HARD,27.0,True,,,15.0,1,False,True,Williams
SAI,55,50.0,95.218,35.137,42.003,18.078,268.0,320.0,284.0,283.0,2.0,HARD,28.0,True,,,15.0,1,False,True,Williams
SAI,55,51.0,95.356,35.142,42.04,18.174,270.0,316.0,284.0,283.0,2.0,HARD,29.0,True,,,15.0,1,False,True,Williams
SAI,55,52.0,94.661,34.997,41.652,18.012,274.0,320.0,284.0,285.0,2.0,HARD,30.0,True,,,15.0,1,False,True,Williams
SAI,55,53.0,94.539,34.85,41.785,17.904,272.0,321.0,281.0,292.0,2.0,HARD,31.0,True,,,15.0,1,False,True,Williams
HAD,6,1.0,100.293,,42.839,18.232,280.0,324.0,265.0,289.0,1.0,MEDIUM,1.0,True,,,8.0,1,False,False,Red Bull Racing
HAD,6,2.0,98.261,36.047,43.462,18.752,263.0,342.0,254.0,302.0,1.0,MEDIUM,2.0,True,,,10.0,1,True,True,Red Bull Racing
HAD,6,3.0,97.193,36.171,42.961,18.061,261.0,323.0,276.0,287.0,1.0,MEDIUM,3.0,True,,,11.0,1,True,True,Red Bull Racing
HAD,6,4.0,96.017,35.16,42.698,18.159,263.0,326.0,275.0,289.0,1.0,MEDIUM,4.0,True,,,11.0,1,True,True,Red Bull Racing
HAD,6,5.0,96.363,35.105,42.92,18.338,264.0,324.0,277.0,288.0,1.0,MEDIUM,5.0,True,,,11.0,1,False,True,Red Bull Racing
HAD,6,6.0,97.105,36.216,42.765,18.124,264.0,332.0,280.0,294.0,1.0,MEDIUM,6.0,True,,,11.0,1,False,True,Red Bull Racing
HAD,6,7.0,96.393,35.53,42.893,17.97,263.0,333.0,280.0,295.0,1.0,MEDIUM,7.0,True,,,11.0,1,False,True,Red Bull Racing
HAD,6,8.0,96.203,35.488,42.535,18.18,266.0,318.0,271.0,288.0,1.0,MEDIUM,8.0,True,,,11.0,1,False,True,Red Bull Racing
HAD,6,9.0,96.505,35.656,42.803,18.046,266.0,325.0,279.0,290.0,1.0,MEDIUM,9.0,True,,,11.0,1,False,True,Red Bull Racing
HAD,6,10.0,96.234,35.411,42.759,18.064,267.0,328.0,281.0,292.0,1.0,MEDIUM,10.0,True,,,11.0,1,False,True,Red Bull Racing
HAD,6,11.0,96.941,35.9,42.684,18.357,262.0,330.0,280.0,295.0,1.0,MEDIUM,11.0,True,,,11.0,1,False,True,Red Bull Racing
HAD,6,12.0,98.692,35.917,44.159,18.616,259.0,330.0,270.0,296.0,1.0,MEDIUM,12.0,True,,,11.0,1,False,True,Red Bull Racing
HAD,6,13.0,96.464,35.804,42.529,18.131,265.0,325.0,274.0,289.0,1.0,MEDIUM,13.0,True,,,11.0,1,False,True,Red Bull Racing
HAD,6,14.0,96.672,35.786,42.746,18.14,265.0,325.0,278.0,290.0,1.0,MEDIUM,14.0,True,,,11.0,1,False,True,Red Bull Racing
HAD,6,15.0,96.777,35.487,42.508,18.782,270.0,331.0,275.0,296.0,1.0,MEDIUM,15.0,True,,,11.0,1,False,True,Red Bull Racing
HAD,6,16.0,97.204,36.191,42.796,18.217,263.0,326.0,279.0,289.0,1.0,MEDIUM,16.0,True,,,11.0,1,False,True,Red Bull Racing
HAD,6,17.0,96.985,35.677,43.05,18.258,267.0,306.0,281.0,279.0,1.0,MEDIUM,17.0,True,,,11.0,1,False,True,Red Bull Racing
HAD,6,18.0,96.294,35.463,42.597,18.234,266.0,330.0,276.0,291.0,1.0,MEDIUM,18.0,True,,,10.0,1,False,True,Red Bull Racing
HAD,6,19.0,97.735,35.269,42.287,20.179,266.0,334.0,,291.0,1.0,MEDIUM,19.0,True,,5668.049,10.0,1,False,False,Red Bull Racing
HAD,6,20.0,115.961,55.858,42.136,17.967,265.0,323.0,279.0,285.0,2.0,HARD,1.0,True,5691.6,,15.0,1,False,False,Red Bull Racing
HAD,6,21.0,99.933,34.752,42.074,23.107,266.0,324.0,104.0,289.0,2.0,HARD,2.0,True,,,15.0,124,False,False,Red Bull Racing
HAD,6,22.0,125.71,48.061,53.186,24.463,242.0,221.0,231.0,247.0,2.0,HARD,3.0,True,,,15.0,4,False,False,Red Bull Racing
HAD,6,23.0,127.64,44.816,59.174,23.65,253.0,235.0,219.0,205.0,2.0,HARD,4.0,True,,,13.0,4,False,False,Red Bull Racing
HAD,6,24.0,124.942,40.42,59.471,25.051,254.0,229.0,236.0,243.0,2.0,HARD,5.0,True,,,13.0,4,False,False,Red Bull Racing
HAD,6,25.0,,48.526,74.831,27.058,181.0,226.0,160.0,183.0,2.0,HARD,6.0,True,,,13.0,4,False,False,Red Bull Racing
HAD,6,26.0,147.242,53.032,65.585,28.625,153.0,203.0,131.0,226.0,2.0,HARD,7.0,True,,,13.0,4,False,False,Red Bull Racing
HAD,6,27.0,135.125,47.153,60.737,27.235,203.0,140.0,277.0,167.0,2.0,HARD,8.0,True,,,13.0,41,False,False,Red Bull Racing
HAD,6,28.0,96.376,35.656,42.542,18.178,259.0,335.0,283.0,297.0,2.0,HARD,9.0,True,,,13.0,1,False,True,Red Bull Racing
HAD,6,29.0,96.05,35.504,42.255,18.291,267.0,340.0,280.0,293.0,2.0,HARD,10.0,True,,,12.0,1,False,True,Red Bull Racing
HAD,6,30.0,95.485,34.998,42.274,18.213,270.0,331.0,284.0,296.0,2.0,HARD,11.0,True,,,12.0,1,True,True,Red Bull Racing
HAD,6,31.0,95.255,34.806,42.341,18.108,268.0,316.0,283.0,287.0,2.0,HARD,12.0,True,,,12.0,1,True,True,Red Bull Racing
HAD,6,32.0,94.986,34.712,42.247,18.027,269.0,332.0,283.0,294.0,2.0,HARD,13.0,True,,,12.0,1,True,True,Red Bull Racing
HAD,6,33.0,94.718,34.541,41.979,18.198,269.0,331.0,285.0,295.0,2.0,HARD,14.0,True,,,12.0,1,True,True,Red Bull Racing
HAD,6,34.0,95.145,34.668,42.276,18.201,267.0,320.0,284.0,291.0,2.0,HARD,15.0,True,,,12.0,1,False,True,Red Bull Racing
HAD,6,35.0,95.64,34.547,42.667,18.426,266.0,318.0,284.0,289.0,2.0,HARD,16.0,True,,,12.0,1,False,True,Red Bull Racing
HAD,6,36.0,93.96,34.064,41.85,18.046,270.0,325.0,282.0,286.0,2.0,HARD,17.0,True,,,11.0,1,True,True,Red Bull Racing
HAD,6,37.0,94.637,34.566,42.031,18.04,265.0,320.0,278.0,285.0,2.0,HARD,18.0,True,,,11.0,1,False,True,Red Bull Racing
HAD,6,38.0,94.466,34.536,41.945,17.985,272.0,322.0,280.0,286.0,2.0,HARD,19.0,True,,,11.0,1,False,True,Red Bull Racing
HAD,6,39.0,94.558,34.622,41.962,17.974,269.0,322.0,281.0,287.0,2.0,HARD,20.0,True,,,11.0,1,False,True,Red Bull Racing
HAD,6,40.0,94.361,34.446,41.955,17.96,268.0,322.0,281.0,286.0,2.0,HARD,21.0,True,,,11.0,1,False,True,Red Bull Racing
HAD,6,41.0,94.482,34.69,41.833,17.959,268.0,324.0,282.0,287.0,2.0,HARD,22.0,True,,,11.0,1,False,True,Red Bull Racing
HAD,6,42.0,94.543,34.716,41.85,17.977,269.0,323.0,281.0,286.0,2.0,HARD,23.0,True,,,11.0,1,False,True,Red Bull Racing
HAD,6,43.0,94.872,34.822,42.037,18.013,273.0,324.0,282.0,287.0,2.0,HARD,24.0,True,,,11.0,1,False,True,Red Bull Racing
HAD,6,44.0,94.376,34.488,41.8,18.088,267.0,324.0,283.0,288.0,2.0,HARD,25.0,True,,,11.0,1,False,True,Red Bull Racing
HAD,6,45.0,95.914,34.864,42.531,18.519,265.0,333.0,278.0,289.0,2.0,HARD,26.0,True,,,11.0,1,False,True,Red Bull Racing
HAD,6,46.0,96.112,35.779,42.284,18.049,268.0,321.0,283.0,284.0,2.0,HARD,27.0,True,,,11.0,1,False,True,Red Bull Racing
HAD,6,47.0,95.366,35.312,42.0,18.054,266.0,326.0,283.0,289.0,2.0,HARD,28.0,True,,,12.0,1,False,True,Red Bull Racing
HAD,6,48.0,94.972,34.98,42.001,17.991,265.0,326.0,281.0,288.0,2.0,HARD,29.0,True,,,12.0,1,False,True,Red Bull Racing
HAD,6,49.0,94.946,34.902,42.085,17.959,268.0,325.0,281.0,286.0,2.0,HARD,30.0,True,,,12.0,1,False,True,Red Bull Racing
HAD,6,50.0,94.774,34.902,41.884,17.988,269.0,324.0,282.0,286.0,2.0,HARD,31.0,True,,,12.0,1,False,True,Red Bull Racing
HAD,6,51.0,94.126,34.472,41.749,17.905,270.0,322.0,282.0,286.0,2.0,HARD,32.0,True,,,12.0,1,False,True,Red Bull Racing
HAD,6,52.0,94.301,34.683,41.713,17.905,271.0,323.0,282.0,285.0,2.0,HARD,33.0,True,,,12.0,1,False,True,Red Bull Racing
HAD,6,53.0,93.837,34.419,41.801,17.617,271.0,328.0,273.0,304.0,2.0,HARD,34.0,True,,,12.0,1,True,True,Red Bull Racing
RUS,63,1.0,97.823,,42.185,18.12,287.0,330.0,278.0,291.0,1.0,MEDIUM,1.0,True,,,4.0,1,False,False,Mercedes
RUS,63,2.0,94.87,34.783,42.088,17.999,261.0,329.0,282.0,291.0,1.0,MEDIUM,2.0,True,,,4.0,1,True,True,Mercedes
RUS,63,3.0,94.469,34.607,41.961,17.901,262.0,323.0,282.0,287.0,1.0,MEDIUM,3.0,True,,,3.0,1,True,True,Mercedes
RUS,63,4.0,94.772,34.436,42.195,18.141,266.0,314.0,280.0,279.0,1.0,MEDIUM,4.0,True,,,2.0,1,False,True,Mercedes
RUS,63,5.0,94.71,34.451,42.108,18.151,258.0,312.0,279.0,280.0,1.0,MEDIUM,5.0,True,,,2.0,1,False,True,Mercedes
RUS,63,6.0,94.796,34.456,42.072,18.268,263.0,315.0,279.0,283.0,1.0,MEDIUM,6.0,True,,,2.0,1,False,True,Mercedes
RUS,63,7.0,94.741,34.482,42.048,18.211,268.0,321.0,281.0,287.0,1.0,MEDIUM,7.0,True,,,2.0,1,False,True,Mercedes
RUS,63,8.0,95.043,34.77,42.117,18.156,269.0,330.0,276.0,291.0,1.0,MEDIUM,8.0,True,,,1.0,1,False,True,Mercedes
RUS,63,9.0,96.042,35.533,42.332,18.177,259.0,312.0,280.0,281.0,1.0,MEDIUM,9.0,True,,,2.0,1,False,True,Mercedes
RUS,63,10.0,94.936,34.609,42.201,18.126,272.0,319.0,281.0,285.0,1.0,MEDIUM,10.0,True,,,2.0,1,False,True,Mercedes
RUS,63,11.0,95.332,34.769,42.341,18.222,276.0,319.0,279.0,284.0,1.0,MEDIUM,11.0,True,,,2.0,1,False,True,Mercedes
RUS,63,12.0,95.078,34.843,42.145,18.09,271.0,321.0,281.0,286.0,1.0,MEDIUM,12.0,True,,,2.0,1,False,True,Mercedes
RUS,63,13.0,95.249,34.86,42.196,18.193,276.0,317.0,280.0,282.0,1.0,MEDIUM,13.0,True,,,2.0,1,False,True,Mercedes
RUS,63,14.0,95.101,34.618,42.273,18.21,268.0,315.0,280.0,282.0,1.0,MEDIUM,14.0,True,,,2.0,1,False,True,Mercedes
RUS,63,15.0,95.148,34.763,42.185,18.2,261.0,314.0,280.0,281.0,1.0,MEDIUM,15.0,True,,,2.0,1,False,True,Mercedes
RUS,63,16.0,95.253,34.914,42.194,18.145,257.0,315.0,280.0,280.0,1.0,MEDIUM,16.0,True,,,2.0,1,False,True,Mercedes
RUS,63,17.0,95.033,34.748,42.094,18.191,263.0,315.0,281.0,281.0,1.0,MEDIUM,17.0,True,,,2.0,1,False,True,Mercedes
RUS,63,18.0,94.788,34.72,42.014,18.054,263.0,317.0,280.0,281.0,1.0,MEDIUM,18.0,True,,,1.0,1,False,True,Mercedes
RUS,63,19.0,94.987,34.88,41.951,18.156,257.0,313.0,280.0,276.0,1.0,MEDIUM,19.0,True,,,1.0,1,False,True,Mercedes
RUS,63,20.0,94.523,34.585,41.875,18.063,262.0,312.0,281.0,277.0,1.0,MEDIUM,20.0,True,,,1.0,1,False,True,Mercedes
RUS,63,21.0,96.505,34.583,41.632,20.29,260.0,324.0,,285.0,1.0,MEDIUM,21.0,True,,5822.807,2.0,1,False,False,Mercedes
RUS,63,22.0,139.263,55.328,59.963,23.972,121.0,287.0,215.0,229.0,2.0,HARD,1.0,True,5845.793,,5.0,124,False,False,Mercedes
RUS,63,23.0,138.104,43.996,64.079,30.029,244.0,200.0,216.0,148.0,2.0,HARD,2.0,True,,,3.0,4,False,False,Mercedes
RUS,63,24.0,149.072,51.175,71.465,26.432,223.0,145.0,197.0,196.0,2.0,HARD,3.0,True,,,3.0,4,False,False,Mercedes
RUS,63,25.0,,51.128,72.548,26.889,211.0,201.0,172.0,193.0,2.0,HARD,4.0,True,,,3.0,4,False,False,Mercedes
RUS,63,26.0,144.757,54.414,63.952,26.391,190.0,217.0,217.0,183.0,2.0,HARD,5.0,True,,,3.0,4,False,False,Mercedes
RUS,63,27.0,145.74,50.756,66.065,28.919,228.0,115.0,276.0,120.0,2.0,HARD,6.0,True,,,3.0,41,False,False,Mercedes
RUS,63,28.0,95.242,35.424,41.895,17.923,255.0,314.0,286.0,282.0,2.0,HARD,7.0,True,,,4.0,1,False,True,Mercedes
RUS,63,29.0,93.717,33.919,41.836,17.962,275.0,318.0,285.0,286.0,2.0,HARD,8.0,True,,,4.0,1,True,True,Mercedes
RUS,63,30.0,93.612,33.938,41.724,17.95,277.0,317.0,285.0,286.0,2.0,HARD,9.0,True,,,4.0,1,True,True,Mercedes
RUS,63,31.0,93.905,34.028,41.902,17.975,283.0,316.0,286.0,284.0,2.0,HARD,10.0,True,,,4.0,1,False,True,Mercedes
RUS,63,32.0,93.405,33.931,41.545,17.929,271.0,321.0,286.0,286.0,2.0,HARD,11.0,True,,,4.0,1,True,True,Mercedes
RUS,63,33.0,93.5,33.804,41.766,17.93,265.0,321.0,286.0,288.0,2.0,HARD,12.0,True,,,4.0,1,False,True,Mercedes
RUS,63,34.0,93.485,34.014,41.605,17.866,271.0,321.0,284.0,287.0,2.0,HARD,13.0,True,,,4.0,1,False,True,Mercedes
RUS,63,35.0,93.336,33.81,41.623,17.903,267.0,323.0,286.0,288.0,2.0,HARD,14.0,True,,,4.0,1,True,True,Mercedes
RUS,63,36.0,93.673,34.147,41.53,17.996,270.0,319.0,287.0,287.0,2.0,HARD,15.0,True,,,4.0,1,False,True,Mercedes
RUS,63,37.0,94.808,34.018,42.917,17.873,268.0,326.0,287.0,290.0,2.0,HARD,16.0,True,,,5.0,1,False,True,Mercedes
RUS,63,38.0,93.527,34.004,41.656,17.867,278.0,319.0,287.0,286.0,2.0,HARD,17.0,True,,,5.0,1,False,True,Mercedes
RUS,63,39.0,93.454,33.847,41.71,17.897,278.0,323.0,288.0,288.0,2.0,HARD,18.0,True,,,5.0,1,False,True,Mercedes
RUS,63,40.0,93.661,33.965,41.732,17.964,266.0,322.0,285.0,287.0,2.0,HARD,19.0,True,,,5.0,1,False,True,Mercedes
RUS,63,41.0,94.191,34.04,42.182,17.969,282.0,320.0,285.0,287.0,2.0,HARD,20.0,True,,,5.0,1,False,True,Mercedes
RUS,63,42.0,94.031,34.295,41.822,17.914,279.0,327.0,287.0,292.0,2.0,HARD,21.0,True,,,5.0,1,False,True,Mercedes
RUS,63,43.0,92.897,33.743,41.267,17.887,266.0,324.0,286.0,287.0,2.0,HARD,22.0,True,,,4.0,1,True,True,Mercedes
RUS,63,44.0,93.053,33.855,41.297,17.901,262.0,324.0,287.0,289.0,2.0,HARD,23.0,True,,,4.0,1,False,True,Mercedes
RUS,63,45.0,93.274,34.007,41.291,17.976,276.0,329.0,288.0,290.0,2.0,HARD,24.0,True,,,4.0,1,False,True,Mercedes
RUS,63,46.0,93.146,33.932,41.317,17.897,281.0,328.0,288.0,292.0,2.0,HARD,25.0,True,,,4.0,1,False,True,Mercedes
RUS,63,47.0,93.176,34.003,41.236,17.937,278.0,340.0,285.0,297.0,2.0,HARD,26.0,True,,,4.0,1,False,True,Mercedes
RUS,63,48.0,93.046,33.952,41.302,17.792,267.0,331.0,287.0,291.0,2.0,HARD,27.0,True,,,4.0,1,False,True,Mercedes
RUS,63,49.0,93.354,33.998,41.433,17.923,274.0,332.0,289.0,293.0,2.0,HARD,28.0,True,,,4.0,1,False,True,Mercedes
RUS,63,50.0,93.217,34.23,41.327,17.66,265.0,344.0,283.0,300.0,2.0,HARD,29.0,True,,,3.0,1,False,True,Mercedes
RUS,63,51.0,94.088,35.005,41.347,17.736,258.0,332.0,288.0,291.0,2.0,HARD,30.0,True,,,4.0,1,False,True,Mercedes
RUS,63,52.0,93.11,33.943,41.21,17.957,268.0,341.0,285.0,295.0,2.0,HARD,31.0,True,,,4.0,1,False,True,Mercedes
RUS,63,53.0,92.549,33.932,41.039,17.578,270.0,345.0,284.0,302.0,2.0,HARD,32.0,True,,,4.0,1,True,True,Mercedes
BOT,77,1.0,107.837,,45.366,18.503,238.0,330.0,275.0,278.0,1.0,HARD,1.0,True,,,21.0,1,False,False,Cadillac
BOT,77,2.0,99.358,36.952,43.767,18.639,252.0,329.0,266.0,283.0,1.0,HARD,2.0,True,,,22.0,1,True,True,Cadillac
BOT,77,3.0,98.311,36.764,43.112,18.435,252.0,335.0,272.0,291.0,1.0,HARD,3.0,True,,,22.0,1,True,True,Cadillac
BOT,77,4.0,98.484,36.706,43.152,18.626,252.0,336.0,272.0,289.0,1.0,HARD,4.0,True,,,22.0,1,False,True,Cadillac
BOT,77,5.0,98.495,36.69,43.311,18.494,254.0,332.0,275.0,293.0,1.0,HARD,5.0,True,,,22.0,1,False,True,Cadillac
BOT,77,6.0,98.627,36.574,43.362,18.691,254.0,331.0,276.0,295.0,1.0,HARD,6.0,True,,,22.0,1,False,True,Cadillac
BOT,77,7.0,98.485,36.609,43.339,18.537,254.0,330.0,276.0,298.0,1.0,HARD,7.0,True,,,22.0,1,False,True,Cadillac
BOT,77,8.0,98.658,36.752,43.395,18.511,254.0,326.0,275.0,285.0,1.0,HARD,8.0,True,,,22.0,1,False,True,Cadillac
BOT,77,9.0,98.823,36.687,43.525,18.611,253.0,327.0,271.0,294.0,1.0,HARD,9.0,True,,,22.0,1,False,True,Cadillac
BOT,77,10.0,98.835,36.567,43.759,18.509,254.0,315.0,272.0,288.0,1.0,HARD,10.0,True,,,22.0,1,False,True,Cadillac
BOT,77,11.0,98.869,36.731,43.629,18.509,253.0,314.0,273.0,291.0,1.0,HARD,11.0,True,,,22.0,1,False,True,Cadillac
BOT,77,12.0,99.272,36.77,43.785,18.717,253.0,312.0,272.0,280.0,1.0,HARD,12.0,True,,,22.0,1,False,True,Cadillac
BOT,77,13.0,98.714,36.684,43.54,18.49,255.0,322.0,272.0,292.0,1.0,HARD,13.0,True,,,22.0,1,False,True,Cadillac
BOT,77,14.0,99.447,36.923,43.71,18.814,250.0,311.0,272.0,278.0,1.0,HARD,14.0,True,,,22.0,1,False,True,Cadillac
BOT,77,15.0,98.951,36.748,43.568,18.635,254.0,317.0,275.0,282.0,1.0,HARD,15.0,True,,,22.0,1,False,True,Cadillac
BOT,77,16.0,98.42,36.547,43.269,18.604,256.0,318.0,275.0,281.0,1.0,HARD,16.0,True,,,22.0,1,False,True,Cadillac
BOT,77,17.0,99.127,36.694,43.541,18.892,254.0,313.0,224.0,280.0,1.0,HARD,17.0,True,,,22.0,1,False,True,Cadillac
BOT,77,18.0,102.013,39.204,44.025,18.784,260.0,312.0,274.0,276.0,1.0,HARD,18.0,True,,,22.0,1,False,True,Cadillac
BOT,77,19.0,101.943,36.686,43.598,21.659,254.0,315.0,,278.0,1.0,HARD,19.0,True,,5716.312,22.0,1,False,False,Cadillac
BOT,77,20.0,120.289,59.093,42.812,18.384,262.0,318.0,277.0,280.0,2.0,MEDIUM,1.0,True,5741.437,,22.0,1,False,False,Cadillac
BOT,77,21.0,119.977,35.738,62.073,22.166,254.0,269.0,182.0,262.0,2.0,MEDIUM,2.0,True,,,21.0,124,False,False,Cadillac
BOT,77,22.0,140.358,45.306,65.533,29.519,261.0,155.0,207.0,161.0,2.0,MEDIUM,3.0,True,,,21.0,4,False,False,Cadillac
BOT,77,23.0,149.827,51.875,71.195,26.757,157.0,205.0,209.0,160.0,2.0,MEDIUM,4.0,True,,,21.0,4,False,False,Cadillac
BOT,77,24.0,,51.808,71.819,27.289,201.0,202.0,190.0,166.0,2.0,MEDIUM,5.0,True,,,21.0,4,False,False,Cadillac
BOT,77,25.0,116.396,52.035,45.873,18.488,241.0,319.0,274.0,284.0,2.0,MEDIUM,6.0,True,,,21.0,4,False,False,Cadillac
BOT,77,26.0,99.379,36.37,44.253,18.756,253.0,308.0,274.0,273.0,2.0,MEDIUM,7.0,True,,,21.0,4,False,False,Cadillac
BOT,77,27.0,98.153,36.337,43.07,18.746,255.0,320.0,277.0,279.0,2.0,MEDIUM,8.0,True,,,21.0,41,True,False,Cadillac
BOT,77,28.0,97.163,35.705,43.043,18.415,257.0,312.0,275.0,279.0,2.0,MEDIUM,9.0,True,,,21.0,1,True,True,Cadillac
BOT,77,29.0,97.203,35.9,42.797,18.506,258.0,315.0,276.0,280.0,2.0,MEDIUM,10.0,True,,,21.0,1,False,True,Cadillac
BOT,77,30.0,97.369,35.942,42.901,18.526,259.0,314.0,277.0,278.0,2.0,MEDIUM,11.0,True,,,21.0,1,False,True,Cadillac
BOT,77,31.0,97.112,35.799,42.826,18.487,260.0,312.0,277.0,277.0,2.0,MEDIUM,12.0,True,,,20.0,1,True,True,Cadillac
BOT,77,32.0,97.142,35.752,42.895,18.495,261.0,315.0,277.0,280.0,2.0,MEDIUM,13.0,True,,,20.0,1,False,True,Cadillac
BOT,77,33.0,97.072,35.784,42.86,18.428,257.0,314.0,277.0,280.0,2.0,MEDIUM,14.0,True,,,20.0,1,True,True,Cadillac
BOT,77,34.0,97.059,35.681,42.895,18.483,258.0,315.0,277.0,280.0,2.0,MEDIUM,15.0,True,,,20.0,1,True,True,Cadillac
BOT,77,35.0,97.169,35.654,42.961,18.554,259.0,312.0,275.0,278.0,2.0,MEDIUM,16.0,True,,,20.0,1,False,True,Cadillac
BOT,77,36.0,97.19,35.803,42.745,18.642,262.0,316.0,277.0,279.0,2.0,MEDIUM,17.0,True,,,20.0,1,False,True,Cadillac
BOT,77,37.0,96.878,35.672,42.675,18.531,258.0,318.0,277.0,285.0,2.0,MEDIUM,18.0,True,,,20.0,1,True,True,Cadillac
BOT,77,38.0,96.853,35.693,42.674,18.486,260.0,314.0,278.0,280.0,2.0,MEDIUM,19.0,True,,,20.0,1,True,True,Cadillac
BOT,77,39.0,96.92,35.851,42.572,18.497,257.0,318.0,278.0,281.0,2.0,MEDIUM,20.0,True,,,20.0,1,False,True,Cadillac
BOT,77,40.0,96.919,35.678,42.711,18.53,259.0,314.0,277.0,279.0,2.0,MEDIUM,21.0,True,,,20.0,1,False,True,Cadillac
BOT,77,41.0,96.737,35.814,42.579,18.344,258.0,318.0,280.0,281.0,2.0,MEDIUM,22.0,True,,,20.0,1,True,True,Cadillac
BOT,77,42.0,96.631,35.666,42.539,18.426,258.0,315.0,279.0,280.0,2.0,MEDIUM,23.0,True,,,20.0,1,True,True,Cadillac
BOT,77,43.0,96.859,35.88,42.572,18.407,259.0,316.0,279.0,280.0,2.0,MEDIUM,24.0,True,,,20.0,1,False,True,Cadillac
BOT,77,44.0,96.847,35.795,42.481,18.571,258.0,318.0,279.0,281.0,2.0,MEDIUM,25.0,True,,,20.0,1,False,True,Cadillac
BOT,77,45.0,98.889,37.539,42.782,18.568,256.0,315.0,276.0,281.0,2.0,MEDIUM,26.0,True,,,20.0,1,False,True,Cadillac
BOT,77,46.0,96.821,35.779,42.592,18.45,259.0,320.0,278.0,283.0,2.0,MEDIUM,27.0,True,,,20.0,1,False,True,Cadillac
BOT,77,47.0,106.651,36.817,47.843,21.991,259.0,321.0,275.0,285.0,2.0,MEDIUM,28.0,True,,,20.0,1,False,True,Cadillac
BOT,77,48.0,97.066,36.063,42.548,18.455,258.0,323.0,280.0,285.0,2.0,MEDIUM,29.0,True,,,19.0,1,False,True,Cadillac
BOT,77,49.0,99.218,35.553,44.272,19.393,261.0,270.0,277.0,263.0,2.0,MEDIUM,30.0,True,,,19.0,1,False,True,Cadillac
BOT,77,50.0,96.806,35.977,42.654,18.175,260.0,326.0,265.0,297.0,2.0,MEDIUM,31.0,True,,,19.0,1,False,True,Cadillac
BOT,77,51.0,97.217,36.231,42.639,18.347,261.0,320.0,281.0,284.0,2.0,MEDIUM,32.0,True,,,19.0,1,False,True,Cadillac
BOT,77,52.0,96.269,35.731,42.27,18.268,259.0,323.0,270.0,285.0,2.0,MEDIUM,33.0,True,,,19.0,1,True,True,Cadillac
PIA,81,1.0,95.268,,41.939,18.112,280.0,313.0,279.0,279.0,1.0,MEDIUM,1.0,True,,,1.0,1,False,False,McLaren
PIA,81,2.0,94.949,34.349,42.319,18.281,259.0,306.0,277.0,276.0,1.0,MEDIUM,2.0,True,,,1.0,1,True,True,McLaren
PIA,81,3.0,94.999,34.51,42.299,18.19,261.0,307.0,278.0,277.0,1.0,MEDIUM,3.0,True,,,1.0,1,False,True,McLaren
PIA,81,4.0,95.136,34.595,42.378,18.163,256.0,306.0,278.0,276.0,1.0,MEDIUM,4.0,True,,,1.0,1,False,True,McLaren
PIA,81,5.0,95.124,34.698,42.189,18.237,260.0,307.0,278.0,277.0,1.0,MEDIUM,5.0,True,,,1.0,1,False,True,McLaren
PIA,81,6.0,95.109,34.75,42.041,18.318,260.0,307.0,278.0,277.0,1.0,MEDIUM,6.0,True,,,1.0,1,False,True,McLaren
PIA,81,7.0,95.078,34.677,42.099,18.302,258.0,306.0,279.0,277.0,1.0,MEDIUM,7.0,True,,,1.0,1,False,True,McLaren
PIA,81,8.0,95.815,34.664,42.178,18.973,260.0,305.0,282.0,277.0,1.0,MEDIUM,8.0,True,,,2.0,1,False,True,McLaren
PIA,81,9.0,94.793,34.579,42.047,18.167,262.0,310.0,279.0,278.0,1.0,MEDIUM,9.0,True,,,1.0,1,True,True,McLaren
PIA,81,10.0,95.111,34.906,42.079,18.126,258.0,311.0,279.0,278.0,1.0,MEDIUM,10.0,True,,,1.0,1,False,True,McLaren
PIA,81,11.0,95.419,34.898,42.258,18.263,257.0,305.0,278.0,276.0,1.0,MEDIUM,11.0,True,,,1.0,1,False,True,McLaren
PIA,81,12.0,95.108,34.982,41.999,18.127,260.0,309.0,279.0,277.0,1.0,MEDIUM,12.0,True,,,1.0,1,False,True,McLaren
PIA,81,13.0,94.856,34.656,42.081,18.119,260.0,309.0,279.0,278.0,1.0,MEDIUM,13.0,True,,,1.0,1,False,True,McLaren
PIA,81,14.0,95.095,34.746,42.149,18.2,259.0,309.0,279.0,277.0,1.0,MEDIUM,14.0,True,,,1.0,1,False,True,McLaren
PIA,81,15.0,94.905,34.666,42.047,18.192,260.0,307.0,279.0,277.0,1.0,MEDIUM,15.0,True,,,1.0,1,False,True,McLaren
PIA,81,16.0,94.885,34.712,41.994,18.179,261.0,309.0,279.0,278.0,1.0,MEDIUM,16.0,True,,,1.0,1,False,True,McLaren
PIA,81,17.0,94.916,34.71,42.102,18.104,263.0,309.0,280.0,277.0,1.0,MEDIUM,17.0,True,,,1.0,1,False,True,McLaren
PIA,81,18.0,97.327,34.808,41.961,20.558,260.0,314.0,,279.0,1.0,MEDIUM,18.0,True,,5537.551,2.0,1,False,False,McLaren
PIA,81,19.0,114.537,54.877,41.678,17.982,263.0,320.0,281.0,286.0,2.0,HARD,1.0,True,5560.993,,6.0,1,False,False,McLaren
PIA,81,20.0,94.774,34.54,41.948,18.286,263.0,329.0,284.0,289.0,2.0,HARD,2.0,True,,,6.0,1,True,True,McLaren
PIA,81,21.0,94.01,34.223,41.834,17.953,261.0,319.0,282.0,286.0,2.0,HARD,3.0,True,,,5.0,1,True,True,McLaren
PIA,81,22.0,118.972,34.448,60.223,24.301,207.0,286.0,184.0,239.0,2.0,HARD,4.0,True,,,3.0,124,False,False,McLaren
PIA,81,23.0,138.911,45.225,63.564,30.122,228.0,221.0,222.0,172.0,2.0,HARD,5.0,True,,,2.0,4,False,False,McLaren
PIA,81,24.0,149.294,50.924,71.587,26.783,223.0,213.0,214.0,166.0,2.0,HARD,6.0,True,,,2.0,4,False,False,McLaren
PIA,81,25.0,,51.457,71.673,27.252,217.0,240.0,151.0,134.0,2.0,HARD,7.0,True,,,2.0,4,False,False,McLaren
PIA,81,26.0,145.382,54.935,63.66,26.787,211.0,240.0,247.0,171.0,2.0,HARD,8.0,True,,,2.0,4,False,False,McLaren
PIA,81,27.0,146.074,49.755,67.419,28.9,249.0,117.0,277.0,119.0,2.0,HARD,9.0,True,,,2.0,41,False,False,McLaren
PIA,81,28.0,94.314,34.687,41.607,18.02,263.0,313.0,283.0,280.0,2.0,HARD,10.0,True,,,2.0,1,False,True,McLaren
PIA,81,29.0,93.667,34.162,41.491,18.014,260.0,316.0,281.0,282.0,2.0,HARD,11.0,True,,,2.0,1,True,True,McLaren
PIA,81,30.0,93.699,34.171,41.504,18.024,259.0,310.0,282.0,280.0,2.0,HARD,12.0,True,,,2.0,1,False,True,McLaren
PIA,81,31.0,93.41,34.117,41.379,17.914,262.0,315.0,283.0,281.0,2.0,HARD,13.0,True,,,2.0,1,True,True,McLaren
PIA,81,32.0,93.605,34.092,41.588,17.925,263.0,311.0,283.0,279.0,2.0,HARD,14.0,True,,,2.0,1,False,True,McLaren
PIA,81,33.0,93.484,33.973,41.471,18.04,262.0,313.0,282.0,281.0,2.0,HARD,15.0,True,,,2.0,1,False,True,McLaren
PIA,81,34.0,93.401,33.983,41.44,17.978,263.0,316.0,283.0,282.0,2.0,HARD,16.0,True,,,2.0,1,True,True,McLaren
PIA,81,35.0,93.509,34.01,41.429,18.07,260.0,312.0,283.0,280.0,2.0,HARD,17.0,True,,,2.0,1,False,True,McLaren
PIA,81,36.0,93.411,34.037,41.413,17.961,260.0,314.0,283.0,281.0,2.0,HARD,18.0,True,,,2.0,1,False,True,McLaren
PIA,81,37.0,93.708,34.143,41.53,18.035,260.0,315.0,283.0,280.0,2.0,HARD,19.0,True,,,2.0,1,False,True,McLaren
PIA,81,38.0,93.712,34.06,41.632,18.02,261.0,315.0,283.0,281.0,2.0,HARD,20.0,True,,,2.0,1,False,True,McLaren
PIA,81,39.0,93.467,34.091,41.454,17.922,259.0,313.0,284.0,281.0,2.0,HARD,21.0,True,,,2.0,1,False,True,McLaren
PIA,81,40.0,93.469,33.973,41.488,18.008,263.0,312.0,283.0,280.0,2.0,HARD,22.0,True,,,2.0,1,False,True,McLaren
PIA,81,41.0,93.764,34.144,41.495,18.125,260.0,313.0,282.0,280.0,2.0,HARD,23.0,True,,,2.0,1,False,True,McLaren
PIA,81,42.0,93.513,34.093,41.428,17.992,263.0,314.0,283.0,280.0,2.0,HARD,24.0,True,,,2.0,1,False,True,McLaren
PIA,81,43.0,93.518,34.075,41.509,17.934,260.0,313.0,284.0,279.0,2.0,HARD,25.0,True,,,2.0,1,False,True,McLaren
PIA,81,44.0,93.431,34.012,41.389,18.03,261.0,313.0,284.0,280.0,2.0,HARD,26.0,True,,,2.0,1,False,True,McLaren
PIA,81,45.0,93.523,34.114,41.348,18.061,261.0,313.0,284.0,280.0,2.0,HARD,27.0,True,,,2.0,1,False,True,McLaren
PIA,81,46.0,93.329,34.061,41.333,17.935,263.0,314.0,284.0,282.0,2.0,HARD,28.0,True,,,2.0,1,True,True,McLaren
PIA,81,47.0,93.197,34.033,41.308,17.856,265.0,317.0,286.0,283.0,2.0,HARD,29.0,True,,,2.0,1,True,True,McLaren
PIA,81,48.0,93.371,34.061,41.467,17.843,263.0,315.0,285.0,283.0,2.0,HARD,30.0,True,,,2.0,1,False,True,McLaren
PIA,81,49.0,92.996,33.887,41.221,17.888,265.0,314.0,285.0,281.0,2.0,HARD,31.0,True,,,2.0,1,True,True,McLaren
PIA,81,50.0,93.266,34.063,41.329,17.874,264.0,316.0,285.0,283.0,2.0,HARD,32.0,True,,,2.0,1,False,True,McLaren
PIA,81,51.0,93.826,34.227,41.683,17.916,263.0,313.0,285.0,279.0,2.0,HARD,33.0,True,,,2.0,1,False,True,McLaren
PIA,81,52.0,93.012,33.922,41.214,17.876,265.0,314.0,286.0,280.0,2.0,HARD,34.0,True,,,2.0,1,False,True,McLaren
PIA,81,53.0,93.294,34.027,41.299,17.968,266.0,316.0,283.0,282.0,2.0,HARD,35.0,True,,,2.0,1,False,True,McLaren
BEA,87,1.0,104.406,,44.063,18.181,257.0,332.0,278.0,285.0,1.0,MEDIUM,1.0,True,,,16.0,1,False,False,Haas F1 Team
BEA,87,2.0,96.402,35.357,42.813,18.232,253.0,341.0,278.0,296.0,1.0,MEDIUM,2.0,True,,,15.0,1,True,True,Haas F1 Team
BEA,87,3.0,97.62,35.971,43.452,18.197,284.0,320.0,273.0,284.0,1.0,MEDIUM,3.0,True,,,14.0,1,False,True,Haas F1 Team
BEA,87,4.0,96.663,35.617,42.79,18.256,255.0,321.0,276.0,285.0,1.0,MEDIUM,4.0,True,,,14.0,1,False,True,Haas F1 Team
BEA,87,5.0,96.847,35.611,42.83,18.406,252.0,316.0,274.0,283.0,1.0,MEDIUM,5.0,True,,,14.0,1,False,True,Haas F1 Team
BEA,87,6.0,96.914,35.624,42.887,18.403,254.0,317.0,276.0,283.0,1.0,MEDIUM,6.0,True,,,14.0,1,False,True,Haas F1 Team
BEA,87,7.0,97.42,36.232,42.92,18.268,253.0,320.0,275.0,286.0,1.0,MEDIUM,7.0,True,,,15.0,1,False,True,Haas F1 Team
BEA,87,8.0,96.291,35.633,42.568,18.09,259.0,338.0,277.0,296.0,1.0,MEDIUM,8.0,True,,,15.0,1,True,True,Haas F1 Team
BEA,87,9.0,96.294,35.6,42.612,18.082,256.0,334.0,278.0,294.0,1.0,MEDIUM,9.0,True,,,15.0,1,False,True,Haas F1 Team
BEA,87,10.0,96.764,35.806,42.842,18.116,256.0,333.0,277.0,291.0,1.0,MEDIUM,10.0,True,,,15.0,1,False,True,Haas F1 Team
BEA,87,11.0,97.79,35.755,43.708,18.327,254.0,316.0,274.0,281.0,1.0,MEDIUM,11.0,True,,,15.0,1,False,True,Haas F1 Team
BEA,87,12.0,97.128,35.897,42.843,18.388,255.0,316.0,275.0,282.0,1.0,MEDIUM,12.0,True,,,15.0,1,False,True,Haas F1 Team
BEA,87,13.0,96.764,35.712,42.709,18.343,253.0,319.0,276.0,284.0,1.0,MEDIUM,13.0,True,,,15.0,1,False,True,Haas F1 Team
BEA,87,14.0,96.645,35.672,42.701,18.272,258.0,320.0,276.0,284.0,1.0,MEDIUM,14.0,True,,,15.0,1,False,True,Haas F1 Team
BEA,87,15.0,96.624,35.622,42.581,18.421,258.0,322.0,279.0,285.0,1.0,MEDIUM,15.0,True,,,15.0,1,False,True,Haas F1 Team
BEA,87,16.0,98.787,35.528,42.582,20.677,258.0,325.0,,288.0,1.0,MEDIUM,16.0,True,,5383.059,16.0,1,False,False,Haas F1 Team
BEA,87,17.0,117.448,57.139,41.84,18.469,263.0,323.0,279.0,266.0,2.0,HARD,1.0,True,5408.107,,19.0,1,False,False,Haas F1 Team
BEA,87,18.0,96.054,35.006,42.424,18.624,256.0,324.0,279.0,288.0,2.0,HARD,2.0,True,,,19.0,1,True,True,Haas F1 Team
BEA,87,19.0,95.905,35.345,42.252,18.308,257.0,337.0,278.0,294.0,2.0,HARD,3.0,True,,,18.0,1,True,True,Haas F1 Team
BEA,87,20.0,95.604,35.253,42.31,18.041,262.0,335.0,279.0,294.0,2.0,HARD,4.0,True,,,18.0,1,True,True,Haas F1 Team
BEA,87,21.0,,,,,,,,,2.0,HARD,5.0,True,,,,124,,False,Haas F1 Team
