GP,Driver,Team,Stint,Compound,TyreLife,LapNumber,LapTime_sec,Sector1Time_sec,Sector2Time_sec,Sector3Time_sec,FreshTyre,LongRunID,CleanLapCount
R01_Australia,ALB,Williams,1.0,MEDIUM,2.0,2.0,87.78,31.155,18.16,38.465,True,R01_Australia_ALB_S1,8
R01_Australia,ALB,Williams,1.0,MEDIUM,3.0,3.0,87.512,31.369,18.234,37.909,True,R01_Australia_ALB_S1,8
R01_Australia,ALB,Williams,1.0,MEDIUM,5.0,5.0,87.176,30.385,18.275,38.516,True,R01_Australia_ALB_S1,8
R01_Australia,ALB,Williams,1.0,MEDIUM,6.0,6.0,86.436,30.347,18.545,37.544,True,R01_Australia_ALB_S1,8
R01_Australia,ALB,Williams,1.0,MEDIUM,7.0,7.0,85.688,30.041,18.442,37.205,True,R01_Australia_ALB_S1,8
R01_Australia,ALB,Williams,1.0,MEDIUM,8.0,8.0,85.558,29.979,18.318,37.261,True,R01_Australia_ALB_S1,8
R01_Australia,ALB,Williams,1.0,MEDIUM,9.0,9.0,85.728,30.086,18.257,37.385,True,R01_Australia_ALB_S1,8
R01_Australia,ALB,Williams,1.0,MEDIUM,10.0,10.0,86.03,30.181,18.432,37.417,True,R01_Australia_ALB_S1,8
R01_Australia,ALB,Williams,2.0,HARD,2.0,14.0,85.379,30.09,18.34,36.949,True,R01_Australia_ALB_S2,16
R01_Australia,ALB,Williams,2.0,HARD,3.0,15.0,85.035,29.782,18.291,36.962,True,R01_Australia_ALB_S2,16
R01_Australia,ALB,Williams,2.0,HARD,5.0,17.0,85.662,29.953,18.346,37.363,True,R01_Australia_ALB_S2,16
R01_Australia,ALB,Williams,2.0,HARD,8.0,20.0,85.041,29.647,18.338,37.056,True,R01_Australia_ALB_S2,16
R01_Australia,ALB,Williams,2.0,HARD,9.0,21.0,85.065,29.694,18.172,37.199,True,R01_Australia_ALB_S2,16
R01_Australia,ALB,Williams,2.0,HARD,10.0,22.0,85.297,29.771,18.29,37.236,True,R01_Australia_ALB_S2,16
R01_Australia,ALB,Williams,2.0,HARD,11.0,23.0,85.258,29.798,18.173,37.287,True,R01_Australia_ALB_S2,16
R01_Australia,ALB,Williams,2.0,HARD,12.0,24.0,85.334,29.842,18.245,37.247,True,R01_Australia_ALB_S2,16
R01_Australia,ALB,Williams,2.0,HARD,13.0,25.0,85.569,29.99,18.291,37.288,True,R01_Australia_ALB_S2,16
R01_Australia,ALB,Williams,2.0,HARD,14.0,26.0,85.782,29.871,18.341,37.57,True,R01_Australia_ALB_S2,16
R01_Australia,ALB,Williams,2.0,HARD,15.0,27.0,85.734,29.901,18.232,37.601,True,R01_Australia_ALB_S2,16
R01_Australia,ALB,Williams,2.0,HARD,16.0,28.0,86.642,30.362,18.456,37.824,True,R01_Australia_ALB_S2,16
R01_Australia,ALB,Williams,2.0,HARD,17.0,29.0,86.614,30.359,18.191,38.064,True,R01_Australia_ALB_S2,16
R01_Australia,ALB,Williams,2.0,HARD,18.0,30.0,86.472,30.327,18.382,37.763,True,R01_Australia_ALB_S2,16
R01_Australia,ALB,Williams,2.0,HARD,19.0,31.0,86.523,30.134,18.46,37.929,True,R01_Australia_ALB_S2,16
R01_Australia,ALB,Williams,2.0,HARD,20.0,32.0,86.459,30.357,18.353,37.749,True,R01_Australia_ALB_S2,16
R01_Australia,ALB,Williams,3.0,SOFT,2.0,35.0,84.446,29.483,18.135,36.828,True,R01_Australia_ALB_S3,23
R01_Australia,ALB,Williams,3.0,SOFT,3.0,36.0,84.375,29.418,18.165,36.792,True,R01_Australia_ALB_S3,23
R01_Australia,ALB,Williams,3.0,SOFT,4.0,37.0,85.052,29.898,18.205,36.949,True,R01_Australia_ALB_S3,23
R01_Australia,ALB,Williams,3.0,SOFT,5.0,38.0,86.338,29.646,18.304,38.388,True,R01_Australia_ALB_S3,23
R01_Australia,ALB,Williams,3.0,SOFT,6.0,39.0,84.858,29.97,18.028,36.86,True,R01_Australia_ALB_S3,23
R01_Australia,ALB,Williams,3.0,SOFT,7.0,40.0,86.672,29.92,18.212,38.54,True,R01_Australia_ALB_S3,23
R01_Australia,ALB,Williams,3.0,SOFT,8.0,41.0,84.876,29.843,18.061,36.972,True,R01_Australia_ALB_S3,23
R01_Australia,ALB,Williams,3.0,SOFT,9.0,42.0,84.858,29.705,18.242,36.911,True,R01_Australia_ALB_S3,23
R01_Australia,ALB,Williams,3.0,SOFT,10.0,43.0,84.956,29.745,18.256,36.955,True,R01_Australia_ALB_S3,23
R01_Australia,ALB,Williams,3.0,SOFT,11.0,44.0,84.841,29.537,18.178,37.126,True,R01_Australia_ALB_S3,23
R01_Australia,ALB,Williams,3.0,SOFT,12.0,45.0,84.702,29.548,18.205,36.949,True,R01_Australia_ALB_S3,23
R01_Australia,ALB,Williams,3.0,SOFT,13.0,46.0,84.777,29.574,18.274,36.929,True,R01_Australia_ALB_S3,23
R01_Australia,ALB,Williams,3.0,SOFT,14.0,47.0,84.815,29.602,18.169,37.044,True,R01_Australia_ALB_S3,23
R01_Australia,ALB,Williams,3.0,SOFT,15.0,48.0,84.773,29.606,18.156,37.011,True,R01_Australia_ALB_S3,23
R01_Australia,ALB,Williams,3.0,SOFT,16.0,49.0,84.785,29.474,18.34,36.971,True,R01_Australia_ALB_S3,23
R01_Australia,ALB,Williams,3.0,SOFT,17.0,50.0,84.856,29.794,18.218,36.844,True,R01_Australia_ALB_S3,23
R01_Australia,ALB,Williams,3.0,SOFT,18.0,51.0,84.749,29.468,18.211,37.07,True,R01_Australia_ALB_S3,23
R01_Australia,ALB,Williams,3.0,SOFT,19.0,52.0,84.764,29.582,18.133,37.049,True,R01_Australia_ALB_S3,23
R01_Australia,ALB,Williams,3.0,SOFT,20.0,53.0,85.019,29.769,18.199,37.051,True,R01_Australia_ALB_S3,23
R01_Australia,ALB,Williams,3.0,SOFT,21.0,54.0,84.861,29.69,18.266,36.905,True,R01_Australia_ALB_S3,23
R01_Australia,ALB,Williams,3.0,SOFT,22.0,55.0,84.995,29.747,18.208,37.04,True,R01_Australia_ALB_S3,23
R01_Australia,ALB,Williams,3.0,SOFT,23.0,56.0,86.387,29.824,18.321,38.242,True,R01_Australia_ALB_S3,23
R01_Australia,ALB,Williams,3.0,SOFT,24.0,57.0,86.268,31.326,18.011,36.931,True,R01_Australia_ALB_S3,23
R01_Australia,ALO,Aston Martin,1.0,SOFT,2.0,2.0,87.598,31.374,18.457,37.767,True,R01_Australia_ALO_S1,5
R01_Australia,ALO,Aston Martin,1.0,SOFT,4.0,4.0,87.424,31.163,18.447,37.814,True,R01_Australia_ALO_S1,5
R01_Australia,ALO,Aston Martin,1.0,SOFT,8.0,8.0,86.792,30.618,18.468,37.706,True,R01_Australia_ALO_S1,5
R01_Australia,ALO,Aston Martin,1.0,SOFT,9.0,9.0,87.04,30.452,18.65,37.938,True,R01_Australia_ALO_S1,5
R01_Australia,ALO,Aston Martin,1.0,SOFT,10.0,10.0,87.475,30.587,18.88,38.008,True,R01_Australia_ALO_S1,5
R01_Australia,ALO,Aston Martin,3.0,SOFT,4.0,15.0,85.713,29.879,18.494,37.34,False,R01_Australia_ALO_S3,5
R01_Australia,ALO,Aston Martin,3.0,SOFT,5.0,16.0,86.131,30.073,18.874,37.184,False,R01_Australia_ALO_S3,5
R01_Australia,ALO,Aston Martin,3.0,SOFT,6.0,17.0,86.376,30.067,19.021,37.288,False,R01_Australia_ALO_S3,5
R01_Australia,ALO,Aston Martin,3.0,SOFT,7.0,18.0,85.908,30.043,18.796,37.069,False,R01_Australia_ALO_S3,5
R01_Australia,ALO,Aston Martin,3.0,SOFT,9.0,20.0,86.641,30.312,18.834,37.495,False,R01_Australia_ALO_S3,5
R01_Australia,ANT,Mercedes,1.0,MEDIUM,2.0,2.0,87.129,30.82,18.035,38.274,True,R01_Australia_ANT_S1,9
R01_Australia,ANT,Mercedes,1.0,MEDIUM,3.0,3.0,85.463,30.586,18.042,36.835,True,R01_Australia_ANT_S1,9
R01_Australia,ANT,Mercedes,1.0,MEDIUM,4.0,4.0,85.411,29.869,17.795,37.747,True,R01_Australia_ANT_S1,9
R01_Australia,ANT,Mercedes,1.0,MEDIUM,5.0,5.0,84.499,29.761,18.073,36.665,True,R01_Australia_ANT_S1,9
R01_Australia,ANT,Mercedes,1.0,MEDIUM,6.0,6.0,84.024,29.534,17.861,36.629,True,R01_Australia_ANT_S1,9
R01_Australia,ANT,Mercedes,1.0,MEDIUM,7.0,7.0,83.835,29.537,18.052,36.246,True,R01_Australia_ANT_S1,9
R01_Australia,ANT,Mercedes,1.0,MEDIUM,8.0,8.0,83.683,29.573,17.945,36.165,True,R01_Australia_ANT_S1,9
R01_Australia,ANT,Mercedes,1.0,MEDIUM,9.0,9.0,83.908,29.601,17.91,36.397,True,R01_Australia_ANT_S1,9
R01_Australia,ANT,Mercedes,1.0,MEDIUM,10.0,10.0,84.037,29.723,17.879,36.435,True,R01_Australia_ANT_S1,9
R01_Australia,ANT,Mercedes,2.0,HARD,3.0,15.0,83.287,29.346,17.73,36.211,True,R01_Australia_ANT_S2,40
R01_Australia,ANT,Mercedes,2.0,HARD,4.0,16.0,83.618,29.345,17.992,36.281,True,R01_Australia_ANT_S2,40
R01_Australia,ANT,Mercedes,2.0,HARD,5.0,17.0,83.26,29.46,17.93,35.87,True,R01_Australia_ANT_S2,40
R01_Australia,ANT,Mercedes,2.0,HARD,9.0,21.0,82.781,28.955,17.927,35.899,True,R01_Australia_ANT_S2,40
R01_Australia,ANT,Mercedes,2.0,HARD,10.0,22.0,82.862,28.856,17.864,36.142,True,R01_Australia_ANT_S2,40
R01_Australia,ANT,Mercedes,2.0,HARD,11.0,23.0,82.582,28.958,17.767,35.857,True,R01_Australia_ANT_S2,40
R01_Australia,ANT,Mercedes,2.0,HARD,12.0,24.0,83.222,29.329,17.828,36.065,True,R01_Australia_ANT_S2,40
R01_Australia,ANT,Mercedes,2.0,HARD,13.0,25.0,84.545,29.326,17.855,37.364,True,R01_Australia_ANT_S2,40
R01_Australia,ANT,Mercedes,2.0,HARD,14.0,26.0,83.138,29.311,17.911,35.916,True,R01_Australia_ANT_S2,40
R01_Australia,ANT,Mercedes,2.0,HARD,15.0,27.0,83.103,29.187,17.915,36.001,True,R01_Australia_ANT_S2,40
R01_Australia,ANT,Mercedes,2.0,HARD,16.0,28.0,83.03,29.174,17.872,35.984,True,R01_Australia_ANT_S2,40
R01_Australia,ANT,Mercedes,2.0,HARD,17.0,29.0,82.968,29.145,17.888,35.935,True,R01_Australia_ANT_S2,40
R01_Australia,ANT,Mercedes,2.0,HARD,18.0,30.0,82.889,29.144,17.803,35.942,True,R01_Australia_ANT_S2,40
R01_Australia,ANT,Mercedes,2.0,HARD,19.0,31.0,82.88,29.175,17.772,35.933,True,R01_Australia_ANT_S2,40
R01_Australia,ANT,Mercedes,2.0,HARD,20.0,32.0,83.239,29.509,17.78,35.95,True,R01_Australia_ANT_S2,40
R01_Australia,ANT,Mercedes,2.0,HARD,21.0,33.0,83.017,29.36,17.772,35.885,True,R01_Australia_ANT_S2,40
R01_Australia,ANT,Mercedes,2.0,HARD,23.0,35.0,83.292,29.604,17.871,35.817,True,R01_Australia_ANT_S2,40
R01_Australia,ANT,Mercedes,2.0,HARD,24.0,36.0,82.865,29.264,17.788,35.813,True,R01_Australia_ANT_S2,40
R01_Australia,ANT,Mercedes,2.0,HARD,25.0,37.0,82.966,29.271,17.847,35.848,True,R01_Australia_ANT_S2,40
R01_Australia,ANT,Mercedes,2.0,HARD,26.0,38.0,82.989,29.155,17.873,35.961,True,R01_Australia_ANT_S2,40
R01_Australia,ANT,Mercedes,2.0,HARD,27.0,39.0,82.921,29.196,17.847,35.878,True,R01_Australia_ANT_S2,40
R01_Australia,ANT,Mercedes,2.0,HARD,28.0,40.0,82.672,29.1,17.868,35.704,True,R01_Australia_ANT_S2,40
R01_Australia,ANT,Mercedes,2.0,HARD,29.0,41.0,82.928,29.162,17.803,35.963,True,R01_Australia_ANT_S2,40
R01_Australia,ANT,Mercedes,2.0,HARD,30.0,42.0,82.942,29.075,17.803,36.064,True,R01_Australia_ANT_S2,40
R01_Australia,ANT,Mercedes,2.0,HARD,31.0,43.0,83.015,29.244,17.82,35.951,True,R01_Australia_ANT_S2,40
R01_Australia,ANT,Mercedes,2.0,HARD,32.0,44.0,83.079,29.252,17.743,36.084,True,R01_Australia_ANT_S2,40
R01_Australia,ANT,Mercedes,2.0,HARD,33.0,45.0,83.123,29.311,17.763,36.049,True,R01_Australia_ANT_S2,40
R01_Australia,ANT,Mercedes,2.0,HARD,34.0,46.0,83.038,29.35,17.698,35.99,True,R01_Australia_ANT_S2,40
R01_Australia,ANT,Mercedes,2.0,HARD,35.0,47.0,83.066,29.276,17.687,36.103,True,R01_Australia_ANT_S2,40
R01_Australia,ANT,Mercedes,2.0,HARD,36.0,48.0,82.992,29.415,17.461,36.116,True,R01_Australia_ANT_S2,40
R01_Australia,ANT,Mercedes,2.0,HARD,37.0,49.0,83.245,29.403,17.728,36.114,True,R01_Australia_ANT_S2,40
R01_Australia,ANT,Mercedes,2.0,HARD,38.0,50.0,82.903,29.148,17.703,36.052,True,R01_Australia_ANT_S2,40
R01_Australia,ANT,Mercedes,2.0,HARD,39.0,51.0,82.625,29.108,17.706,35.811,True,R01_Australia_ANT_S2,40
R01_Australia,ANT,Mercedes,2.0,HARD,40.0,52.0,82.558,28.925,17.654,35.979,True,R01_Australia_ANT_S2,40
R01_Australia,ANT,Mercedes,2.0,HARD,41.0,53.0,82.613,29.088,17.651,35.874,True,R01_Australia_ANT_S2,40
R01_Australia,ANT,Mercedes,2.0,HARD,42.0,54.0,82.842,29.051,17.58,36.211,True,R01_Australia_ANT_S2,40
R01_Australia,ANT,Mercedes,2.0,HARD,43.0,55.0,82.928,29.332,17.668,35.928,True,R01_Australia_ANT_S2,40
R01_Australia,ANT,Mercedes,2.0,HARD,44.0,56.0,82.603,29.022,17.718,35.863,True,R01_Australia_ANT_S2,40
R01_Australia,ANT,Mercedes,2.0,HARD,45.0,57.0,82.417,28.926,17.66,35.831,True,R01_Australia_ANT_S2,40
R01_Australia,ANT,Mercedes,2.0,HARD,46.0,58.0,82.653,29.285,17.53,35.838,True,R01_Australia_ANT_S2,40
R01_Australia,BEA,Haas F1 Team,1.0,MEDIUM,2.0,2.0,87.321,31.318,17.972,38.031,True,R01_Australia_BEA_S1,13
R01_Australia,BEA,Haas F1 Team,1.0,MEDIUM,3.0,3.0,86.384,30.808,17.827,37.749,True,R01_Australia_BEA_S1,13
R01_Australia,BEA,Haas F1 Team,1.0,MEDIUM,4.0,4.0,85.92,30.862,17.971,37.087,True,R01_Australia_BEA_S1,13
R01_Australia,BEA,Haas F1 Team,1.0,MEDIUM,5.0,5.0,86.003,30.282,17.787,37.934,True,R01_Australia_BEA_S1,13
R01_Australia,BEA,Haas F1 Team,1.0,MEDIUM,6.0,6.0,85.969,30.46,17.915,37.594,True,R01_Australia_BEA_S1,13
R01_Australia,BEA,Haas F1 Team,1.0,MEDIUM,7.0,7.0,85.195,30.059,17.825,37.311,True,R01_Australia_BEA_S1,13
R01_Australia,BEA,Haas F1 Team,1.0,MEDIUM,8.0,8.0,86.046,30.659,17.882,37.505,True,R01_Australia_BEA_S1,13
R01_Australia,BEA,Haas F1 Team,1.0,MEDIUM,9.0,9.0,85.397,30.278,17.817,37.302,True,R01_Australia_BEA_S1,13
R01_Australia,BEA,Haas F1 Team,1.0,MEDIUM,10.0,10.0,85.668,30.297,18.01,37.361,True,R01_Australia_BEA_S1,13
R01_Australia,BEA,Haas F1 Team,1.0,MEDIUM,14.0,14.0,85.628,30.797,17.889,36.942,True,R01_Australia_BEA_S1,13
R01_Australia,BEA,Haas F1 Team,1.0,MEDIUM,15.0,15.0,84.562,29.899,17.9,36.763,True,R01_Australia_BEA_S1,13
R01_Australia,BEA,Haas F1 Team,1.0,MEDIUM,16.0,16.0,84.563,29.989,17.862,36.712,True,R01_Australia_BEA_S1,13
R01_Australia,BEA,Haas F1 Team,1.0,MEDIUM,17.0,17.0,84.807,29.903,17.864,37.04,True,R01_Australia_BEA_S1,13
R01_Australia,BEA,Haas F1 Team,2.0,HARD,2.0,20.0,85.186,30.325,18.096,36.765,True,R01_Australia_BEA_S2,36
R01_Australia,BEA,Haas F1 Team,2.0,HARD,3.0,21.0,84.203,29.657,17.797,36.749,True,R01_Australia_BEA_S2,36
R01_Australia,BEA,Haas F1 Team,2.0,HARD,4.0,22.0,84.02,29.612,17.74,36.668,True,R01_Australia_BEA_S2,36
R01_Australia,BEA,Haas F1 Team,2.0,HARD,5.0,23.0,84.968,29.567,17.634,37.767,True,R01_Australia_BEA_S2,36
R01_Australia,BEA,Haas F1 Team,2.0,HARD,6.0,24.0,84.692,30.072,17.69,36.93,True,R01_Australia_BEA_S2,36
R01_Australia,BEA,Haas F1 Team,2.0,HARD,7.0,25.0,84.058,29.636,17.814,36.608,True,R01_Australia_BEA_S2,36
R01_Australia,BEA,Haas F1 Team,2.0,HARD,8.0,26.0,84.155,29.668,17.625,36.862,True,R01_Australia_BEA_S2,36
R01_Australia,BEA,Haas F1 Team,2.0,HARD,9.0,27.0,84.284,29.726,17.609,36.949,True,R01_Australia_BEA_S2,36
R01_Australia,BEA,Haas F1 Team,2.0,HARD,10.0,28.0,84.216,29.846,17.628,36.742,True,R01_Australia_BEA_S2,36
R01_Australia,BEA,Haas F1 Team,2.0,HARD,11.0,29.0,85.315,30.327,17.782,37.206,True,R01_Australia_BEA_S2,36
R01_Australia,BEA,Haas F1 Team,2.0,HARD,12.0,30.0,84.509,30.01,17.606,36.893,True,R01_Australia_BEA_S2,36
R01_Australia,BEA,Haas F1 Team,2.0,HARD,13.0,31.0,84.627,29.852,17.853,36.922,True,R01_Australia_BEA_S2,36
R01_Australia,BEA,Haas F1 Team,2.0,HARD,14.0,32.0,85.006,29.938,17.578,37.49,True,R01_Australia_BEA_S2,36
R01_Australia,BEA,Haas F1 Team,2.0,HARD,17.0,35.0,84.914,29.802,17.906,37.206,True,R01_Australia_BEA_S2,36
R01_Australia,BEA,Haas F1 Team,2.0,HARD,18.0,36.0,84.598,29.899,17.866,36.833,True,R01_Australia_BEA_S2,36
R01_Australia,BEA,Haas F1 Team,2.0,HARD,19.0,37.0,84.5,29.841,17.845,36.814,True,R01_Australia_BEA_S2,36
R01_Australia,BEA,Haas F1 Team,2.0,HARD,20.0,38.0,85.093,30.271,17.823,36.999,True,R01_Australia_BEA_S2,36
R01_Australia,BEA,Haas F1 Team,2.0,HARD,21.0,39.0,84.756,29.868,17.623,37.265,True,R01_Australia_BEA_S2,36
R01_Australia,BEA,Haas F1 Team,2.0,HARD,22.0,40.0,86.988,31.001,18.417,37.57,True,R01_Australia_BEA_S2,36
R01_Australia,BEA,Haas F1 Team,2.0,HARD,23.0,41.0,85.049,30.227,17.895,36.927,True,R01_Australia_BEA_S2,36
R01_Australia,BEA,Haas F1 Team,2.0,HARD,24.0,42.0,84.503,29.878,17.797,36.828,True,R01_Australia_BEA_S2,36
R01_Australia,BEA,Haas F1 Team,2.0,HARD,25.0,43.0,84.549,29.93,17.826,36.793,True,R01_Australia_BEA_S2,36
R01_Australia,BEA,Haas F1 Team,2.0,HARD,26.0,44.0,84.612,29.765,17.929,36.918,True,R01_Australia_BEA_S2,36
R01_Australia,BEA,Haas F1 Team,2.0,HARD,27.0,45.0,84.13,29.72,17.84,36.57,True,R01_Australia_BEA_S2,36
R01_Australia,BEA,Haas F1 Team,2.0,HARD,28.0,46.0,84.55,29.882,17.845,36.823,True,R01_Australia_BEA_S2,36
R01_Australia,BEA,Haas F1 Team,2.0,HARD,29.0,47.0,84.76,30.001,17.883,36.876,True,R01_Australia_BEA_S2,36
R01_Australia,BEA,Haas F1 Team,2.0,HARD,30.0,48.0,84.404,29.64,17.866,36.898,True,R01_Australia_BEA_S2,36
R01_Australia,BEA,Haas F1 Team,2.0,HARD,31.0,49.0,84.281,29.732,17.826,36.723,True,R01_Australia_BEA_S2,36
R01_Australia,BEA,Haas F1 Team,2.0,HARD,32.0,50.0,84.467,29.811,17.831,36.825,True,R01_Australia_BEA_S2,36
R01_Australia,BEA,Haas F1 Team,2.0,HARD,33.0,51.0,84.233,29.84,17.83,36.563,True,R01_Australia_BEA_S2,36
R01_Australia,BEA,Haas F1 Team,2.0,HARD,34.0,52.0,84.264,29.794,17.777,36.693,True,R01_Australia_BEA_S2,36
R01_Australia,BEA,Haas F1 Team,2.0,HARD,35.0,53.0,84.615,29.699,17.937,36.979,True,R01_Australia_BEA_S2,36
R01_Australia,BEA,Haas F1 Team,2.0,HARD,36.0,54.0,84.61,29.965,17.876,36.769,True,R01_Australia_BEA_S2,36
R01_Australia,BEA,Haas F1 Team,2.0,HARD,37.0,55.0,84.5,29.725,17.93,36.845,True,R01_Australia_BEA_S2,36
R01_Australia,BEA,Haas F1 Team,2.0,HARD,38.0,56.0,86.439,29.768,17.858,38.813,True,R01_Australia_BEA_S2,36
R01_Australia,BEA,Haas F1 Team,2.0,HARD,39.0,57.0,86.649,30.005,17.905,38.739,True,R01_Australia_BEA_S2,36
R01_Australia,BOR,Audi,1.0,MEDIUM,2.0,2.0,87.538,31.092,18.428,38.018,True,R01_Australia_BOR_S1,13
R01_Australia,BOR,Audi,1.0,MEDIUM,3.0,3.0,86.324,30.546,18.125,37.653,True,R01_Australia_BOR_S1,13
R01_Australia,BOR,Audi,1.0,MEDIUM,4.0,4.0,86.032,30.416,18.415,37.201,True,R01_Australia_BOR_S1,13
R01_Australia,BOR,Audi,1.0,MEDIUM,5.0,5.0,86.327,30.512,17.836,37.979,True,R01_Australia_BOR_S1,13
R01_Australia,BOR,Audi,1.0,MEDIUM,6.0,6.0,87.463,31.563,18.038,37.862,True,R01_Australia_BOR_S1,13
R01_Australia,BOR,Audi,1.0,MEDIUM,7.0,7.0,85.785,30.465,17.945,37.375,True,R01_Australia_BOR_S1,13
R01_Australia,BOR,Audi,1.0,MEDIUM,8.0,8.0,85.47,30.114,17.925,37.431,True,R01_Australia_BOR_S1,13
R01_Australia,BOR,Audi,1.0,MEDIUM,9.0,9.0,85.224,30.146,17.839,37.239,True,R01_Australia_BOR_S1,13
R01_Australia,BOR,Audi,1.0,MEDIUM,10.0,10.0,85.561,30.476,17.834,37.251,True,R01_Australia_BOR_S1,13
R01_Australia,BOR,Audi,1.0,MEDIUM,14.0,14.0,85.958,31.023,17.824,37.111,True,R01_Australia_BOR_S1,13
R01_Australia,BOR,Audi,1.0,MEDIUM,15.0,15.0,84.819,29.86,17.908,37.051,True,R01_Australia_BOR_S1,13
R01_Australia,BOR,Audi,1.0,MEDIUM,16.0,16.0,84.98,29.821,17.96,37.199,True,R01_Australia_BOR_S1,13
R01_Australia,BOR,Audi,1.0,MEDIUM,17.0,17.0,85.061,29.831,18.092,37.138,True,R01_Australia_BOR_S1,13
R01_Australia,BOR,Audi,2.0,HARD,2.0,20.0,85.201,29.953,18.498,36.75,True,R01_Australia_BOR_S2,13
R01_Australia,BOR,Audi,2.0,HARD,3.0,21.0,85.044,29.937,18.308,36.799,True,R01_Australia_BOR_S2,13
R01_Australia,BOR,Audi,2.0,HARD,4.0,22.0,84.428,29.747,18.079,36.602,True,R01_Australia_BOR_S2,13
R01_Australia,BOR,Audi,2.0,HARD,5.0,23.0,84.335,29.835,17.95,36.55,True,R01_Australia_BOR_S2,13
R01_Australia,BOR,Audi,2.0,HARD,6.0,24.0,84.327,29.815,18.001,36.511,True,R01_Australia_BOR_S2,13
R01_Australia,BOR,Audi,2.0,HARD,7.0,25.0,84.37,29.685,18.019,36.666,True,R01_Australia_BOR_S2,13
R01_Australia,BOR,Audi,2.0,HARD,8.0,26.0,84.533,29.804,18.015,36.714,True,R01_Australia_BOR_S2,13
R01_Australia,BOR,Audi,2.0,HARD,9.0,27.0,84.535,29.947,17.963,36.625,True,R01_Australia_BOR_S2,13
R01_Australia,BOR,Audi,2.0,HARD,10.0,28.0,84.44,29.912,18.051,36.477,True,R01_Australia_BOR_S2,13
R01_Australia,BOR,Audi,2.0,HARD,11.0,29.0,84.694,29.861,18.058,36.775,True,R01_Australia_BOR_S2,13
R01_Australia,BOR,Audi,2.0,HARD,12.0,30.0,84.364,29.865,17.935,36.564,True,R01_Australia_BOR_S2,13
R01_Australia,BOR,Audi,2.0,HARD,13.0,31.0,84.153,29.79,17.858,36.505,True,R01_Australia_BOR_S2,13
R01_Australia,BOR,Audi,2.0,HARD,14.0,32.0,83.978,29.576,17.889,36.513,True,R01_Australia_BOR_S2,13
R01_Australia,BOR,Audi,3.0,HARD,2.0,35.0,83.954,29.405,18.24,36.309,True,R01_Australia_BOR_S3,23
R01_Australia,BOR,Audi,3.0,HARD,3.0,36.0,83.655,29.478,17.963,36.214,True,R01_Australia_BOR_S3,23
R01_Australia,BOR,Audi,3.0,HARD,4.0,37.0,83.732,29.506,17.848,36.378,True,R01_Australia_BOR_S3,23
R01_Australia,BOR,Audi,3.0,HARD,5.0,38.0,85.119,29.421,17.884,37.814,True,R01_Australia_BOR_S3,23
R01_Australia,BOR,Audi,3.0,HARD,6.0,39.0,84.83,30.093,18.191,36.546,True,R01_Australia_BOR_S3,23
R01_Australia,BOR,Audi,3.0,HARD,7.0,40.0,84.696,29.516,18.522,36.658,True,R01_Australia_BOR_S3,23
R01_Australia,BOR,Audi,3.0,HARD,8.0,41.0,84.47,29.94,18.115,36.415,True,R01_Australia_BOR_S3,23
R01_Australia,BOR,Audi,3.0,HARD,9.0,42.0,83.803,29.508,17.946,36.349,True,R01_Australia_BOR_S3,23
R01_Australia,BOR,Audi,3.0,HARD,10.0,43.0,83.643,29.475,17.879,36.289,True,R01_Australia_BOR_S3,23
R01_Australia,BOR,Audi,3.0,HARD,11.0,44.0,83.736,29.581,17.856,36.299,True,R01_Australia_BOR_S3,23
R01_Australia,BOR,Audi,3.0,HARD,12.0,45.0,83.257,29.395,17.8,36.062,True,R01_Australia_BOR_S3,23
R01_Australia,BOR,Audi,3.0,HARD,13.0,46.0,83.346,29.447,17.774,36.125,True,R01_Australia_BOR_S3,23
R01_Australia,BOR,Audi,3.0,HARD,14.0,47.0,83.976,29.482,17.841,36.653,True,R01_Australia_BOR_S3,23
R01_Australia,BOR,Audi,3.0,HARD,15.0,48.0,85.008,30.382,17.891,36.735,True,R01_Australia_BOR_S3,23
R01_Australia,BOR,Audi,3.0,HARD,16.0,49.0,84.889,29.559,17.87,37.46,True,R01_Australia_BOR_S3,23
R01_Australia,BOR,Audi,3.0,HARD,17.0,50.0,84.324,29.719,17.835,36.77,True,R01_Australia_BOR_S3,23
R01_Australia,BOR,Audi,3.0,HARD,18.0,51.0,85.635,29.804,18.319,37.512,True,R01_Australia_BOR_S3,23
R01_Australia,BOR,Audi,3.0,HARD,19.0,52.0,84.359,29.711,17.927,36.721,True,R01_Australia_BOR_S3,23
R01_Australia,BOR,Audi,3.0,HARD,20.0,53.0,86.063,29.756,17.889,38.418,True,R01_Australia_BOR_S3,23
R01_Australia,BOR,Audi,3.0,HARD,21.0,54.0,84.548,29.857,17.721,36.97,True,R01_Australia_BOR_S3,23
R01_Australia,BOR,Audi,3.0,HARD,22.0,55.0,85.268,30.15,17.991,37.127,True,R01_Australia_BOR_S3,23
R01_Australia,BOR,Audi,3.0,HARD,23.0,56.0,84.515,29.823,17.878,36.814,True,R01_Australia_BOR_S3,23
R01_Australia,BOR,Audi,3.0,HARD,24.0,57.0,84.821,29.522,18.166,37.133,True,R01_Australia_BOR_S3,23
R01_Australia,BOT,Cadillac,1.0,HARD,5.0,5.0,87.738,31.043,18.319,38.376,True,R01_Australia_BOT_S1,6
R01_Australia,BOT,Cadillac,1.0,HARD,6.0,6.0,87.804,31.064,18.361,38.379,True,R01_Australia_BOT_S1,6
R01_Australia,BOT,Cadillac,1.0,HARD,7.0,7.0,87.457,30.778,18.242,38.437,True,R01_Australia_BOT_S1,6
R01_Australia,BOT,Cadillac,1.0,HARD,8.0,8.0,87.364,30.99,18.033,38.341,True,R01_Australia_BOT_S1,6
R01_Australia,BOT,Cadillac,1.0,HARD,9.0,9.0,87.679,31.159,18.191,38.329,True,R01_Australia_BOT_S1,6
R01_Australia,BOT,Cadillac,1.0,HARD,10.0,10.0,87.661,31.044,18.182,38.435,True,R01_Australia_BOT_S1,6
R01_Australia,COL,Alpine,1.0,HARD,3.0,3.0,86.935,30.607,18.32,38.008,True,R01_Australia_COL_S1,6
R01_Australia,COL,Alpine,1.0,HARD,4.0,4.0,86.812,30.715,17.902,38.195,True,R01_Australia_COL_S1,6
R01_Australia,COL,Alpine,1.0,HARD,5.0,5.0,87.512,30.698,17.936,38.878,True,R01_Australia_COL_S1,6
R01_Australia,COL,Alpine,1.0,HARD,6.0,6.0,87.513,30.986,17.993,38.534,True,R01_Australia_COL_S1,6
R01_Australia,COL,Alpine,1.0,HARD,7.0,7.0,86.068,30.496,18.028,37.544,True,R01_Australia_COL_S1,6
R01_Australia,COL,Alpine,1.0,HARD,8.0,8.0,85.818,30.39,18.004,37.424,True,R01_Australia_COL_S1,6
R01_Australia,COL,Alpine,2.0,HARD,14.0,14.0,86.663,30.41,18.256,37.997,False,R01_Australia_COL_S2,28
R01_Australia,COL,Alpine,2.0,HARD,15.0,15.0,85.6,30.086,18.096,37.418,False,R01_Australia_COL_S2,28
R01_Australia,COL,Alpine,2.0,HARD,16.0,16.0,85.911,30.157,18.27,37.484,False,R01_Australia_COL_S2,28
R01_Australia,COL,Alpine,2.0,HARD,20.0,20.0,85.331,29.839,18.136,37.356,False,R01_Australia_COL_S2,28
R01_Australia,COL,Alpine,2.0,HARD,21.0,21.0,84.932,29.764,18.096,37.072,False,R01_Australia_COL_S2,28
R01_Australia,COL,Alpine,2.0,HARD,22.0,22.0,85.011,29.789,17.999,37.223,False,R01_Australia_COL_S2,28
R01_Australia,COL,Alpine,2.0,HARD,23.0,23.0,85.136,29.869,18.049,37.218,False,R01_Australia_COL_S2,28
R01_Australia,COL,Alpine,2.0,HARD,24.0,24.0,85.449,30.097,18.128,37.224,False,R01_Australia_COL_S2,28
R01_Australia,COL,Alpine,2.0,HARD,25.0,25.0,85.225,29.946,18.102,37.177,False,R01_Australia_COL_S2,28
R01_Australia,COL,Alpine,2.0,HARD,26.0,26.0,85.174,29.93,18.081,37.163,False,R01_Australia_COL_S2,28
R01_Australia,COL,Alpine,2.0,HARD,27.0,27.0,85.626,30.037,18.139,37.45,False,R01_Australia_COL_S2,28
R01_Australia,COL,Alpine,2.0,HARD,28.0,28.0,86.172,30.003,18.067,38.102,False,R01_Australia_COL_S2,28
R01_Australia,COL,Alpine,2.0,HARD,29.0,29.0,86.483,30.995,18.014,37.474,False,R01_Australia_COL_S2,28
R01_Australia,COL,Alpine,2.0,HARD,30.0,30.0,85.566,30.111,18.034,37.421,False,R01_Australia_COL_S2,28
R01_Australia,COL,Alpine,2.0,HARD,31.0,31.0,87.26,31.496,17.976,37.788,False,R01_Australia_COL_S2,28
R01_Australia,COL,Alpine,2.0,HARD,32.0,32.0,85.707,30.159,18.001,37.547,False,R01_Australia_COL_S2,28
R01_Australia,COL,Alpine,2.0,HARD,34.0,34.0,86.067,30.806,18.018,37.243,False,R01_Australia_COL_S2,28
R01_Australia,COL,Alpine,2.0,HARD,35.0,35.0,85.633,30.24,17.955,37.438,False,R01_Australia_COL_S2,28
R01_Australia,COL,Alpine,2.0,HARD,36.0,36.0,87.434,30.218,18.176,39.04,False,R01_Australia_COL_S2,28
R01_Australia,COL,Alpine,2.0,HARD,37.0,37.0,87.047,30.234,18.605,38.208,False,R01_Australia_COL_S2,28
R01_Australia,COL,Alpine,2.0,HARD,38.0,38.0,87.012,30.376,18.535,38.101,False,R01_Australia_COL_S2,28
R01_Australia,COL,Alpine,2.0,HARD,39.0,39.0,86.964,30.268,18.179,38.517,False,R01_Australia_COL_S2,28
R01_Australia,COL,Alpine,2.0,HARD,40.0,40.0,86.665,30.853,17.99,37.822,False,R01_Australia_COL_S2,28
R01_Australia,COL,Alpine,2.0,HARD,41.0,41.0,86.469,30.443,18.308,37.718,False,R01_Australia_COL_S2,28
R01_Australia,COL,Alpine,2.0,HARD,42.0,42.0,85.275,30.041,18.114,37.12,False,R01_Australia_COL_S2,28
R01_Australia,COL,Alpine,2.0,HARD,43.0,43.0,85.381,30.093,18.083,37.205,False,R01_Australia_COL_S2,28
R01_Australia,COL,Alpine,2.0,HARD,44.0,44.0,85.24,30.052,18.011,37.177,False,R01_Australia_COL_S2,28
R01_Australia,COL,Alpine,2.0,HARD,45.0,45.0,84.939,29.961,17.996,36.982,False,R01_Australia_COL_S2,28
R01_Australia,COL,Alpine,3.0,SOFT,2.0,48.0,82.926,29.194,17.38,36.352,True,R01_Australia_COL_S3,9
R01_Australia,COL,Alpine,3.0,SOFT,3.0,49.0,83.259,29.042,17.815,36.402,True,R01_Australia_COL_S3,9
R01_Australia,COL,Alpine,3.0,SOFT,4.0,50.0,83.721,29.463,17.65,36.608,True,R01_Australia_COL_S3,9
R01_Australia,COL,Alpine,3.0,SOFT,5.0,51.0,85.633,29.397,17.611,38.625,True,R01_Australia_COL_S3,9
R01_Australia,COL,Alpine,3.0,SOFT,6.0,52.0,85.151,30.396,17.677,37.078,True,R01_Australia_COL_S3,9
R01_Australia,COL,Alpine,3.0,SOFT,7.0,53.0,87.12,30.919,19.007,37.194,True,R01_Australia_COL_S3,9
R01_Australia,COL,Alpine,3.0,SOFT,8.0,54.0,83.988,29.24,17.92,36.828,True,R01_Australia_COL_S3,9
R01_Australia,COL,Alpine,3.0,SOFT,9.0,55.0,83.912,29.52,17.75,36.642,True,R01_Australia_COL_S3,9
R01_Australia,COL,Alpine,3.0,SOFT,10.0,56.0,83.621,29.465,17.601,36.555,True,R01_Australia_COL_S3,9
R01_Australia,GAS,Alpine,1.0,MEDIUM,2.0,2.0,87.281,31.136,17.996,38.149,True,R01_Australia_GAS_S1,9
R01_Australia,GAS,Alpine,1.0,MEDIUM,3.0,3.0,86.371,30.613,17.818,37.94,True,R01_Australia_GAS_S1,9
R01_Australia,GAS,Alpine,1.0,MEDIUM,4.0,4.0,85.894,30.427,17.771,37.696,True,R01_Australia_GAS_S1,9
R01_Australia,GAS,Alpine,1.0,MEDIUM,5.0,5.0,87.04,30.983,17.647,38.41,True,R01_Australia_GAS_S1,9
R01_Australia,GAS,Alpine,1.0,MEDIUM,6.0,6.0,85.989,30.696,17.8,37.493,True,R01_Australia_GAS_S1,9
R01_Australia,GAS,Alpine,1.0,MEDIUM,7.0,7.0,85.079,29.873,17.815,37.391,True,R01_Australia_GAS_S1,9
R01_Australia,GAS,Alpine,1.0,MEDIUM,8.0,8.0,84.964,29.969,17.697,37.298,True,R01_Australia_GAS_S1,9
R01_Australia,GAS,Alpine,1.0,MEDIUM,9.0,9.0,85.441,30.052,17.651,37.738,True,R01_Australia_GAS_S1,9
R01_Australia,GAS,Alpine,1.0,MEDIUM,10.0,10.0,86.669,30.475,17.8,38.394,True,R01_Australia_GAS_S1,9
R01_Australia,GAS,Alpine,2.0,HARD,3.0,14.0,85.748,30.752,17.982,37.014,True,R01_Australia_GAS_S2,40
R01_Australia,GAS,Alpine,2.0,HARD,4.0,15.0,84.823,29.928,17.954,36.941,True,R01_Australia_GAS_S2,40
R01_Australia,GAS,Alpine,2.0,HARD,5.0,16.0,84.69,29.817,17.81,37.063,True,R01_Australia_GAS_S2,40
R01_Australia,GAS,Alpine,2.0,HARD,6.0,17.0,85.203,29.868,17.693,37.642,True,R01_Australia_GAS_S2,40
R01_Australia,GAS,Alpine,2.0,HARD,9.0,20.0,86.578,31.057,17.719,37.802,True,R01_Australia_GAS_S2,40
R01_Australia,GAS,Alpine,2.0,HARD,10.0,21.0,85.678,30.591,17.995,37.092,True,R01_Australia_GAS_S2,40
R01_Australia,GAS,Alpine,2.0,HARD,11.0,22.0,84.586,29.74,17.913,36.933,True,R01_Australia_GAS_S2,40
R01_Australia,GAS,Alpine,2.0,HARD,12.0,23.0,84.499,29.633,17.823,37.043,True,R01_Australia_GAS_S2,40
R01_Australia,GAS,Alpine,2.0,HARD,13.0,24.0,84.852,30.053,17.852,36.947,True,R01_Australia_GAS_S2,40
R01_Australia,GAS,Alpine,2.0,HARD,14.0,25.0,84.54,29.816,17.886,36.838,True,R01_Australia_GAS_S2,40
R01_Australia,GAS,Alpine,2.0,HARD,15.0,26.0,84.771,29.94,17.957,36.874,True,R01_Australia_GAS_S2,40
R01_Australia,GAS,Alpine,2.0,HARD,16.0,27.0,84.661,29.68,17.895,37.086,True,R01_Australia_GAS_S2,40
R01_Australia,GAS,Alpine,2.0,HARD,17.0,28.0,84.795,29.776,17.975,37.044,True,R01_Australia_GAS_S2,40
R01_Australia,GAS,Alpine,2.0,HARD,18.0,29.0,85.096,29.838,18.01,37.248,True,R01_Australia_GAS_S2,40
R01_Australia,GAS,Alpine,2.0,HARD,19.0,30.0,85.242,30.259,17.917,37.066,True,R01_Australia_GAS_S2,40
R01_Australia,GAS,Alpine,2.0,HARD,20.0,31.0,85.271,30.213,17.873,37.185,True,R01_Australia_GAS_S2,40
R01_Australia,GAS,Alpine,2.0,HARD,21.0,32.0,85.202,30.2,17.946,37.056,True,R01_Australia_GAS_S2,40
R01_Australia,GAS,Alpine,2.0,HARD,24.0,35.0,85.029,30.064,17.915,37.05,True,R01_Australia_GAS_S2,40
R01_Australia,GAS,Alpine,2.0,HARD,25.0,36.0,85.177,29.89,17.876,37.411,True,R01_Australia_GAS_S2,40
R01_Australia,GAS,Alpine,2.0,HARD,26.0,37.0,86.333,30.147,18.019,38.167,True,R01_Australia_GAS_S2,40
R01_Australia,GAS,Alpine,2.0,HARD,27.0,38.0,86.094,30.547,17.76,37.787,True,R01_Australia_GAS_S2,40
R01_Australia,GAS,Alpine,2.0,HARD,28.0,39.0,85.265,30.113,17.989,37.163,True,R01_Australia_GAS_S2,40
R01_Australia,GAS,Alpine,2.0,HARD,29.0,40.0,86.132,30.738,17.773,37.621,True,R01_Australia_GAS_S2,40
R01_Australia,GAS,Alpine,2.0,HARD,30.0,41.0,85.319,30.039,17.873,37.407,True,R01_Australia_GAS_S2,40
R01_Australia,GAS,Alpine,2.0,HARD,31.0,42.0,84.879,29.776,17.899,37.204,True,R01_Australia_GAS_S2,40
R01_Australia,GAS,Alpine,2.0,HARD,32.0,43.0,84.977,30.015,17.902,37.06,True,R01_Australia_GAS_S2,40
R01_Australia,GAS,Alpine,2.0,HARD,33.0,44.0,85.028,29.992,17.897,37.139,True,R01_Australia_GAS_S2,40
R01_Australia,GAS,Alpine,2.0,HARD,34.0,45.0,87.175,30.63,18.626,37.919,True,R01_Australia_GAS_S2,40
R01_Australia,GAS,Alpine,2.0,HARD,35.0,46.0,85.353,30.097,17.911,37.345,True,R01_Australia_GAS_S2,40
R01_Australia,GAS,Alpine,2.0,HARD,36.0,47.0,86.497,29.971,18.379,38.147,True,R01_Australia_GAS_S2,40
R01_Australia,GAS,Alpine,2.0,HARD,37.0,48.0,84.982,29.911,17.794,37.277,True,R01_Australia_GAS_S2,40
R01_Australia,GAS,Alpine,2.0,HARD,38.0,49.0,85.281,30.1,17.949,37.232,True,R01_Australia_GAS_S2,40
R01_Australia,GAS,Alpine,2.0,HARD,39.0,50.0,84.927,30.004,17.925,36.998,True,R01_Australia_GAS_S2,40
R01_Australia,GAS,Alpine,2.0,HARD,40.0,51.0,86.46,30.17,18.244,38.046,True,R01_Australia_GAS_S2,40
R01_Australia,GAS,Alpine,2.0,HARD,41.0,52.0,86.527,31.448,17.854,37.225,True,R01_Australia_GAS_S2,40
R01_Australia,GAS,Alpine,2.0,HARD,42.0,53.0,84.79,29.893,17.911,36.986,True,R01_Australia_GAS_S2,40
R01_Australia,GAS,Alpine,2.0,HARD,43.0,54.0,84.52,29.789,17.954,36.777,True,R01_Australia_GAS_S2,40
R01_Australia,GAS,Alpine,2.0,HARD,44.0,55.0,84.595,29.659,17.851,37.085,True,R01_Australia_GAS_S2,40
R01_Australia,GAS,Alpine,2.0,HARD,45.0,56.0,84.486,29.844,17.894,36.748,True,R01_Australia_GAS_S2,40
R01_Australia,GAS,Alpine,2.0,HARD,46.0,57.0,84.837,29.814,17.848,37.175,True,R01_Australia_GAS_S2,40
R01_Australia,HAD,Red Bull Racing,1.0,MEDIUM,2.0,2.0,85.987,30.189,18.684,37.114,True,R01_Australia_HAD_S1,9
R01_Australia,HAD,Red Bull Racing,1.0,MEDIUM,3.0,3.0,85.556,30.094,18.602,36.86,True,R01_Australia_HAD_S1,9
R01_Australia,HAD,Red Bull Racing,1.0,MEDIUM,4.0,4.0,85.342,29.956,18.801,36.585,True,R01_Australia_HAD_S1,9
R01_Australia,HAD,Red Bull Racing,1.0,MEDIUM,5.0,5.0,85.355,30.182,18.728,36.445,True,R01_Australia_HAD_S1,9
R01_Australia,HAD,Red Bull Racing,1.0,MEDIUM,6.0,6.0,85.879,29.869,18.771,37.239,True,R01_Australia_HAD_S1,9
R01_Australia,HAD,Red Bull Racing,1.0,MEDIUM,7.0,7.0,85.445,30.33,18.575,36.54,True,R01_Australia_HAD_S1,9
R01_Australia,HAD,Red Bull Racing,1.0,MEDIUM,8.0,8.0,85.313,30.016,18.842,36.455,True,R01_Australia_HAD_S1,9
R01_Australia,HAD,Red Bull Racing,1.0,MEDIUM,9.0,9.0,85.239,29.867,18.795,36.577,True,R01_Australia_HAD_S1,9
R01_Australia,HAD,Red Bull Racing,1.0,MEDIUM,10.0,10.0,85.363,29.916,18.845,36.602,True,R01_Australia_HAD_S1,9
R01_Australia,HAM,Ferrari,1.0,MEDIUM,2.0,2.0,84.626,29.988,18.115,36.523,True,R01_Australia_HAM_S1,20
R01_Australia,HAM,Ferrari,1.0,MEDIUM,3.0,3.0,84.874,30.233,18.076,36.565,True,R01_Australia_HAM_S1,20
R01_Australia,HAM,Ferrari,1.0,MEDIUM,4.0,4.0,85.066,30.332,18.021,36.713,True,R01_Australia_HAM_S1,20
R01_Australia,HAM,Ferrari,1.0,MEDIUM,5.0,5.0,84.502,29.967,18.029,36.506,True,R01_Australia_HAM_S1,20
R01_Australia,HAM,Ferrari,1.0,MEDIUM,6.0,6.0,84.703,29.97,18.016,36.717,True,R01_Australia_HAM_S1,20
R01_Australia,HAM,Ferrari,1.0,MEDIUM,7.0,7.0,84.365,29.888,18.034,36.443,True,R01_Australia_HAM_S1,20
R01_Australia,HAM,Ferrari,1.0,MEDIUM,8.0,8.0,84.408,29.787,18.093,36.528,True,R01_Australia_HAM_S1,20
R01_Australia,HAM,Ferrari,1.0,MEDIUM,9.0,9.0,85.844,30.984,18.266,36.594,True,R01_Australia_HAM_S1,20
R01_Australia,HAM,Ferrari,1.0,MEDIUM,10.0,10.0,84.255,29.827,17.875,36.553,True,R01_Australia_HAM_S1,20
R01_Australia,HAM,Ferrari,1.0,MEDIUM,11.0,11.0,84.073,29.686,17.816,36.571,True,R01_Australia_HAM_S1,20
R01_Australia,HAM,Ferrari,1.0,MEDIUM,15.0,15.0,83.703,29.547,17.763,36.393,True,R01_Australia_HAM_S1,20
R01_Australia,HAM,Ferrari,1.0,MEDIUM,16.0,16.0,83.412,29.291,17.817,36.304,True,R01_Australia_HAM_S1,20
R01_Australia,HAM,Ferrari,1.0,MEDIUM,17.0,17.0,84.045,29.729,17.883,36.433,True,R01_Australia_HAM_S1,20
R01_Australia,HAM,Ferrari,1.0,MEDIUM,21.0,21.0,83.617,29.381,17.818,36.418,True,R01_Australia_HAM_S1,20
R01_Australia,HAM,Ferrari,1.0,MEDIUM,22.0,22.0,83.509,29.258,17.832,36.419,True,R01_Australia_HAM_S1,20
R01_Australia,HAM,Ferrari,1.0,MEDIUM,23.0,23.0,83.382,29.306,17.766,36.31,True,R01_Australia_HAM_S1,20
R01_Australia,HAM,Ferrari,1.0,MEDIUM,24.0,24.0,84.329,29.999,17.913,36.417,True,R01_Australia_HAM_S1,20
R01_Australia,HAM,Ferrari,1.0,MEDIUM,25.0,25.0,83.66,29.419,17.845,36.396,True,R01_Australia_HAM_S1,20
R01_Australia,HAM,Ferrari,1.0,MEDIUM,26.0,26.0,84.085,29.611,17.867,36.607,True,R01_Australia_HAM_S1,20
R01_Australia,HAM,Ferrari,1.0,MEDIUM,27.0,27.0,83.76,29.455,17.86,36.445,True,R01_Australia_HAM_S1,20
R01_Australia,HAM,Ferrari,2.0,HARD,2.0,30.0,83.474,29.431,17.923,36.12,True,R01_Australia_HAM_S2,28
R01_Australia,HAM,Ferrari,2.0,HARD,3.0,31.0,83.129,29.336,17.854,35.939,True,R01_Australia_HAM_S2,28
R01_Australia,HAM,Ferrari,2.0,HARD,4.0,32.0,83.185,29.328,17.835,36.022,True,R01_Australia_HAM_S2,28
R01_Australia,HAM,Ferrari,2.0,HARD,5.0,33.0,83.775,29.415,17.921,36.439,True,R01_Australia_HAM_S2,28
R01_Australia,HAM,Ferrari,2.0,HARD,7.0,35.0,83.317,29.381,17.698,36.238,True,R01_Australia_HAM_S2,28
R01_Australia,HAM,Ferrari,2.0,HARD,8.0,36.0,83.338,29.42,17.712,36.206,True,R01_Australia_HAM_S2,28
R01_Australia,HAM,Ferrari,2.0,HARD,9.0,37.0,83.086,29.353,17.661,36.072,True,R01_Australia_HAM_S2,28
R01_Australia,HAM,Ferrari,2.0,HARD,10.0,38.0,82.688,29.069,17.752,35.867,True,R01_Australia_HAM_S2,28
R01_Australia,HAM,Ferrari,2.0,HARD,11.0,39.0,82.536,28.919,17.689,35.928,True,R01_Australia_HAM_S2,28
R01_Australia,HAM,Ferrari,2.0,HARD,12.0,40.0,82.55,29.091,17.679,35.78,True,R01_Australia_HAM_S2,28
R01_Australia,HAM,Ferrari,2.0,HARD,13.0,41.0,82.648,29.065,17.564,36.019,True,R01_Australia_HAM_S2,28
R01_Australia,HAM,Ferrari,2.0,HARD,14.0,42.0,82.636,29.114,17.688,35.834,True,R01_Australia_HAM_S2,28
R01_Australia,HAM,Ferrari,2.0,HARD,15.0,43.0,82.559,28.993,17.663,35.903,True,R01_Australia_HAM_S2,28
R01_Australia,HAM,Ferrari,2.0,HARD,16.0,44.0,82.837,29.087,17.685,36.065,True,R01_Australia_HAM_S2,28
R01_Australia,HAM,Ferrari,2.0,HARD,17.0,45.0,82.529,28.867,17.57,36.092,True,R01_Australia_HAM_S2,28
R01_Australia,HAM,Ferrari,2.0,HARD,18.0,46.0,82.945,29.158,17.77,36.017,True,R01_Australia_HAM_S2,28
R01_Australia,HAM,Ferrari,2.0,HARD,19.0,47.0,82.677,29.105,17.709,35.863,True,R01_Australia_HAM_S2,28
R01_Australia,HAM,Ferrari,2.0,HARD,20.0,48.0,82.764,29.189,17.665,35.91,True,R01_Australia_HAM_S2,28
R01_Australia,HAM,Ferrari,2.0,HARD,21.0,49.0,82.835,29.086,17.65,36.099,True,R01_Australia_HAM_S2,28
R01_Australia,HAM,Ferrari,2.0,HARD,22.0,50.0,83.31,29.107,17.787,36.416,True,R01_Australia_HAM_S2,28
R01_Australia,HAM,Ferrari,2.0,HARD,23.0,51.0,82.683,29.231,17.661,35.791,True,R01_Australia_HAM_S2,28
R01_Australia,HAM,Ferrari,2.0,HARD,24.0,52.0,83.008,29.158,17.67,36.18,True,R01_Australia_HAM_S2,28
R01_Australia,HAM,Ferrari,2.0,HARD,25.0,53.0,83.165,29.52,17.678,35.967,True,R01_Australia_HAM_S2,28
R01_Australia,HAM,Ferrari,2.0,HARD,26.0,54.0,82.554,29.035,17.661,35.858,True,R01_Australia_HAM_S2,28
R01_Australia,HAM,Ferrari,2.0,HARD,27.0,55.0,82.423,29.094,17.613,35.716,True,R01_Australia_HAM_S2,28
R01_Australia,HAM,Ferrari,2.0,HARD,28.0,56.0,82.5,28.996,17.577,35.927,True,R01_Australia_HAM_S2,28
R01_Australia,HAM,Ferrari,2.0,HARD,29.0,57.0,82.716,29.004,17.632,36.08,True,R01_Australia_HAM_S2,28
R01_Australia,HAM,Ferrari,2.0,HARD,30.0,58.0,82.637,29.096,17.505,36.036,True,R01_Australia_HAM_S2,28
R01_Australia,LAW,Racing Bulls,1.0,MEDIUM,3.0,3.0,86.869,30.837,18.295,37.737,True,R01_Australia_LAW_S1,7
R01_Australia,LAW,Racing Bulls,1.0,MEDIUM,4.0,4.0,86.661,30.649,17.998,38.014,True,R01_Australia_LAW_S1,7
R01_Australia,LAW,Racing Bulls,1.0,MEDIUM,5.0,5.0,87.142,30.77,17.979,38.393,True,R01_Australia_LAW_S1,7
R01_Australia,LAW,Racing Bulls,1.0,MEDIUM,7.0,7.0,86.644,30.977,18.039,37.628,True,R01_Australia_LAW_S1,7
R01_Australia,LAW,Racing Bulls,1.0,MEDIUM,8.0,8.0,85.888,30.435,18.082,37.371,True,R01_Australia_LAW_S1,7
R01_Australia,LAW,Racing Bulls,1.0,MEDIUM,9.0,9.0,86.025,30.229,18.073,37.723,True,R01_Australia_LAW_S1,7
R01_Australia,LAW,Racing Bulls,1.0,MEDIUM,10.0,10.0,85.751,30.485,18.132,37.134,True,R01_Australia_LAW_S1,7
R01_Australia,LAW,Racing Bulls,2.0,HARD,3.0,14.0,85.233,29.733,18.13,37.37,True,R01_Australia_LAW_S2,16
R01_Australia,LAW,Racing Bulls,2.0,HARD,4.0,15.0,86.791,30.225,17.908,38.658,True,R01_Australia_LAW_S2,16
R01_Australia,LAW,Racing Bulls,2.0,HARD,6.0,17.0,85.839,30.269,18.18,37.39,True,R01_Australia_LAW_S2,16
R01_Australia,LAW,Racing Bulls,2.0,HARD,9.0,20.0,85.068,29.568,18.433,37.067,True,R01_Australia_LAW_S2,16
R01_Australia,LAW,Racing Bulls,2.0,HARD,10.0,21.0,84.91,29.999,17.994,36.917,True,R01_Australia_LAW_S2,16
R01_Australia,LAW,Racing Bulls,2.0,HARD,11.0,22.0,85.041,29.874,18.032,37.135,True,R01_Australia_LAW_S2,16
R01_Australia,LAW,Racing Bulls,2.0,HARD,12.0,23.0,85.074,30.148,17.998,36.928,True,R01_Australia_LAW_S2,16
R01_Australia,LAW,Racing Bulls,2.0,HARD,13.0,24.0,86.526,30.096,18.083,38.347,True,R01_Australia_LAW_S2,16
R01_Australia,LAW,Racing Bulls,2.0,HARD,14.0,25.0,85.255,30.197,18.086,36.972,True,R01_Australia_LAW_S2,16
R01_Australia,LAW,Racing Bulls,2.0,HARD,15.0,26.0,84.972,29.78,18.048,37.144,True,R01_Australia_LAW_S2,16
R01_Australia,LAW,Racing Bulls,2.0,HARD,16.0,27.0,85.173,30.0,18.079,37.094,True,R01_Australia_LAW_S2,16
R01_Australia,LAW,Racing Bulls,2.0,HARD,17.0,28.0,85.377,30.088,18.065,37.224,True,R01_Australia_LAW_S2,16
R01_Australia,LAW,Racing Bulls,2.0,HARD,18.0,29.0,85.253,30.109,18.063,37.081,True,R01_Australia_LAW_S2,16
R01_Australia,LAW,Racing Bulls,2.0,HARD,19.0,30.0,85.65,30.163,18.125,37.362,True,R01_Australia_LAW_S2,16
R01_Australia,LAW,Racing Bulls,2.0,HARD,20.0,31.0,85.792,30.358,18.099,37.335,True,R01_Australia_LAW_S2,16
R01_Australia,LAW,Racing Bulls,2.0,HARD,21.0,32.0,85.867,30.132,18.063,37.672,True,R01_Australia_LAW_S2,16
R01_Australia,LAW,Racing Bulls,3.0,SOFT,2.0,35.0,84.21,29.684,17.768,36.758,True,R01_Australia_LAW_S3,23
R01_Australia,LAW,Racing Bulls,3.0,SOFT,3.0,36.0,86.728,31.791,17.8,37.137,True,R01_Australia_LAW_S3,23
R01_Australia,LAW,Racing Bulls,3.0,SOFT,4.0,37.0,85.74,30.472,17.992,37.276,True,R01_Australia_LAW_S3,23
R01_Australia,LAW,Racing Bulls,3.0,SOFT,5.0,38.0,84.423,29.858,17.952,36.613,True,R01_Australia_LAW_S3,23
R01_Australia,LAW,Racing Bulls,3.0,SOFT,6.0,39.0,84.124,29.654,17.837,36.633,True,R01_Australia_LAW_S3,23
R01_Australia,LAW,Racing Bulls,3.0,SOFT,7.0,40.0,84.077,29.497,17.953,36.627,True,R01_Australia_LAW_S3,23
R01_Australia,LAW,Racing Bulls,3.0,SOFT,8.0,41.0,83.92,29.49,17.906,36.524,True,R01_Australia_LAW_S3,23
R01_Australia,LAW,Racing Bulls,3.0,SOFT,9.0,42.0,84.048,29.555,17.97,36.523,True,R01_Australia_LAW_S3,23
R01_Australia,LAW,Racing Bulls,3.0,SOFT,10.0,43.0,84.232,29.564,18.033,36.635,True,R01_Australia_LAW_S3,23
R01_Australia,LAW,Racing Bulls,3.0,SOFT,11.0,44.0,84.071,29.647,17.945,36.479,True,R01_Australia_LAW_S3,23
R01_Australia,LAW,Racing Bulls,3.0,SOFT,12.0,45.0,84.31,29.849,18.022,36.439,True,R01_Australia_LAW_S3,23
R01_Australia,LAW,Racing Bulls,3.0,SOFT,13.0,46.0,84.023,29.625,17.849,36.549,True,R01_Australia_LAW_S3,23
R01_Australia,LAW,Racing Bulls,3.0,SOFT,14.0,47.0,83.783,29.407,17.848,36.528,True,R01_Australia_LAW_S3,23
R01_Australia,LAW,Racing Bulls,3.0,SOFT,15.0,48.0,84.222,29.646,17.894,36.682,True,R01_Australia_LAW_S3,23
R01_Australia,LAW,Racing Bulls,3.0,SOFT,16.0,49.0,83.932,29.404,17.932,36.596,True,R01_Australia_LAW_S3,23
R01_Australia,LAW,Racing Bulls,3.0,SOFT,17.0,50.0,83.912,29.434,17.783,36.695,True,R01_Australia_LAW_S3,23
R01_Australia,LAW,Racing Bulls,3.0,SOFT,18.0,51.0,84.46,29.699,17.888,36.873,True,R01_Australia_LAW_S3,23
R01_Australia,LAW,Racing Bulls,3.0,SOFT,19.0,52.0,84.665,29.812,17.679,37.174,True,R01_Australia_LAW_S3,23
R01_Australia,LAW,Racing Bulls,3.0,SOFT,20.0,53.0,85.162,29.988,17.791,37.383,True,R01_Australia_LAW_S3,23
R01_Australia,LAW,Racing Bulls,3.0,SOFT,21.0,54.0,84.525,29.874,17.754,36.897,True,R01_Australia_LAW_S3,23
R01_Australia,LAW,Racing Bulls,3.0,SOFT,22.0,55.0,85.123,30.102,17.996,37.025,True,R01_Australia_LAW_S3,23
R01_Australia,LAW,Racing Bulls,3.0,SOFT,23.0,56.0,86.895,31.114,18.065,37.716,True,R01_Australia_LAW_S3,23
R01_Australia,LAW,Racing Bulls,3.0,SOFT,24.0,57.0,86.317,30.9,17.896,37.521,True,R01_Australia_LAW_S3,23
R01_Australia,LEC,Ferrari,1.0,MEDIUM,2.0,2.0,86.212,30.116,18.18,37.916,True,R01_Australia_LEC_S1,17
R01_Australia,LEC,Ferrari,1.0,MEDIUM,3.0,3.0,85.453,30.141,17.876,37.436,True,R01_Australia_LEC_S1,17
R01_Australia,LEC,Ferrari,1.0,MEDIUM,4.0,4.0,84.553,29.99,18.045,36.518,True,R01_Australia_LEC_S1,17
R01_Australia,LEC,Ferrari,1.0,MEDIUM,5.0,5.0,83.981,29.542,18.008,36.431,True,R01_Australia_LEC_S1,17
R01_Australia,LEC,Ferrari,1.0,MEDIUM,6.0,6.0,84.822,29.775,18.075,36.972,True,R01_Australia_LEC_S1,17
R01_Australia,LEC,Ferrari,1.0,MEDIUM,7.0,7.0,84.034,29.693,18.01,36.331,True,R01_Australia_LEC_S1,17
R01_Australia,LEC,Ferrari,1.0,MEDIUM,8.0,8.0,85.563,30.478,18.017,37.068,True,R01_Australia_LEC_S1,17
R01_Australia,LEC,Ferrari,1.0,MEDIUM,9.0,9.0,85.602,30.791,18.247,36.564,True,R01_Australia_LEC_S1,17
R01_Australia,LEC,Ferrari,1.0,MEDIUM,10.0,10.0,83.977,29.824,17.963,36.19,True,R01_Australia_LEC_S1,17
R01_Australia,LEC,Ferrari,1.0,MEDIUM,11.0,11.0,83.798,29.585,18.082,36.131,True,R01_Australia_LEC_S1,17
R01_Australia,LEC,Ferrari,1.0,MEDIUM,15.0,15.0,83.765,29.539,17.9,36.326,True,R01_Australia_LEC_S1,17
R01_Australia,LEC,Ferrari,1.0,MEDIUM,16.0,16.0,83.511,29.393,17.898,36.22,True,R01_Australia_LEC_S1,17
R01_Australia,LEC,Ferrari,1.0,MEDIUM,17.0,17.0,84.356,29.858,18.083,36.415,True,R01_Australia_LEC_S1,17
R01_Australia,LEC,Ferrari,1.0,MEDIUM,21.0,21.0,83.322,29.324,17.876,36.122,True,R01_Australia_LEC_S1,17
R01_Australia,LEC,Ferrari,1.0,MEDIUM,22.0,22.0,83.416,29.349,17.762,36.305,True,R01_Australia_LEC_S1,17
R01_Australia,LEC,Ferrari,1.0,MEDIUM,23.0,23.0,83.476,29.5,17.655,36.321,True,R01_Australia_LEC_S1,17
R01_Australia,LEC,Ferrari,1.0,MEDIUM,24.0,24.0,83.66,29.602,17.848,36.21,True,R01_Australia_LEC_S1,17
R01_Australia,LEC,Ferrari,2.0,HARD,2.0,27.0,83.106,29.434,17.824,35.848,True,R01_Australia_LEC_S2,31
R01_Australia,LEC,Ferrari,2.0,HARD,3.0,28.0,83.089,29.241,17.821,36.027,True,R01_Australia_LEC_S2,31
R01_Australia,LEC,Ferrari,2.0,HARD,4.0,29.0,82.987,29.127,17.756,36.104,True,R01_Australia_LEC_S2,31
R01_Australia,LEC,Ferrari,2.0,HARD,5.0,30.0,83.026,29.173,17.763,36.09,True,R01_Australia_LEC_S2,31
R01_Australia,LEC,Ferrari,2.0,HARD,6.0,31.0,82.934,29.138,17.745,36.051,True,R01_Australia_LEC_S2,31
R01_Australia,LEC,Ferrari,2.0,HARD,7.0,32.0,82.947,29.221,17.788,35.938,True,R01_Australia_LEC_S2,31
R01_Australia,LEC,Ferrari,2.0,HARD,8.0,33.0,83.174,29.301,17.756,36.117,True,R01_Australia_LEC_S2,31
R01_Australia,LEC,Ferrari,2.0,HARD,10.0,35.0,83.542,29.632,17.831,36.079,True,R01_Australia_LEC_S2,31
R01_Australia,LEC,Ferrari,2.0,HARD,11.0,36.0,84.376,29.478,17.907,36.991,True,R01_Australia_LEC_S2,31
R01_Australia,LEC,Ferrari,2.0,HARD,12.0,37.0,83.236,29.421,17.866,35.949,True,R01_Australia_LEC_S2,31
R01_Australia,LEC,Ferrari,2.0,HARD,13.0,38.0,82.579,28.995,17.699,35.885,True,R01_Australia_LEC_S2,31
R01_Australia,LEC,Ferrari,2.0,HARD,14.0,39.0,82.728,29.142,17.617,35.969,True,R01_Australia_LEC_S2,31
R01_Australia,LEC,Ferrari,2.0,HARD,15.0,40.0,82.93,29.199,17.741,35.99,True,R01_Australia_LEC_S2,31
R01_Australia,LEC,Ferrari,2.0,HARD,16.0,41.0,82.995,29.102,17.73,36.163,True,R01_Australia_LEC_S2,31
R01_Australia,LEC,Ferrari,2.0,HARD,17.0,42.0,82.846,29.167,17.705,35.974,True,R01_Australia_LEC_S2,31
R01_Australia,LEC,Ferrari,2.0,HARD,18.0,43.0,82.75,29.142,17.651,35.957,True,R01_Australia_LEC_S2,31
R01_Australia,LEC,Ferrari,2.0,HARD,19.0,44.0,83.094,29.326,17.643,36.125,True,R01_Australia_LEC_S2,31
R01_Australia,LEC,Ferrari,2.0,HARD,20.0,45.0,83.16,29.378,17.651,36.131,True,R01_Australia_LEC_S2,31
R01_Australia,LEC,Ferrari,2.0,HARD,21.0,46.0,82.894,29.254,17.685,35.955,True,R01_Australia_LEC_S2,31
R01_Australia,LEC,Ferrari,2.0,HARD,22.0,47.0,82.952,29.106,17.719,36.127,True,R01_Australia_LEC_S2,31
R01_Australia,LEC,Ferrari,2.0,HARD,23.0,48.0,82.899,29.299,17.678,35.922,True,R01_Australia_LEC_S2,31
R01_Australia,LEC,Ferrari,2.0,HARD,24.0,49.0,83.364,29.374,17.664,36.326,True,R01_Australia_LEC_S2,31
R01_Australia,LEC,Ferrari,2.0,HARD,25.0,50.0,83.2,29.246,17.742,36.212,True,R01_Australia_LEC_S2,31
R01_Australia,LEC,Ferrari,2.0,HARD,26.0,51.0,82.989,29.359,17.602,36.028,True,R01_Australia_LEC_S2,31
R01_Australia,LEC,Ferrari,2.0,HARD,27.0,52.0,83.049,29.441,17.598,36.01,True,R01_Australia_LEC_S2,31
R01_Australia,LEC,Ferrari,2.0,HARD,28.0,53.0,83.014,29.254,17.635,36.125,True,R01_Australia_LEC_S2,31
R01_Australia,LEC,Ferrari,2.0,HARD,29.0,54.0,83.045,29.077,17.673,36.295,True,R01_Australia_LEC_S2,31
R01_Australia,LEC,Ferrari,2.0,HARD,30.0,55.0,82.825,29.147,17.624,36.054,True,R01_Australia_LEC_S2,31
R01_Australia,LEC,Ferrari,2.0,HARD,31.0,56.0,82.965,29.161,17.681,36.123,True,R01_Australia_LEC_S2,31
R01_Australia,LEC,Ferrari,2.0,HARD,32.0,57.0,83.098,29.245,17.621,36.232,True,R01_Australia_LEC_S2,31
R01_Australia,LEC,Ferrari,2.0,HARD,33.0,58.0,83.317,29.364,17.704,36.249,True,R01_Australia_LEC_S2,31
R01_Australia,LIN,Racing Bulls,1.0,MEDIUM,2.0,2.0,87.218,30.8,18.041,38.377,True,R01_Australia_LIN_S1,12
R01_Australia,LIN,Racing Bulls,1.0,MEDIUM,3.0,3.0,85.497,30.171,17.966,37.36,True,R01_Australia_LIN_S1,12
R01_Australia,LIN,Racing Bulls,1.0,MEDIUM,4.0,4.0,86.072,30.126,17.94,38.006,True,R01_Australia_LIN_S1,12
R01_Australia,LIN,Racing Bulls,1.0,MEDIUM,5.0,5.0,86.235,30.966,17.919,37.35,True,R01_Australia_LIN_S1,12
R01_Australia,LIN,Racing Bulls,1.0,MEDIUM,6.0,6.0,85.392,30.162,17.916,37.314,True,R01_Australia_LIN_S1,12
R01_Australia,LIN,Racing Bulls,1.0,MEDIUM,7.0,7.0,85.194,30.025,17.897,37.272,True,R01_Australia_LIN_S1,12
R01_Australia,LIN,Racing Bulls,1.0,MEDIUM,8.0,8.0,85.26,30.164,17.919,37.177,True,R01_Australia_LIN_S1,12
R01_Australia,LIN,Racing Bulls,1.0,MEDIUM,9.0,9.0,85.337,30.236,17.915,37.186,True,R01_Australia_LIN_S1,12
R01_Australia,LIN,Racing Bulls,1.0,MEDIUM,10.0,10.0,85.565,30.168,17.947,37.45,True,R01_Australia_LIN_S1,12
R01_Australia,LIN,Racing Bulls,1.0,MEDIUM,15.0,15.0,84.877,29.995,17.892,36.99,True,R01_Australia_LIN_S1,12
R01_Australia,LIN,Racing Bulls,1.0,MEDIUM,16.0,16.0,85.898,30.82,17.896,37.182,True,R01_Australia_LIN_S1,12
R01_Australia,LIN,Racing Bulls,1.0,MEDIUM,17.0,17.0,85.096,29.829,17.94,37.327,True,R01_Australia_LIN_S1,12
R01_Australia,LIN,Racing Bulls,2.0,HARD,2.0,20.0,85.424,29.507,18.19,37.727,True,R01_Australia_LIN_S2,34
R01_Australia,LIN,Racing Bulls,2.0,HARD,3.0,21.0,84.182,29.574,17.755,36.853,True,R01_Australia_LIN_S2,34
R01_Australia,LIN,Racing Bulls,2.0,HARD,4.0,22.0,84.29,29.605,17.753,36.932,True,R01_Australia_LIN_S2,34
R01_Australia,LIN,Racing Bulls,2.0,HARD,5.0,23.0,84.909,29.687,17.824,37.398,True,R01_Australia_LIN_S2,34
R01_Australia,LIN,Racing Bulls,2.0,HARD,6.0,24.0,84.554,29.834,17.868,36.852,True,R01_Australia_LIN_S2,34
R01_Australia,LIN,Racing Bulls,2.0,HARD,7.0,25.0,84.263,29.548,17.841,36.874,True,R01_Australia_LIN_S2,34
R01_Australia,LIN,Racing Bulls,2.0,HARD,8.0,26.0,84.205,29.551,17.874,36.78,True,R01_Australia_LIN_S2,34
R01_Australia,LIN,Racing Bulls,2.0,HARD,9.0,27.0,84.361,29.508,17.881,36.972,True,R01_Australia_LIN_S2,34
R01_Australia,LIN,Racing Bulls,2.0,HARD,10.0,28.0,84.475,29.902,17.869,36.704,True,R01_Australia_LIN_S2,34
R01_Australia,LIN,Racing Bulls,2.0,HARD,11.0,29.0,84.916,29.977,18.019,36.92,True,R01_Australia_LIN_S2,34
R01_Australia,LIN,Racing Bulls,2.0,HARD,12.0,30.0,84.282,29.767,17.837,36.678,True,R01_Australia_LIN_S2,34
R01_Australia,LIN,Racing Bulls,2.0,HARD,13.0,31.0,84.876,29.785,18.09,37.001,True,R01_Australia_LIN_S2,34
R01_Australia,LIN,Racing Bulls,2.0,HARD,14.0,32.0,84.671,29.694,17.78,37.197,True,R01_Australia_LIN_S2,34
R01_Australia,LIN,Racing Bulls,2.0,HARD,17.0,35.0,84.536,29.663,17.919,36.954,True,R01_Australia_LIN_S2,34
R01_Australia,LIN,Racing Bulls,2.0,HARD,18.0,36.0,84.698,29.762,17.928,37.008,True,R01_Australia_LIN_S2,34
R01_Australia,LIN,Racing Bulls,2.0,HARD,19.0,37.0,84.523,29.871,17.873,36.779,True,R01_Australia_LIN_S2,34
R01_Australia,LIN,Racing Bulls,2.0,HARD,20.0,38.0,84.797,29.796,17.906,37.095,True,R01_Australia_LIN_S2,34
R01_Australia,LIN,Racing Bulls,2.0,HARD,21.0,39.0,85.955,30.718,17.813,37.424,True,R01_Australia_LIN_S2,34
R01_Australia,LIN,Racing Bulls,2.0,HARD,23.0,41.0,85.406,30.136,17.882,37.388,True,R01_Australia_LIN_S2,34
R01_Australia,LIN,Racing Bulls,2.0,HARD,24.0,42.0,85.409,30.221,17.763,37.425,True,R01_Australia_LIN_S2,34
R01_Australia,LIN,Racing Bulls,2.0,HARD,25.0,43.0,84.862,29.977,17.828,37.057,True,R01_Australia_LIN_S2,34
R01_Australia,LIN,Racing Bulls,2.0,HARD,26.0,44.0,84.747,29.887,17.758,37.102,True,R01_Australia_LIN_S2,34
R01_Australia,LIN,Racing Bulls,2.0,HARD,27.0,45.0,84.645,29.827,17.836,36.982,True,R01_Australia_LIN_S2,34
R01_Australia,LIN,Racing Bulls,2.0,HARD,28.0,46.0,84.688,29.891,17.824,36.973,True,R01_Australia_LIN_S2,34
R01_Australia,LIN,Racing Bulls,2.0,HARD,29.0,47.0,84.773,29.868,17.879,37.026,True,R01_Australia_LIN_S2,34
R01_Australia,LIN,Racing Bulls,2.0,HARD,30.0,48.0,84.863,29.958,17.827,37.078,True,R01_Australia_LIN_S2,34
R01_Australia,LIN,Racing Bulls,2.0,HARD,31.0,49.0,84.774,29.859,17.878,37.037,True,R01_Australia_LIN_S2,34
R01_Australia,LIN,Racing Bulls,2.0,HARD,32.0,50.0,84.715,29.829,17.897,36.989,True,R01_Australia_LIN_S2,34
R01_Australia,LIN,Racing Bulls,2.0,HARD,33.0,51.0,84.374,29.802,17.819,36.753,True,R01_Australia_LIN_S2,34
R01_Australia,LIN,Racing Bulls,2.0,HARD,34.0,52.0,85.21,29.876,17.834,37.5,True,R01_Australia_LIN_S2,34
R01_Australia,LIN,Racing Bulls,2.0,HARD,35.0,53.0,86.148,29.84,18.429,37.879,True,R01_Australia_LIN_S2,34
R01_Australia,LIN,Racing Bulls,2.0,HARD,37.0,55.0,84.614,30.016,17.645,36.953,True,R01_Australia_LIN_S2,34
R01_Australia,LIN,Racing Bulls,2.0,HARD,38.0,56.0,84.688,29.961,17.776,36.951,True,R01_Australia_LIN_S2,34
R01_Australia,LIN,Racing Bulls,2.0,HARD,39.0,57.0,84.689,29.872,17.727,37.09,True,R01_Australia_LIN_S2,34
R01_Australia,NOR,McLaren,1.0,MEDIUM,2.0,2.0,87.344,31.074,18.116,38.154,True,R01_Australia_NOR_S1,9
R01_Australia,NOR,McLaren,1.0,MEDIUM,3.0,3.0,86.863,30.541,18.252,38.07,True,R01_Australia_NOR_S1,9
R01_Australia,NOR,McLaren,1.0,MEDIUM,4.0,4.0,85.857,30.19,18.193,37.474,True,R01_Australia_NOR_S1,9
R01_Australia,NOR,McLaren,1.0,MEDIUM,5.0,5.0,85.573,29.93,17.868,37.775,True,R01_Australia_NOR_S1,9
R01_Australia,NOR,McLaren,1.0,MEDIUM,6.0,6.0,85.036,30.025,17.829,37.182,True,R01_Australia_NOR_S1,9
R01_Australia,NOR,McLaren,1.0,MEDIUM,7.0,7.0,84.978,30.067,17.764,37.147,True,R01_Australia_NOR_S1,9
R01_Australia,NOR,McLaren,1.0,MEDIUM,8.0,8.0,85.299,30.191,17.97,37.138,True,R01_Australia_NOR_S1,9
R01_Australia,NOR,McLaren,1.0,MEDIUM,9.0,9.0,85.639,30.135,17.77,37.734,True,R01_Australia_NOR_S1,9
R01_Australia,NOR,McLaren,1.0,MEDIUM,10.0,10.0,85.295,30.117,17.924,37.254,True,R01_Australia_NOR_S1,9
R01_Australia,NOR,McLaren,2.0,HARD,3.0,14.0,84.233,29.882,17.87,36.481,True,R01_Australia_NOR_S2,17
R01_Australia,NOR,McLaren,2.0,HARD,4.0,15.0,83.784,29.402,17.899,36.483,True,R01_Australia_NOR_S2,17
R01_Australia,NOR,McLaren,2.0,HARD,5.0,16.0,83.912,29.524,17.919,36.469,True,R01_Australia_NOR_S2,17
R01_Australia,NOR,McLaren,2.0,HARD,6.0,17.0,84.053,29.442,18.015,36.596,True,R01_Australia_NOR_S2,17
R01_Australia,NOR,McLaren,2.0,HARD,10.0,21.0,83.972,29.499,18.129,36.344,True,R01_Australia_NOR_S2,17
R01_Australia,NOR,McLaren,2.0,HARD,11.0,22.0,83.687,29.317,17.999,36.371,True,R01_Australia_NOR_S2,17
R01_Australia,NOR,McLaren,2.0,HARD,12.0,23.0,83.534,29.254,17.992,36.288,True,R01_Australia_NOR_S2,17
R01_Australia,NOR,McLaren,2.0,HARD,13.0,24.0,83.394,29.302,17.929,36.163,True,R01_Australia_NOR_S2,17
R01_Australia,NOR,McLaren,2.0,HARD,14.0,25.0,83.5,29.373,17.925,36.202,True,R01_Australia_NOR_S2,17
R01_Australia,NOR,McLaren,2.0,HARD,15.0,26.0,83.403,29.35,17.894,36.159,True,R01_Australia_NOR_S2,17
R01_Australia,NOR,McLaren,2.0,HARD,16.0,27.0,83.896,29.426,18.011,36.459,True,R01_Australia_NOR_S2,17
R01_Australia,NOR,McLaren,2.0,HARD,17.0,28.0,84.04,29.538,17.988,36.514,True,R01_Australia_NOR_S2,17
R01_Australia,NOR,McLaren,2.0,HARD,18.0,29.0,84.08,29.692,17.992,36.396,True,R01_Australia_NOR_S2,17
R01_Australia,NOR,McLaren,2.0,HARD,19.0,30.0,83.961,29.515,17.966,36.48,True,R01_Australia_NOR_S2,17
R01_Australia,NOR,McLaren,2.0,HARD,20.0,31.0,84.094,29.604,17.958,36.532,True,R01_Australia_NOR_S2,17
R01_Australia,NOR,McLaren,2.0,HARD,21.0,32.0,84.075,29.481,17.98,36.614,True,R01_Australia_NOR_S2,17
R01_Australia,NOR,McLaren,2.0,HARD,22.0,33.0,84.79,30.039,18.027,36.724,True,R01_Australia_NOR_S2,17
R01_Australia,NOR,McLaren,3.0,MEDIUM,2.0,36.0,83.324,29.282,17.819,36.223,True,R01_Australia_NOR_S3,23
R01_Australia,NOR,McLaren,3.0,MEDIUM,3.0,37.0,83.448,29.399,17.652,36.397,True,R01_Australia_NOR_S3,23
R01_Australia,NOR,McLaren,3.0,MEDIUM,4.0,38.0,83.423,29.202,17.867,36.354,True,R01_Australia_NOR_S3,23
R01_Australia,NOR,McLaren,3.0,MEDIUM,5.0,39.0,84.001,29.482,18.144,36.375,True,R01_Australia_NOR_S3,23
R01_Australia,NOR,McLaren,3.0,MEDIUM,6.0,40.0,83.397,29.188,17.861,36.348,True,R01_Australia_NOR_S3,23
R01_Australia,NOR,McLaren,3.0,MEDIUM,7.0,41.0,83.762,29.481,18.0,36.281,True,R01_Australia_NOR_S3,23
R01_Australia,NOR,McLaren,3.0,MEDIUM,8.0,42.0,83.347,29.334,17.955,36.058,True,R01_Australia_NOR_S3,23
R01_Australia,NOR,McLaren,3.0,MEDIUM,9.0,43.0,83.286,29.377,17.865,36.044,True,R01_Australia_NOR_S3,23
R01_Australia,NOR,McLaren,3.0,MEDIUM,10.0,44.0,83.192,29.308,17.809,36.075,True,R01_Australia_NOR_S3,23
R01_Australia,NOR,McLaren,3.0,MEDIUM,11.0,45.0,82.886,29.236,17.8,35.85,True,R01_Australia_NOR_S3,23
R01_Australia,NOR,McLaren,3.0,MEDIUM,12.0,46.0,82.908,29.05,17.644,36.214,True,R01_Australia_NOR_S3,23
R01_Australia,NOR,McLaren,3.0,MEDIUM,13.0,47.0,82.778,29.083,17.798,35.897,True,R01_Australia_NOR_S3,23
R01_Australia,NOR,McLaren,3.0,MEDIUM,14.0,48.0,82.953,29.106,17.743,36.104,True,R01_Australia_NOR_S3,23
R01_Australia,NOR,McLaren,3.0,MEDIUM,15.0,49.0,82.804,29.043,17.88,35.881,True,R01_Australia_NOR_S3,23
R01_Australia,NOR,McLaren,3.0,MEDIUM,16.0,50.0,82.763,29.057,17.845,35.861,True,R01_Australia_NOR_S3,23
R01_Australia,NOR,McLaren,3.0,MEDIUM,17.0,51.0,82.598,29.032,17.854,35.712,True,R01_Australia_NOR_S3,23
R01_Australia,NOR,McLaren,3.0,MEDIUM,18.0,52.0,82.784,29.077,17.781,35.926,True,R01_Australia_NOR_S3,23
R01_Australia,NOR,McLaren,3.0,MEDIUM,19.0,53.0,82.358,28.979,17.78,35.599,True,R01_Australia_NOR_S3,23
R01_Australia,NOR,McLaren,3.0,MEDIUM,20.0,54.0,82.796,29.006,17.779,36.011,True,R01_Australia_NOR_S3,23
R01_Australia,NOR,McLaren,3.0,MEDIUM,21.0,55.0,82.867,29.076,17.822,35.969,True,R01_Australia_NOR_S3,23
R01_Australia,NOR,McLaren,3.0,MEDIUM,22.0,56.0,82.843,29.096,17.831,35.916,True,R01_Australia_NOR_S3,23
R01_Australia,NOR,McLaren,3.0,MEDIUM,23.0,57.0,83.416,29.563,17.762,36.091,True,R01_Australia_NOR_S3,23
R01_Australia,NOR,McLaren,3.0,MEDIUM,24.0,58.0,83.046,29.171,17.845,36.03,True,R01_Australia_NOR_S3,23
R01_Australia,OCO,Haas F1 Team,1.0,MEDIUM,2.0,2.0,87.035,31.014,17.977,38.044,True,R01_Australia_OCO_S1,9
R01_Australia,OCO,Haas F1 Team,1.0,MEDIUM,3.0,3.0,86.567,30.865,17.978,37.724,True,R01_Australia_OCO_S1,9
R01_Australia,OCO,Haas F1 Team,1.0,MEDIUM,4.0,4.0,86.186,30.431,17.642,38.113,True,R01_Australia_OCO_S1,9
R01_Australia,OCO,Haas F1 Team,1.0,MEDIUM,5.0,5.0,86.808,30.836,17.956,38.016,True,R01_Australia_OCO_S1,9
R01_Australia,OCO,Haas F1 Team,1.0,MEDIUM,6.0,6.0,85.569,30.704,17.956,36.909,True,R01_Australia_OCO_S1,9
R01_Australia,OCO,Haas F1 Team,1.0,MEDIUM,7.0,7.0,85.087,30.269,17.909,36.909,True,R01_Australia_OCO_S1,9
R01_Australia,OCO,Haas F1 Team,1.0,MEDIUM,8.0,8.0,85.029,30.287,17.905,36.837,True,R01_Australia_OCO_S1,9
R01_Australia,OCO,Haas F1 Team,1.0,MEDIUM,9.0,9.0,85.552,30.308,17.927,37.317,True,R01_Australia_OCO_S1,9
R01_Australia,OCO,Haas F1 Team,1.0,MEDIUM,10.0,10.0,85.632,30.464,17.902,37.266,True,R01_Australia_OCO_S1,9
R01_Australia,OCO,Haas F1 Team,2.0,HARD,3.0,14.0,85.303,30.4,17.985,36.918,True,R01_Australia_OCO_S2,40
R01_Australia,OCO,Haas F1 Team,2.0,HARD,4.0,15.0,85.36,30.329,17.972,37.059,True,R01_Australia_OCO_S2,40
R01_Australia,OCO,Haas F1 Team,2.0,HARD,5.0,16.0,85.43,30.332,17.995,37.103,True,R01_Australia_OCO_S2,40
R01_Australia,OCO,Haas F1 Team,2.0,HARD,6.0,17.0,85.716,30.159,17.982,37.575,True,R01_Australia_OCO_S2,40
R01_Australia,OCO,Haas F1 Team,2.0,HARD,9.0,20.0,86.713,31.066,17.873,37.774,True,R01_Australia_OCO_S2,40
R01_Australia,OCO,Haas F1 Team,2.0,HARD,10.0,21.0,86.571,31.496,17.886,37.189,True,R01_Australia_OCO_S2,40
R01_Australia,OCO,Haas F1 Team,2.0,HARD,11.0,22.0,84.821,29.967,17.651,37.203,True,R01_Australia_OCO_S2,40
R01_Australia,OCO,Haas F1 Team,2.0,HARD,12.0,23.0,84.65,29.889,17.634,37.127,True,R01_Australia_OCO_S2,40
R01_Australia,OCO,Haas F1 Team,2.0,HARD,13.0,24.0,85.255,30.114,18.787,36.354,True,R01_Australia_OCO_S2,40
R01_Australia,OCO,Haas F1 Team,2.0,HARD,14.0,25.0,84.424,29.924,17.752,36.748,True,R01_Australia_OCO_S2,40
R01_Australia,OCO,Haas F1 Team,2.0,HARD,15.0,26.0,84.696,30.001,17.783,36.912,True,R01_Australia_OCO_S2,40
R01_Australia,OCO,Haas F1 Team,2.0,HARD,16.0,27.0,84.801,29.828,17.799,37.174,True,R01_Australia_OCO_S2,40
R01_Australia,OCO,Haas F1 Team,2.0,HARD,17.0,28.0,84.737,29.828,17.835,37.074,True,R01_Australia_OCO_S2,40
R01_Australia,OCO,Haas F1 Team,2.0,HARD,18.0,29.0,84.769,29.932,17.765,37.072,True,R01_Australia_OCO_S2,40
R01_Australia,OCO,Haas F1 Team,2.0,HARD,19.0,30.0,84.966,30.182,17.741,37.043,True,R01_Australia_OCO_S2,40
R01_Australia,OCO,Haas F1 Team,2.0,HARD,20.0,31.0,85.307,30.066,17.593,37.648,True,R01_Australia_OCO_S2,40
R01_Australia,OCO,Haas F1 Team,2.0,HARD,21.0,32.0,85.045,30.295,17.641,37.109,True,R01_Australia_OCO_S2,40
R01_Australia,OCO,Haas F1 Team,2.0,HARD,24.0,35.0,85.199,30.107,17.711,37.381,True,R01_Australia_OCO_S2,40
R01_Australia,OCO,Haas F1 Team,2.0,HARD,25.0,36.0,85.018,30.015,17.675,37.328,True,R01_Australia_OCO_S2,40
R01_Australia,OCO,Haas F1 Team,2.0,HARD,26.0,37.0,85.462,30.176,17.482,37.804,True,R01_Australia_OCO_S2,40
R01_Australia,OCO,Haas F1 Team,2.0,HARD,27.0,38.0,86.972,30.327,18.318,38.327,True,R01_Australia_OCO_S2,40
R01_Australia,OCO,Haas F1 Team,2.0,HARD,28.0,39.0,85.913,30.944,18.047,36.922,True,R01_Australia_OCO_S2,40
R01_Australia,OCO,Haas F1 Team,2.0,HARD,29.0,40.0,85.433,30.255,17.793,37.385,True,R01_Australia_OCO_S2,40
R01_Australia,OCO,Haas F1 Team,2.0,HARD,30.0,41.0,85.164,30.281,17.633,37.25,True,R01_Australia_OCO_S2,40
R01_Australia,OCO,Haas F1 Team,2.0,HARD,31.0,42.0,85.249,30.317,17.775,37.157,True,R01_Australia_OCO_S2,40
R01_Australia,OCO,Haas F1 Team,2.0,HARD,32.0,43.0,85.106,30.046,17.62,37.44,True,R01_Australia_OCO_S2,40
R01_Australia,OCO,Haas F1 Team,2.0,HARD,33.0,44.0,86.597,30.143,17.654,38.8,True,R01_Australia_OCO_S2,40
R01_Australia,OCO,Haas F1 Team,2.0,HARD,34.0,45.0,85.228,30.093,17.752,37.383,True,R01_Australia_OCO_S2,40
R01_Australia,OCO,Haas F1 Team,2.0,HARD,35.0,46.0,86.221,30.232,17.388,38.601,True,R01_Australia_OCO_S2,40
R01_Australia,OCO,Haas F1 Team,2.0,HARD,36.0,47.0,86.334,31.078,17.881,37.375,True,R01_Australia_OCO_S2,40
R01_Australia,OCO,Haas F1 Team,2.0,HARD,37.0,48.0,85.019,29.989,17.756,37.274,True,R01_Australia_OCO_S2,40
R01_Australia,OCO,Haas F1 Team,2.0,HARD,38.0,49.0,85.115,29.863,17.963,37.289,True,R01_Australia_OCO_S2,40
R01_Australia,OCO,Haas F1 Team,2.0,HARD,39.0,50.0,86.815,30.11,19.111,37.594,True,R01_Australia_OCO_S2,40
R01_Australia,OCO,Haas F1 Team,2.0,HARD,40.0,51.0,86.297,31.435,17.814,37.048,True,R01_Australia_OCO_S2,40
R01_Australia,OCO,Haas F1 Team,2.0,HARD,41.0,52.0,84.584,29.943,17.711,36.93,True,R01_Australia_OCO_S2,40
R01_Australia,OCO,Haas F1 Team,2.0,HARD,42.0,53.0,84.622,29.831,17.621,37.17,True,R01_Australia_OCO_S2,40
R01_Australia,OCO,Haas F1 Team,2.0,HARD,43.0,54.0,84.908,29.963,17.561,37.384,True,R01_Australia_OCO_S2,40
R01_Australia,OCO,Haas F1 Team,2.0,HARD,44.0,55.0,84.577,30.097,17.655,36.825,True,R01_Australia_OCO_S2,40
R01_Australia,OCO,Haas F1 Team,2.0,HARD,45.0,56.0,84.533,29.888,17.767,36.878,True,R01_Australia_OCO_S2,40
R01_Australia,OCO,Haas F1 Team,2.0,HARD,46.0,57.0,84.573,29.92,17.754,36.899,True,R01_Australia_OCO_S2,40
R01_Australia,PER,Cadillac,1.0,MEDIUM,4.0,4.0,87.222,30.827,18.195,38.2,True,R01_Australia_PER_S1,7
R01_Australia,PER,Cadillac,1.0,MEDIUM,6.0,6.0,87.595,31.178,18.288,38.129,True,R01_Australia_PER_S1,7
R01_Australia,PER,Cadillac,1.0,MEDIUM,7.0,7.0,87.625,31.003,18.3,38.322,True,R01_Australia_PER_S1,7
R01_Australia,PER,Cadillac,1.0,MEDIUM,8.0,8.0,87.184,30.946,18.193,38.045,True,R01_Australia_PER_S1,7
R01_Australia,PER,Cadillac,1.0,MEDIUM,9.0,9.0,87.05,30.807,18.233,38.01,True,R01_Australia_PER_S1,7
R01_Australia,PER,Cadillac,1.0,MEDIUM,10.0,10.0,87.595,30.981,18.397,38.217,True,R01_Australia_PER_S1,7
R01_Australia,PER,Cadillac,1.0,MEDIUM,14.0,14.0,87.084,30.356,18.641,38.087,True,R01_Australia_PER_S1,7
R01_Australia,PER,Cadillac,2.0,HARD,2.0,20.0,86.49,30.352,18.323,37.815,True,R01_Australia_PER_S2,10
R01_Australia,PER,Cadillac,2.0,HARD,3.0,21.0,87.262,30.52,18.341,38.401,True,R01_Australia_PER_S2,10
R01_Australia,PER,Cadillac,2.0,HARD,5.0,23.0,87.457,31.521,18.152,37.784,True,R01_Australia_PER_S2,10
R01_Australia,PER,Cadillac,2.0,HARD,7.0,25.0,87.093,30.785,18.117,38.191,True,R01_Australia_PER_S2,10
R01_Australia,PER,Cadillac,2.0,HARD,11.0,29.0,86.934,30.669,18.062,38.203,True,R01_Australia_PER_S2,10
R01_Australia,PER,Cadillac,2.0,HARD,12.0,30.0,87.419,30.911,18.227,38.281,True,R01_Australia_PER_S2,10
R01_Australia,PER,Cadillac,2.0,HARD,16.0,34.0,87.151,30.958,18.172,38.021,True,R01_Australia_PER_S2,10
R01_Australia,PER,Cadillac,2.0,HARD,19.0,37.0,87.081,30.894,18.169,38.018,True,R01_Australia_PER_S2,10
R01_Australia,PER,Cadillac,2.0,HARD,20.0,38.0,86.93,30.567,18.38,37.983,True,R01_Australia_PER_S2,10
R01_Australia,PER,Cadillac,2.0,HARD,21.0,39.0,87.099,30.501,18.506,38.092,True,R01_Australia_PER_S2,10
R01_Australia,PER,Cadillac,3.0,SOFT,2.0,45.0,86.314,29.952,18.089,38.273,True,R01_Australia_PER_S3,8
R01_Australia,PER,Cadillac,3.0,SOFT,4.0,47.0,86.07,30.284,18.074,37.712,True,R01_Australia_PER_S3,8
R01_Australia,PER,Cadillac,3.0,SOFT,5.0,48.0,86.151,30.4,18.042,37.709,True,R01_Australia_PER_S3,8
R01_Australia,PER,Cadillac,3.0,SOFT,6.0,49.0,86.21,30.263,18.141,37.806,True,R01_Australia_PER_S3,8
R01_Australia,PER,Cadillac,3.0,SOFT,7.0,50.0,86.085,30.231,18.02,37.834,True,R01_Australia_PER_S3,8
R01_Australia,PER,Cadillac,3.0,SOFT,8.0,51.0,86.2,30.231,18.073,37.896,True,R01_Australia_PER_S3,8
R01_Australia,PER,Cadillac,3.0,SOFT,9.0,52.0,86.412,30.033,18.306,38.073,True,R01_Australia_PER_S3,8
R01_Australia,PER,Cadillac,3.0,SOFT,10.0,53.0,86.13,30.276,18.011,37.843,True,R01_Australia_PER_S3,8
R01_Australia,RUS,Mercedes,1.0,MEDIUM,2.0,2.0,85.007,29.753,17.841,37.413,True,R01_Australia_RUS_S1,10
R01_Australia,RUS,Mercedes,1.0,MEDIUM,3.0,3.0,86.444,29.845,18.533,38.066,True,R01_Australia_RUS_S1,10
R01_Australia,RUS,Mercedes,1.0,MEDIUM,4.0,4.0,84.789,29.949,17.802,37.038,True,R01_Australia_RUS_S1,10
R01_Australia,RUS,Mercedes,1.0,MEDIUM,5.0,5.0,84.017,29.636,17.848,36.533,True,R01_Australia_RUS_S1,10
R01_Australia,RUS,Mercedes,1.0,MEDIUM,6.0,6.0,84.639,29.498,17.709,37.432,True,R01_Australia_RUS_S1,10
R01_Australia,RUS,Mercedes,1.0,MEDIUM,7.0,7.0,84.099,29.617,18.059,36.423,True,R01_Australia_RUS_S1,10
R01_Australia,RUS,Mercedes,1.0,MEDIUM,8.0,8.0,85.19,29.435,18.391,37.364,True,R01_Australia_RUS_S1,10
R01_Australia,RUS,Mercedes,1.0,MEDIUM,9.0,9.0,85.978,31.313,18.163,36.502,True,R01_Australia_RUS_S1,10
R01_Australia,RUS,Mercedes,1.0,MEDIUM,10.0,10.0,84.112,29.655,18.171,36.286,True,R01_Australia_RUS_S1,10
R01_Australia,RUS,Mercedes,1.0,MEDIUM,11.0,11.0,83.967,29.442,18.107,36.418,True,R01_Australia_RUS_S1,10
R01_Australia,RUS,Mercedes,2.0,HARD,3.0,15.0,82.825,29.08,17.746,35.999,True,R01_Australia_RUS_S2,40
R01_Australia,RUS,Mercedes,2.0,HARD,4.0,16.0,82.923,29.106,17.699,36.118,True,R01_Australia_RUS_S2,40
R01_Australia,RUS,Mercedes,2.0,HARD,5.0,17.0,82.765,29.085,17.75,35.93,True,R01_Australia_RUS_S2,40
R01_Australia,RUS,Mercedes,2.0,HARD,9.0,21.0,82.67,28.979,17.717,35.974,True,R01_Australia_RUS_S2,40
R01_Australia,RUS,Mercedes,2.0,HARD,10.0,22.0,82.892,29.065,17.777,36.05,True,R01_Australia_RUS_S2,40
R01_Australia,RUS,Mercedes,2.0,HARD,11.0,23.0,82.828,28.915,17.696,36.217,True,R01_Australia_RUS_S2,40
R01_Australia,RUS,Mercedes,2.0,HARD,12.0,24.0,83.466,29.631,17.798,36.037,True,R01_Australia_RUS_S2,40
R01_Australia,RUS,Mercedes,2.0,HARD,13.0,25.0,82.879,28.936,17.717,36.226,True,R01_Australia_RUS_S2,40
R01_Australia,RUS,Mercedes,2.0,HARD,14.0,26.0,83.093,29.058,17.797,36.238,True,R01_Australia_RUS_S2,40
R01_Australia,RUS,Mercedes,2.0,HARD,15.0,27.0,83.188,29.123,17.719,36.346,True,R01_Australia_RUS_S2,40
R01_Australia,RUS,Mercedes,2.0,HARD,16.0,28.0,83.39,28.857,17.643,36.89,True,R01_Australia_RUS_S2,40
R01_Australia,RUS,Mercedes,2.0,HARD,17.0,29.0,83.486,29.066,18.031,36.389,True,R01_Australia_RUS_S2,40
R01_Australia,RUS,Mercedes,2.0,HARD,18.0,30.0,83.272,29.204,17.788,36.28,True,R01_Australia_RUS_S2,40
R01_Australia,RUS,Mercedes,2.0,HARD,19.0,31.0,83.147,29.132,17.699,36.316,True,R01_Australia_RUS_S2,40
R01_Australia,RUS,Mercedes,2.0,HARD,20.0,32.0,83.54,29.174,17.728,36.638,True,R01_Australia_RUS_S2,40
R01_Australia,RUS,Mercedes,2.0,HARD,21.0,33.0,83.838,29.242,17.777,36.819,True,R01_Australia_RUS_S2,40
R01_Australia,RUS,Mercedes,2.0,HARD,23.0,35.0,83.017,29.314,17.824,35.879,True,R01_Australia_RUS_S2,40
R01_Australia,RUS,Mercedes,2.0,HARD,24.0,36.0,82.729,29.079,17.753,35.897,True,R01_Australia_RUS_S2,40
R01_Australia,RUS,Mercedes,2.0,HARD,25.0,37.0,82.839,29.197,17.745,35.897,True,R01_Australia_RUS_S2,40
R01_Australia,RUS,Mercedes,2.0,HARD,26.0,38.0,82.863,29.211,17.79,35.862,True,R01_Australia_RUS_S2,40
R01_Australia,RUS,Mercedes,2.0,HARD,27.0,39.0,82.738,29.102,17.664,35.972,True,R01_Australia_RUS_S2,40
R01_Australia,RUS,Mercedes,2.0,HARD,28.0,40.0,82.915,29.172,17.651,36.092,True,R01_Australia_RUS_S2,40
R01_Australia,RUS,Mercedes,2.0,HARD,29.0,41.0,83.073,29.173,17.609,36.291,True,R01_Australia_RUS_S2,40
R01_Australia,RUS,Mercedes,2.0,HARD,30.0,42.0,83.054,29.325,17.652,36.077,True,R01_Australia_RUS_S2,40
R01_Australia,RUS,Mercedes,2.0,HARD,31.0,43.0,82.893,29.111,17.575,36.207,True,R01_Australia_RUS_S2,40
R01_Australia,RUS,Mercedes,2.0,HARD,32.0,44.0,82.856,29.17,17.585,36.101,True,R01_Australia_RUS_S2,40
R01_Australia,RUS,Mercedes,2.0,HARD,33.0,45.0,83.477,29.305,17.512,36.66,True,R01_Australia_RUS_S2,40
R01_Australia,RUS,Mercedes,2.0,HARD,34.0,46.0,83.751,29.348,18.049,36.354,True,R01_Australia_RUS_S2,40
R01_Australia,RUS,Mercedes,2.0,HARD,35.0,47.0,83.033,29.286,17.617,36.13,True,R01_Australia_RUS_S2,40
R01_Australia,RUS,Mercedes,2.0,HARD,36.0,48.0,83.034,29.18,17.596,36.258,True,R01_Australia_RUS_S2,40
R01_Australia,RUS,Mercedes,2.0,HARD,37.0,49.0,82.844,29.104,17.537,36.203,True,R01_Australia_RUS_S2,40
R01_Australia,RUS,Mercedes,2.0,HARD,38.0,50.0,83.087,29.182,17.631,36.274,True,R01_Australia_RUS_S2,40
R01_Australia,RUS,Mercedes,2.0,HARD,39.0,51.0,82.762,29.204,17.493,36.065,True,R01_Australia_RUS_S2,40
R01_Australia,RUS,Mercedes,2.0,HARD,40.0,52.0,83.106,29.323,17.606,36.177,True,R01_Australia_RUS_S2,40
R01_Australia,RUS,Mercedes,2.0,HARD,41.0,53.0,83.069,29.144,17.461,36.464,True,R01_Australia_RUS_S2,40
R01_Australia,RUS,Mercedes,2.0,HARD,42.0,54.0,83.1,29.272,17.56,36.268,True,R01_Australia_RUS_S2,40
R01_Australia,RUS,Mercedes,2.0,HARD,43.0,55.0,82.67,29.116,17.549,36.005,True,R01_Australia_RUS_S2,40
R01_Australia,RUS,Mercedes,2.0,HARD,44.0,56.0,82.757,29.134,17.535,36.088,True,R01_Australia_RUS_S2,40
R01_Australia,RUS,Mercedes,2.0,HARD,45.0,57.0,83.188,29.225,17.458,36.505,True,R01_Australia_RUS_S2,40
R01_Australia,RUS,Mercedes,2.0,HARD,46.0,58.0,83.351,29.312,17.63,36.409,True,R01_Australia_RUS_S2,40
R01_Australia,SAI,Williams,1.0,SOFT,4.0,4.0,87.216,30.511,18.372,38.333,True,R01_Australia_SAI_S1,7
R01_Australia,SAI,Williams,1.0,SOFT,5.0,5.0,87.511,30.419,18.057,39.035,True,R01_Australia_SAI_S1,7
R01_Australia,SAI,Williams,1.0,SOFT,6.0,6.0,86.872,30.787,18.201,37.884,True,R01_Australia_SAI_S1,7
R01_Australia,SAI,Williams,1.0,SOFT,7.0,7.0,85.698,30.022,18.348,37.328,True,R01_Australia_SAI_S1,7
R01_Australia,SAI,Williams,1.0,SOFT,8.0,8.0,85.433,30.051,18.228,37.154,True,R01_Australia_SAI_S1,7
R01_Australia,SAI,Williams,1.0,SOFT,9.0,9.0,85.826,29.997,18.347,37.482,True,R01_Australia_SAI_S1,7
R01_Australia,SAI,Williams,1.0,SOFT,10.0,10.0,86.202,30.638,18.332,37.232,True,R01_Australia_SAI_S1,7
R01_Australia,SAI,Williams,2.0,HARD,3.0,14.0,84.927,29.998,18.087,36.842,True,R01_Australia_SAI_S2,16
R01_Australia,SAI,Williams,2.0,HARD,4.0,15.0,84.824,29.765,18.155,36.904,True,R01_Australia_SAI_S2,16
R01_Australia,SAI,Williams,2.0,HARD,5.0,16.0,84.94,29.783,18.143,37.014,True,R01_Australia_SAI_S2,16
R01_Australia,SAI,Williams,2.0,HARD,6.0,17.0,85.151,29.86,18.235,37.056,True,R01_Australia_SAI_S2,16
R01_Australia,SAI,Williams,2.0,HARD,9.0,20.0,85.394,29.948,18.238,37.208,True,R01_Australia_SAI_S2,16
R01_Australia,SAI,Williams,2.0,HARD,10.0,21.0,85.409,29.886,18.212,37.311,True,R01_Australia_SAI_S2,16
R01_Australia,SAI,Williams,2.0,HARD,11.0,22.0,85.37,30.0,18.143,37.227,True,R01_Australia_SAI_S2,16
R01_Australia,SAI,Williams,2.0,HARD,12.0,23.0,85.6,29.925,18.23,37.445,True,R01_Australia_SAI_S2,16
R01_Australia,SAI,Williams,2.0,HARD,13.0,24.0,85.704,30.109,18.234,37.361,True,R01_Australia_SAI_S2,16
R01_Australia,SAI,Williams,2.0,HARD,14.0,25.0,86.122,30.227,18.286,37.609,True,R01_Australia_SAI_S2,16
R01_Australia,SAI,Williams,2.0,HARD,15.0,26.0,86.141,30.101,18.471,37.569,True,R01_Australia_SAI_S2,16
R01_Australia,SAI,Williams,2.0,HARD,16.0,27.0,86.124,30.032,18.344,37.748,True,R01_Australia_SAI_S2,16
R01_Australia,SAI,Williams,2.0,HARD,17.0,28.0,86.796,30.439,18.438,37.919,True,R01_Australia_SAI_S2,16
R01_Australia,SAI,Williams,2.0,HARD,19.0,30.0,87.095,30.748,18.308,38.039,True,R01_Australia_SAI_S2,16
R01_Australia,SAI,Williams,2.0,HARD,20.0,31.0,86.639,30.585,18.197,37.857,True,R01_Australia_SAI_S2,16
R01_Australia,SAI,Williams,2.0,HARD,21.0,32.0,87.386,30.628,18.361,38.397,True,R01_Australia_SAI_S2,16
R01_Australia,SAI,Williams,3.0,MEDIUM,2.0,35.0,84.881,29.725,18.12,37.036,True,R01_Australia_SAI_S3,10
R01_Australia,SAI,Williams,3.0,MEDIUM,3.0,36.0,84.804,29.914,18.07,36.82,True,R01_Australia_SAI_S3,10
R01_Australia,SAI,Williams,3.0,MEDIUM,4.0,37.0,85.21,29.697,18.099,37.414,True,R01_Australia_SAI_S3,10
R01_Australia,SAI,Williams,3.0,MEDIUM,5.0,38.0,87.205,30.364,18.312,38.529,True,R01_Australia_SAI_S3,10
R01_Australia,SAI,Williams,3.0,MEDIUM,6.0,39.0,87.266,30.213,17.83,39.223,True,R01_Australia_SAI_S3,10
R01_Australia,SAI,Williams,3.0,MEDIUM,7.0,40.0,86.222,30.49,17.986,37.746,True,R01_Australia_SAI_S3,10
R01_Australia,SAI,Williams,3.0,MEDIUM,8.0,41.0,86.717,30.627,17.963,38.127,True,R01_Australia_SAI_S3,10
R01_Australia,SAI,Williams,3.0,MEDIUM,9.0,42.0,85.361,30.05,17.96,37.351,True,R01_Australia_SAI_S3,10
R01_Australia,SAI,Williams,3.0,MEDIUM,10.0,43.0,85.287,30.117,17.882,37.288,True,R01_Australia_SAI_S3,10
R01_Australia,SAI,Williams,3.0,MEDIUM,11.0,44.0,85.529,30.218,18.005,37.306,True,R01_Australia_SAI_S3,10
R01_Australia,SAI,Williams,4.0,SOFT,3.0,48.0,84.977,30.091,18.142,36.744,True,R01_Australia_SAI_S4,8
R01_Australia,SAI,Williams,4.0,SOFT,4.0,49.0,83.922,29.343,18.041,36.538,True,R01_Australia_SAI_S4,8
R01_Australia,SAI,Williams,4.0,SOFT,5.0,50.0,83.6,29.2,17.936,36.464,True,R01_Australia_SAI_S4,8
R01_Australia,SAI,Williams,4.0,SOFT,6.0,51.0,83.87,29.442,18.002,36.426,True,R01_Australia_SAI_S4,8
R01_Australia,SAI,Williams,4.0,SOFT,7.0,52.0,83.59,29.198,18.018,36.374,True,R01_Australia_SAI_S4,8
R01_Australia,SAI,Williams,4.0,SOFT,9.0,54.0,84.266,29.358,18.216,36.692,True,R01_Australia_SAI_S4,8
R01_Australia,SAI,Williams,4.0,SOFT,10.0,55.0,83.809,29.303,18.121,36.385,True,R01_Australia_SAI_S4,8
R01_Australia,SAI,Williams,4.0,SOFT,11.0,56.0,84.823,29.171,18.86,36.792,True,R01_Australia_SAI_S4,8
R01_Australia,STR,Aston Martin,1.0,MEDIUM,8.0,8.0,87.644,30.941,18.662,38.041,True,R01_Australia_STR_S1,2
R01_Australia,STR,Aston Martin,1.0,MEDIUM,10.0,10.0,87.614,31.028,18.726,37.86,True,R01_Australia_STR_S1,2
R01_Australia,STR,Aston Martin,2.0,HARD,3.0,14.0,87.008,30.582,18.7,37.726,True,R01_Australia_STR_S2,6
R01_Australia,STR,Aston Martin,2.0,HARD,4.0,15.0,86.872,30.449,18.787,37.636,True,R01_Australia_STR_S2,6
R01_Australia,STR,Aston Martin,2.0,HARD,5.0,16.0,87.37,30.539,18.86,37.971,True,R01_Australia_STR_S2,6
R01_Australia,STR,Aston Martin,2.0,HARD,11.0,22.0,87.48,30.985,18.744,37.751,True,R01_Australia_STR_S2,6
R01_Australia,STR,Aston Martin,2.0,HARD,12.0,23.0,87.511,30.801,19.05,37.66,True,R01_Australia_STR_S2,6
R01_Australia,STR,Aston Martin,2.0,HARD,13.0,24.0,87.122,30.653,18.936,37.533,True,R01_Australia_STR_S2,6
R01_Australia,STR,Aston Martin,3.0,SOFT,2.0,28.0,86.074,30.185,18.792,37.097,True,R01_Australia_STR_S3,5
R01_Australia,STR,Aston Martin,3.0,SOFT,3.0,29.0,86.064,30.217,18.613,37.234,True,R01_Australia_STR_S3,5
R01_Australia,STR,Aston Martin,3.0,SOFT,4.0,30.0,87.416,30.233,18.674,38.509,True,R01_Australia_STR_S3,5
R01_Australia,STR,Aston Martin,3.0,SOFT,5.0,31.0,86.387,30.422,18.577,37.388,True,R01_Australia_STR_S3,5
R01_Australia,STR,Aston Martin,3.0,SOFT,7.0,33.0,86.528,30.503,18.728,37.297,True,R01_Australia_STR_S3,5
R01_Australia,VER,Red Bull Racing,1.0,HARD,2.0,2.0,86.828,31.2,18.005,37.623,True,R01_Australia_VER_S1,12
R01_Australia,VER,Red Bull Racing,1.0,HARD,3.0,3.0,87.096,31.213,18.031,37.852,True,R01_Australia_VER_S1,12
R01_Australia,VER,Red Bull Racing,1.0,HARD,4.0,4.0,86.571,30.547,17.928,38.096,True,R01_Australia_VER_S1,12
R01_Australia,VER,Red Bull Racing,1.0,HARD,5.0,5.0,84.879,29.902,18.36,36.617,True,R01_Australia_VER_S1,12
R01_Australia,VER,Red Bull Racing,1.0,HARD,6.0,6.0,84.968,30.063,17.806,37.099,True,R01_Australia_VER_S1,12
R01_Australia,VER,Red Bull Racing,1.0,HARD,7.0,7.0,85.384,30.335,18.224,36.825,True,R01_Australia_VER_S1,12
R01_Australia,VER,Red Bull Racing,1.0,HARD,8.0,8.0,84.707,29.79,18.051,36.866,True,R01_Australia_VER_S1,12
R01_Australia,VER,Red Bull Racing,1.0,HARD,9.0,9.0,85.071,29.879,17.966,37.226,True,R01_Australia_VER_S1,12
R01_Australia,VER,Red Bull Racing,1.0,HARD,10.0,10.0,85.133,30.036,17.609,37.488,True,R01_Australia_VER_S1,12
R01_Australia,VER,Red Bull Racing,1.0,HARD,15.0,15.0,84.098,29.618,17.939,36.541,True,R01_Australia_VER_S1,12
R01_Australia,VER,Red Bull Racing,1.0,HARD,16.0,16.0,84.606,29.522,18.04,37.044,True,R01_Australia_VER_S1,12
R01_Australia,VER,Red Bull Racing,1.0,HARD,17.0,17.0,84.757,29.737,17.967,37.053,True,R01_Australia_VER_S1,12
R01_Australia,VER,Red Bull Racing,2.0,MEDIUM,2.0,20.0,83.566,29.779,17.769,36.018,True,R01_Australia_VER_S2,20
R01_Australia,VER,Red Bull Racing,2.0,MEDIUM,3.0,21.0,83.536,29.143,18.11,36.283,True,R01_Australia_VER_S2,20
R01_Australia,VER,Red Bull Racing,2.0,MEDIUM,4.0,22.0,83.458,29.148,17.987,36.323,True,R01_Australia_VER_S2,20
R01_Australia,VER,Red Bull Racing,2.0,MEDIUM,5.0,23.0,83.516,29.193,18.022,36.301,True,R01_Australia_VER_S2,20
R01_Australia,VER,Red Bull Racing,2.0,MEDIUM,6.0,24.0,83.472,29.331,17.986,36.155,True,R01_Australia_VER_S2,20
R01_Australia,VER,Red Bull Racing,2.0,MEDIUM,7.0,25.0,83.554,29.364,17.93,36.26,True,R01_Australia_VER_S2,20
R01_Australia,VER,Red Bull Racing,2.0,MEDIUM,8.0,26.0,83.363,29.297,17.886,36.18,True,R01_Australia_VER_S2,20
R01_Australia,VER,Red Bull Racing,2.0,MEDIUM,9.0,27.0,83.74,29.355,17.915,36.47,True,R01_Australia_VER_S2,20
R01_Australia,VER,Red Bull Racing,2.0,MEDIUM,10.0,28.0,83.463,29.351,17.958,36.154,True,R01_Australia_VER_S2,20
R01_Australia,VER,Red Bull Racing,2.0,MEDIUM,11.0,29.0,83.439,29.24,17.886,36.313,True,R01_Australia_VER_S2,20
R01_Australia,VER,Red Bull Racing,2.0,MEDIUM,12.0,30.0,83.39,29.256,17.871,36.263,True,R01_Australia_VER_S2,20
R01_Australia,VER,Red Bull Racing,2.0,MEDIUM,13.0,31.0,83.51,29.324,17.844,36.342,True,R01_Australia_VER_S2,20
R01_Australia,VER,Red Bull Racing,2.0,MEDIUM,14.0,32.0,83.587,29.193,17.877,36.517,True,R01_Australia_VER_S2,20
R01_Australia,VER,Red Bull Racing,2.0,MEDIUM,15.0,33.0,83.93,29.526,17.854,36.55,True,R01_Australia_VER_S2,20
R01_Australia,VER,Red Bull Racing,2.0,MEDIUM,17.0,35.0,84.556,29.456,18.087,37.013,True,R01_Australia_VER_S2,20
R01_Australia,VER,Red Bull Racing,2.0,MEDIUM,18.0,36.0,83.967,29.51,18.177,36.28,True,R01_Australia_VER_S2,20
R01_Australia,VER,Red Bull Racing,2.0,MEDIUM,19.0,37.0,83.675,29.34,18.18,36.155,True,R01_Australia_VER_S2,20
R01_Australia,VER,Red Bull Racing,2.0,MEDIUM,20.0,38.0,83.912,29.242,18.212,36.458,True,R01_Australia_VER_S2,20
R01_Australia,VER,Red Bull Racing,2.0,MEDIUM,21.0,39.0,83.715,29.316,18.034,36.365,True,R01_Australia_VER_S2,20
R01_Australia,VER,Red Bull Racing,2.0,MEDIUM,22.0,40.0,84.595,29.579,17.878,37.138,True,R01_Australia_VER_S2,20
R01_Australia,VER,Red Bull Racing,3.0,HARD,2.0,43.0,82.091,28.823,17.616,35.652,True,R01_Australia_VER_S3,16
R01_Australia,VER,Red Bull Racing,3.0,HARD,3.0,44.0,82.52,28.919,17.767,35.834,True,R01_Australia_VER_S3,16
R01_Australia,VER,Red Bull Racing,3.0,HARD,4.0,45.0,82.453,28.859,17.681,35.913,True,R01_Australia_VER_S3,16
R01_Australia,VER,Red Bull Racing,3.0,HARD,5.0,46.0,82.81,29.22,17.664,35.926,True,R01_Australia_VER_S3,16
R01_Australia,VER,Red Bull Racing,3.0,HARD,6.0,47.0,82.489,28.873,17.603,36.013,True,R01_Australia_VER_S3,16
R01_Australia,VER,Red Bull Racing,3.0,HARD,7.0,48.0,82.906,29.093,17.536,36.277,True,R01_Australia_VER_S3,16
R01_Australia,VER,Red Bull Racing,3.0,HARD,8.0,49.0,82.939,29.15,17.584,36.205,True,R01_Australia_VER_S3,16
R01_Australia,VER,Red Bull Racing,3.0,HARD,9.0,50.0,82.738,29.125,17.654,35.959,True,R01_Australia_VER_S3,16
R01_Australia,VER,Red Bull Racing,3.0,HARD,10.0,51.0,82.69,29.042,17.676,35.972,True,R01_Australia_VER_S3,16
R01_Australia,VER,Red Bull Racing,3.0,HARD,11.0,52.0,82.683,28.971,17.606,36.106,True,R01_Australia_VER_S3,16
R01_Australia,VER,Red Bull Racing,3.0,HARD,12.0,53.0,83.109,29.115,17.894,36.1,True,R01_Australia_VER_S3,16
R01_Australia,VER,Red Bull Racing,3.0,HARD,13.0,54.0,83.09,29.024,17.803,36.263,True,R01_Australia_VER_S3,16
R01_Australia,VER,Red Bull Racing,3.0,HARD,14.0,55.0,83.211,29.154,17.844,36.213,True,R01_Australia_VER_S3,16
R01_Australia,VER,Red Bull Racing,3.0,HARD,15.0,56.0,83.109,29.051,17.734,36.324,True,R01_Australia_VER_S3,16
R01_Australia,VER,Red Bull Racing,3.0,HARD,16.0,57.0,83.469,29.153,17.83,36.486,True,R01_Australia_VER_S3,16
R01_Australia,VER,Red Bull Racing,3.0,HARD,17.0,58.0,83.533,29.247,17.832,36.454,True,R01_Australia_VER_S3,16
R02_China,ALO,Aston Martin,1.0,HARD,3.0,3.0,101.588,26.6,31.151,43.837,True,R02_China_ALO_S1,20
R02_China,ALO,Aston Martin,1.0,HARD,4.0,4.0,100.471,26.212,30.81,43.449,True,R02_China_ALO_S1,20
R02_China,ALO,Aston Martin,1.0,HARD,5.0,5.0,101.554,26.535,31.007,44.012,True,R02_China_ALO_S1,20
R02_China,ALO,Aston Martin,1.0,HARD,6.0,6.0,101.824,26.393,31.047,44.384,True,R02_China_ALO_S1,20
R02_China,ALO,Aston Martin,1.0,HARD,7.0,7.0,101.659,26.579,31.303,43.777,True,R02_China_ALO_S1,20
R02_China,ALO,Aston Martin,1.0,HARD,8.0,8.0,101.113,26.389,31.171,43.553,True,R02_China_ALO_S1,20
R02_China,ALO,Aston Martin,1.0,HARD,9.0,9.0,101.631,26.658,31.46,43.513,True,R02_China_ALO_S1,20
R02_China,ALO,Aston Martin,1.0,HARD,15.0,15.0,101.183,26.24,30.898,44.045,True,R02_China_ALO_S1,20
R02_China,ALO,Aston Martin,1.0,HARD,16.0,16.0,100.26,26.131,30.815,43.314,True,R02_China_ALO_S1,20
R02_China,ALO,Aston Martin,1.0,HARD,19.0,19.0,100.356,26.15,30.915,43.291,True,R02_China_ALO_S1,20
R02_China,ALO,Aston Martin,1.0,HARD,20.0,20.0,100.254,26.25,30.766,43.238,True,R02_China_ALO_S1,20
R02_China,ALO,Aston Martin,1.0,HARD,21.0,21.0,99.812,26.203,30.635,42.974,True,R02_China_ALO_S1,20
R02_China,ALO,Aston Martin,1.0,HARD,22.0,22.0,99.938,26.218,30.615,43.105,True,R02_China_ALO_S1,20
R02_China,ALO,Aston Martin,1.0,HARD,23.0,23.0,99.801,26.192,30.561,43.048,True,R02_China_ALO_S1,20
R02_China,ALO,Aston Martin,1.0,HARD,24.0,24.0,99.767,26.222,30.534,43.011,True,R02_China_ALO_S1,20
R02_China,ALO,Aston Martin,1.0,HARD,25.0,25.0,99.721,26.187,30.538,42.996,True,R02_China_ALO_S1,20
R02_China,ALO,Aston Martin,1.0,HARD,26.0,26.0,99.755,26.207,30.556,42.992,True,R02_China_ALO_S1,20
R02_China,ALO,Aston Martin,1.0,HARD,28.0,28.0,99.745,26.146,30.566,43.033,True,R02_China_ALO_S1,20
R02_China,ALO,Aston Martin,1.0,HARD,29.0,29.0,99.945,26.276,30.659,43.01,True,R02_China_ALO_S1,20
R02_China,ALO,Aston Martin,1.0,HARD,30.0,30.0,100.349,26.136,30.955,43.258,True,R02_China_ALO_S1,20
R02_China,ANT,Mercedes,1.0,MEDIUM,2.0,2.0,98.305,26.129,30.278,41.898,True,R02_China_ANT_S1,8
R02_China,ANT,Mercedes,1.0,MEDIUM,3.0,3.0,98.013,25.948,29.572,42.493,True,R02_China_ANT_S1,8
R02_China,ANT,Mercedes,1.0,MEDIUM,4.0,4.0,97.394,26.003,29.327,42.064,True,R02_China_ANT_S1,8
R02_China,ANT,Mercedes,1.0,MEDIUM,5.0,5.0,97.535,25.859,29.51,42.166,True,R02_China_ANT_S1,8
R02_China,ANT,Mercedes,1.0,MEDIUM,6.0,6.0,97.172,25.696,29.434,42.042,True,R02_China_ANT_S1,8
R02_China,ANT,Mercedes,1.0,MEDIUM,7.0,7.0,97.412,25.891,29.467,42.054,True,R02_China_ANT_S1,8
R02_China,ANT,Mercedes,1.0,MEDIUM,8.0,8.0,97.322,25.807,29.454,42.061,True,R02_China_ANT_S1,8
R02_China,ANT,Mercedes,1.0,MEDIUM,9.0,9.0,97.356,25.839,29.585,41.932,True,R02_China_ANT_S1,8
R02_China,ANT,Mercedes,2.0,HARD,4.0,14.0,98.957,26.203,30.021,42.733,True,R02_China_ANT_S2,39
R02_China,ANT,Mercedes,2.0,HARD,5.0,15.0,98.222,26.027,29.867,42.328,True,R02_China_ANT_S2,39
R02_China,ANT,Mercedes,2.0,HARD,6.0,16.0,96.604,25.324,29.229,42.051,True,R02_China_ANT_S2,39
R02_China,ANT,Mercedes,2.0,HARD,7.0,17.0,96.555,25.593,29.128,41.834,True,R02_China_ANT_S2,39
R02_China,ANT,Mercedes,2.0,HARD,9.0,19.0,96.816,25.574,29.505,41.737,True,R02_China_ANT_S2,39
R02_China,ANT,Mercedes,2.0,HARD,10.0,20.0,96.762,25.551,29.411,41.8,True,R02_China_ANT_S2,39
R02_China,ANT,Mercedes,2.0,HARD,11.0,21.0,96.929,25.652,29.348,41.929,True,R02_China_ANT_S2,39
R02_China,ANT,Mercedes,2.0,HARD,12.0,22.0,96.612,25.668,29.194,41.75,True,R02_China_ANT_S2,39
R02_China,ANT,Mercedes,2.0,HARD,13.0,23.0,96.806,25.681,29.239,41.886,True,R02_China_ANT_S2,39
R02_China,ANT,Mercedes,2.0,HARD,14.0,24.0,96.513,25.539,29.189,41.785,True,R02_China_ANT_S2,39
R02_China,ANT,Mercedes,2.0,HARD,15.0,25.0,96.514,25.495,29.19,41.829,True,R02_China_ANT_S2,39
R02_China,ANT,Mercedes,2.0,HARD,16.0,26.0,96.588,25.55,29.207,41.831,True,R02_China_ANT_S2,39
R02_China,ANT,Mercedes,2.0,HARD,17.0,27.0,96.59,25.515,29.2,41.875,True,R02_China_ANT_S2,39
R02_China,ANT,Mercedes,2.0,HARD,19.0,29.0,96.381,25.583,29.116,41.682,True,R02_China_ANT_S2,39
R02_China,ANT,Mercedes,2.0,HARD,20.0,30.0,96.166,25.389,29.103,41.674,True,R02_China_ANT_S2,39
R02_China,ANT,Mercedes,2.0,HARD,21.0,31.0,96.108,25.417,28.996,41.695,True,R02_China_ANT_S2,39
R02_China,ANT,Mercedes,2.0,HARD,22.0,32.0,95.983,25.328,28.984,41.671,True,R02_China_ANT_S2,39
R02_China,ANT,Mercedes,2.0,HARD,24.0,34.0,96.021,25.454,29.002,41.565,True,R02_China_ANT_S2,39
R02_China,ANT,Mercedes,2.0,HARD,25.0,35.0,96.037,25.515,28.991,41.531,True,R02_China_ANT_S2,39
R02_China,ANT,Mercedes,2.0,HARD,26.0,36.0,96.014,25.48,28.908,41.626,True,R02_China_ANT_S2,39
R02_China,ANT,Mercedes,2.0,HARD,27.0,37.0,96.159,25.497,28.938,41.724,True,R02_China_ANT_S2,39
R02_China,ANT,Mercedes,2.0,HARD,28.0,38.0,95.526,25.283,28.807,41.436,True,R02_China_ANT_S2,39
R02_China,ANT,Mercedes,2.0,HARD,29.0,39.0,95.494,25.3,28.82,41.374,True,R02_China_ANT_S2,39
R02_China,ANT,Mercedes,2.0,HARD,30.0,40.0,96.15,25.342,29.022,41.786,True,R02_China_ANT_S2,39
R02_China,ANT,Mercedes,2.0,HARD,31.0,41.0,95.343,25.291,28.839,41.213,True,R02_China_ANT_S2,39
R02_China,ANT,Mercedes,2.0,HARD,32.0,42.0,95.93,25.261,28.909,41.76,True,R02_China_ANT_S2,39
R02_China,ANT,Mercedes,2.0,HARD,33.0,43.0,95.936,25.295,29.031,41.61,True,R02_China_ANT_S2,39
R02_China,ANT,Mercedes,2.0,HARD,34.0,44.0,95.332,25.253,28.719,41.36,True,R02_China_ANT_S2,39
R02_China,ANT,Mercedes,2.0,HARD,35.0,45.0,95.528,25.211,28.83,41.487,True,R02_China_ANT_S2,39
R02_China,ANT,Mercedes,2.0,HARD,36.0,46.0,95.282,25.14,28.694,41.448,True,R02_China_ANT_S2,39
R02_China,ANT,Mercedes,2.0,HARD,37.0,47.0,95.501,25.25,28.612,41.639,True,R02_China_ANT_S2,39
R02_China,ANT,Mercedes,2.0,HARD,38.0,48.0,95.706,25.262,28.55,41.894,True,R02_China_ANT_S2,39
R02_China,ANT,Mercedes,2.0,HARD,39.0,49.0,95.523,25.319,28.58,41.624,True,R02_China_ANT_S2,39
R02_China,ANT,Mercedes,2.0,HARD,40.0,50.0,95.659,25.223,28.659,41.777,True,R02_China_ANT_S2,39
R02_China,ANT,Mercedes,2.0,HARD,41.0,51.0,96.011,25.263,28.96,41.788,True,R02_China_ANT_S2,39
R02_China,ANT,Mercedes,2.0,HARD,42.0,52.0,95.275,25.295,28.532,41.448,True,R02_China_ANT_S2,39
R02_China,ANT,Mercedes,2.0,HARD,44.0,54.0,96.176,25.478,28.787,41.911,True,R02_China_ANT_S2,39
R02_China,ANT,Mercedes,2.0,HARD,45.0,55.0,96.378,25.56,28.886,41.932,True,R02_China_ANT_S2,39
R02_China,ANT,Mercedes,2.0,HARD,46.0,56.0,96.929,25.314,28.861,42.754,True,R02_China_ANT_S2,39
R02_China,BEA,Haas F1 Team,1.0,MEDIUM,2.0,2.0,101.136,26.995,30.997,43.144,True,R02_China_BEA_S1,8
R02_China,BEA,Haas F1 Team,1.0,MEDIUM,3.0,3.0,99.715,26.962,30.362,42.391,True,R02_China_BEA_S1,8
R02_China,BEA,Haas F1 Team,1.0,MEDIUM,4.0,4.0,99.18,26.545,30.225,42.41,True,R02_China_BEA_S1,8
R02_China,BEA,Haas F1 Team,1.0,MEDIUM,5.0,5.0,99.504,26.485,30.442,42.577,True,R02_China_BEA_S1,8
R02_China,BEA,Haas F1 Team,1.0,MEDIUM,6.0,6.0,98.61,25.953,30.169,42.488,True,R02_China_BEA_S1,8
R02_China,BEA,Haas F1 Team,1.0,MEDIUM,7.0,7.0,99.323,26.1,30.476,42.747,True,R02_China_BEA_S1,8
R02_China,BEA,Haas F1 Team,1.0,MEDIUM,8.0,8.0,99.436,26.217,30.611,42.608,True,R02_China_BEA_S1,8
R02_China,BEA,Haas F1 Team,1.0,MEDIUM,9.0,9.0,99.71,26.329,30.76,42.621,True,R02_China_BEA_S1,8
R02_China,BEA,Haas F1 Team,2.0,HARD,4.0,14.0,99.24,26.103,30.378,42.759,True,R02_China_BEA_S2,39
R02_China,BEA,Haas F1 Team,2.0,HARD,5.0,15.0,99.289,26.229,30.381,42.679,True,R02_China_BEA_S2,39
R02_China,BEA,Haas F1 Team,2.0,HARD,6.0,16.0,98.269,26.064,29.975,42.23,True,R02_China_BEA_S2,39
R02_China,BEA,Haas F1 Team,2.0,HARD,7.0,17.0,98.343,25.952,29.696,42.695,True,R02_China_BEA_S2,39
R02_China,BEA,Haas F1 Team,2.0,HARD,9.0,19.0,99.009,25.981,30.329,42.699,True,R02_China_BEA_S2,39
R02_China,BEA,Haas F1 Team,2.0,HARD,10.0,20.0,98.618,26.152,29.786,42.68,True,R02_China_BEA_S2,39
R02_China,BEA,Haas F1 Team,2.0,HARD,11.0,21.0,98.526,26.602,29.775,42.149,True,R02_China_BEA_S2,39
R02_China,BEA,Haas F1 Team,2.0,HARD,12.0,22.0,97.867,25.899,29.578,42.39,True,R02_China_BEA_S2,39
R02_China,BEA,Haas F1 Team,2.0,HARD,13.0,23.0,97.615,25.88,29.454,42.281,True,R02_China_BEA_S2,39
R02_China,BEA,Haas F1 Team,2.0,HARD,14.0,24.0,97.86,25.753,29.62,42.487,True,R02_China_BEA_S2,39
R02_China,BEA,Haas F1 Team,2.0,HARD,15.0,25.0,97.68,25.942,29.495,42.243,True,R02_China_BEA_S2,39
R02_China,BEA,Haas F1 Team,2.0,HARD,16.0,26.0,97.392,25.68,29.397,42.315,True,R02_China_BEA_S2,39
R02_China,BEA,Haas F1 Team,2.0,HARD,17.0,27.0,97.405,25.83,29.329,42.246,True,R02_China_BEA_S2,39
R02_China,BEA,Haas F1 Team,2.0,HARD,19.0,29.0,97.684,25.876,29.507,42.301,True,R02_China_BEA_S2,39
R02_China,BEA,Haas F1 Team,2.0,HARD,20.0,30.0,97.276,25.616,29.364,42.296,True,R02_China_BEA_S2,39
R02_China,BEA,Haas F1 Team,2.0,HARD,21.0,31.0,97.583,25.822,29.395,42.366,True,R02_China_BEA_S2,39
R02_China,BEA,Haas F1 Team,2.0,HARD,22.0,32.0,97.496,25.749,29.516,42.231,True,R02_China_BEA_S2,39
R02_China,BEA,Haas F1 Team,2.0,HARD,24.0,34.0,97.395,25.837,29.278,42.28,True,R02_China_BEA_S2,39
R02_China,BEA,Haas F1 Team,2.0,HARD,25.0,35.0,97.42,25.684,29.313,42.423,True,R02_China_BEA_S2,39
R02_China,BEA,Haas F1 Team,2.0,HARD,26.0,36.0,97.48,25.802,29.289,42.389,True,R02_China_BEA_S2,39
R02_China,BEA,Haas F1 Team,2.0,HARD,27.0,37.0,97.242,25.653,29.382,42.207,True,R02_China_BEA_S2,39
R02_China,BEA,Haas F1 Team,2.0,HARD,28.0,38.0,97.222,25.669,29.284,42.269,True,R02_China_BEA_S2,39
R02_China,BEA,Haas F1 Team,2.0,HARD,29.0,39.0,97.043,25.602,29.17,42.271,True,R02_China_BEA_S2,39
R02_China,BEA,Haas F1 Team,2.0,HARD,30.0,40.0,97.153,25.551,29.284,42.318,True,R02_China_BEA_S2,39
R02_China,BEA,Haas F1 Team,2.0,HARD,31.0,41.0,97.029,25.444,29.283,42.302,True,R02_China_BEA_S2,39
R02_China,BEA,Haas F1 Team,2.0,HARD,32.0,42.0,97.712,25.463,29.29,42.959,True,R02_China_BEA_S2,39
R02_China,BEA,Haas F1 Team,2.0,HARD,33.0,43.0,97.214,25.801,29.152,42.261,True,R02_China_BEA_S2,39
R02_China,BEA,Haas F1 Team,2.0,HARD,34.0,44.0,97.416,25.505,29.32,42.591,True,R02_China_BEA_S2,39
R02_China,BEA,Haas F1 Team,2.0,HARD,35.0,45.0,97.232,25.495,29.325,42.412,True,R02_China_BEA_S2,39
R02_China,BEA,Haas F1 Team,2.0,HARD,36.0,46.0,97.301,25.54,29.348,42.413,True,R02_China_BEA_S2,39
R02_China,BEA,Haas F1 Team,2.0,HARD,37.0,47.0,96.805,25.469,29.166,42.17,True,R02_China_BEA_S2,39
R02_China,BEA,Haas F1 Team,2.0,HARD,38.0,48.0,97.238,25.443,29.293,42.502,True,R02_China_BEA_S2,39
R02_China,BEA,Haas F1 Team,2.0,HARD,39.0,49.0,97.642,25.501,29.67,42.471,True,R02_China_BEA_S2,39
R02_China,BEA,Haas F1 Team,2.0,HARD,40.0,50.0,96.989,25.619,29.069,42.301,True,R02_China_BEA_S2,39
R02_China,BEA,Haas F1 Team,2.0,HARD,41.0,51.0,96.825,25.327,29.145,42.353,True,R02_China_BEA_S2,39
R02_China,BEA,Haas F1 Team,2.0,HARD,42.0,52.0,96.778,25.448,29.198,42.132,True,R02_China_BEA_S2,39
R02_China,BEA,Haas F1 Team,2.0,HARD,44.0,54.0,96.788,25.42,29.088,42.28,True,R02_China_BEA_S2,39
R02_China,BEA,Haas F1 Team,2.0,HARD,45.0,55.0,96.648,25.384,29.169,42.095,True,R02_China_BEA_S2,39
R02_China,BEA,Haas F1 Team,2.0,HARD,46.0,56.0,96.429,25.226,29.121,42.082,True,R02_China_BEA_S2,39
R02_China,BOT,Cadillac,1.0,MEDIUM,2.0,2.0,101.601,26.947,31.365,43.289,True,R02_China_BOT_S1,8
R02_China,BOT,Cadillac,1.0,MEDIUM,3.0,3.0,101.829,26.659,31.934,43.236,True,R02_China_BOT_S1,8
R02_China,BOT,Cadillac,1.0,MEDIUM,4.0,4.0,100.904,26.761,30.962,43.181,True,R02_China_BOT_S1,8
R02_China,BOT,Cadillac,1.0,MEDIUM,5.0,5.0,101.396,27.059,31.039,43.298,True,R02_China_BOT_S1,8
R02_China,BOT,Cadillac,1.0,MEDIUM,6.0,6.0,100.278,26.391,30.952,42.935,True,R02_China_BOT_S1,8
R02_China,BOT,Cadillac,1.0,MEDIUM,7.0,7.0,100.875,26.604,30.985,43.286,True,R02_China_BOT_S1,8
R02_China,BOT,Cadillac,1.0,MEDIUM,8.0,8.0,101.258,26.882,31.015,43.361,True,R02_China_BOT_S1,8
R02_China,BOT,Cadillac,1.0,MEDIUM,9.0,9.0,101.349,26.941,30.99,43.418,True,R02_China_BOT_S1,8
R02_China,BOT,Cadillac,2.0,HARD,4.0,14.0,101.294,26.737,31.46,43.097,True,R02_China_BOT_S2,37
R02_China,BOT,Cadillac,2.0,HARD,5.0,15.0,100.006,26.165,30.675,43.166,True,R02_China_BOT_S2,37
R02_China,BOT,Cadillac,2.0,HARD,6.0,16.0,99.739,26.191,30.624,42.924,True,R02_China_BOT_S2,37
R02_China,BOT,Cadillac,2.0,HARD,9.0,19.0,100.164,26.517,30.671,42.976,True,R02_China_BOT_S2,37
R02_China,BOT,Cadillac,2.0,HARD,10.0,20.0,99.976,26.364,30.626,42.986,True,R02_China_BOT_S2,37
R02_China,BOT,Cadillac,2.0,HARD,11.0,21.0,100.045,26.449,30.593,43.003,True,R02_China_BOT_S2,37
R02_China,BOT,Cadillac,2.0,HARD,12.0,22.0,99.813,26.212,30.653,42.948,True,R02_China_BOT_S2,37
R02_China,BOT,Cadillac,2.0,HARD,13.0,23.0,99.967,26.487,30.566,42.914,True,R02_China_BOT_S2,37
R02_China,BOT,Cadillac,2.0,HARD,14.0,24.0,99.846,26.425,30.561,42.86,True,R02_China_BOT_S2,37
R02_China,BOT,Cadillac,2.0,HARD,15.0,25.0,99.813,26.2,30.699,42.914,True,R02_China_BOT_S2,37
R02_China,BOT,Cadillac,2.0,HARD,16.0,26.0,99.744,26.309,30.445,42.99,True,R02_China_BOT_S2,37
R02_China,BOT,Cadillac,2.0,HARD,18.0,28.0,99.636,26.274,30.448,42.914,True,R02_China_BOT_S2,37
R02_China,BOT,Cadillac,2.0,HARD,19.0,29.0,99.566,26.098,30.501,42.967,True,R02_China_BOT_S2,37
R02_China,BOT,Cadillac,2.0,HARD,20.0,30.0,99.692,26.301,30.429,42.962,True,R02_China_BOT_S2,37
R02_China,BOT,Cadillac,2.0,HARD,21.0,31.0,99.768,26.106,30.87,42.792,True,R02_China_BOT_S2,37
R02_China,BOT,Cadillac,2.0,HARD,22.0,32.0,99.542,26.151,30.446,42.945,True,R02_China_BOT_S2,37
R02_China,BOT,Cadillac,2.0,HARD,24.0,34.0,99.695,26.516,30.445,42.734,True,R02_China_BOT_S2,37
R02_China,BOT,Cadillac,2.0,HARD,25.0,35.0,99.539,26.304,30.277,42.958,True,R02_China_BOT_S2,37
R02_China,BOT,Cadillac,2.0,HARD,26.0,36.0,100.552,26.353,31.324,42.875,True,R02_China_BOT_S2,37
R02_China,BOT,Cadillac,2.0,HARD,27.0,37.0,99.444,26.253,30.429,42.762,True,R02_China_BOT_S2,37
R02_China,BOT,Cadillac,2.0,HARD,28.0,38.0,100.047,26.13,30.527,43.39,True,R02_China_BOT_S2,37
R02_China,BOT,Cadillac,2.0,HARD,29.0,39.0,99.734,26.45,30.283,43.001,True,R02_China_BOT_S2,37
R02_China,BOT,Cadillac,2.0,HARD,30.0,40.0,100.571,27.407,30.087,43.077,True,R02_China_BOT_S2,37
R02_China,BOT,Cadillac,2.0,HARD,31.0,41.0,100.077,26.195,30.027,43.855,True,R02_China_BOT_S2,37
R02_China,BOT,Cadillac,2.0,HARD,32.0,42.0,99.02,26.101,30.045,42.874,True,R02_China_BOT_S2,37
R02_China,BOT,Cadillac,2.0,HARD,33.0,43.0,99.461,26.138,29.91,43.413,True,R02_China_BOT_S2,37
R02_China,BOT,Cadillac,2.0,HARD,34.0,44.0,98.914,26.051,30.038,42.825,True,R02_China_BOT_S2,37
R02_China,BOT,Cadillac,2.0,HARD,35.0,45.0,100.379,25.99,30.076,44.313,True,R02_China_BOT_S2,37
R02_China,BOT,Cadillac,2.0,HARD,36.0,46.0,99.658,26.021,30.022,43.615,True,R02_China_BOT_S2,37
R02_China,BOT,Cadillac,2.0,HARD,37.0,47.0,98.93,26.086,30.061,42.783,True,R02_China_BOT_S2,37
R02_China,BOT,Cadillac,2.0,HARD,38.0,48.0,99.135,26.175,29.953,43.007,True,R02_China_BOT_S2,37
R02_China,BOT,Cadillac,2.0,HARD,39.0,49.0,99.212,26.108,30.008,43.096,True,R02_China_BOT_S2,37
R02_China,BOT,Cadillac,2.0,HARD,40.0,50.0,99.327,26.214,29.909,43.204,True,R02_China_BOT_S2,37
R02_China,BOT,Cadillac,2.0,HARD,41.0,51.0,99.581,26.336,30.143,43.102,True,R02_China_BOT_S2,37
R02_China,BOT,Cadillac,2.0,HARD,43.0,53.0,99.353,26.181,30.107,43.065,True,R02_China_BOT_S2,37
R02_China,BOT,Cadillac,2.0,HARD,44.0,54.0,99.423,26.023,30.297,43.103,True,R02_China_BOT_S2,37
R02_China,BOT,Cadillac,2.0,HARD,45.0,55.0,98.393,25.855,29.825,42.713,True,R02_China_BOT_S2,37
R02_China,COL,Alpine,1.0,HARD,2.0,2.0,99.308,26.084,30.148,43.076,True,R02_China_COL_S1,23
R02_China,COL,Alpine,1.0,HARD,3.0,3.0,98.925,26.235,29.918,42.772,True,R02_China_COL_S1,23
R02_China,COL,Alpine,1.0,HARD,4.0,4.0,98.865,26.235,29.933,42.697,True,R02_China_COL_S1,23
R02_China,COL,Alpine,1.0,HARD,5.0,5.0,98.91,25.834,30.107,42.969,True,R02_China_COL_S1,23
R02_China,COL,Alpine,1.0,HARD,6.0,6.0,98.734,26.108,29.992,42.634,True,R02_China_COL_S1,23
R02_China,COL,Alpine,1.0,HARD,7.0,7.0,98.805,26.167,30.094,42.544,True,R02_China_COL_S1,23
R02_China,COL,Alpine,1.0,HARD,8.0,8.0,98.959,26.143,30.175,42.641,True,R02_China_COL_S1,23
R02_China,COL,Alpine,1.0,HARD,9.0,9.0,99.036,26.118,30.268,42.65,True,R02_China_COL_S1,23
R02_China,COL,Alpine,1.0,HARD,14.0,14.0,99.465,26.212,30.44,42.813,True,R02_China_COL_S1,23
R02_China,COL,Alpine,1.0,HARD,15.0,15.0,98.829,25.952,30.192,42.685,True,R02_China_COL_S1,23
R02_China,COL,Alpine,1.0,HARD,16.0,16.0,100.106,26.303,30.371,43.432,True,R02_China_COL_S1,23
R02_China,COL,Alpine,1.0,HARD,17.0,17.0,98.383,25.992,29.85,42.541,True,R02_China_COL_S1,23
R02_China,COL,Alpine,1.0,HARD,19.0,19.0,99.566,26.179,30.34,43.047,True,R02_China_COL_S1,23
R02_China,COL,Alpine,1.0,HARD,20.0,20.0,98.955,25.964,29.945,43.046,True,R02_China_COL_S1,23
R02_China,COL,Alpine,1.0,HARD,21.0,21.0,99.324,26.271,29.857,43.196,True,R02_China_COL_S1,23
R02_China,COL,Alpine,1.0,HARD,22.0,22.0,99.182,25.937,30.663,42.582,True,R02_China_COL_S1,23
R02_China,COL,Alpine,1.0,HARD,23.0,23.0,98.493,26.102,29.982,42.409,True,R02_China_COL_S1,23
R02_China,COL,Alpine,1.0,HARD,24.0,24.0,98.447,26.009,29.879,42.559,True,R02_China_COL_S1,23
R02_China,COL,Alpine,1.0,HARD,25.0,25.0,98.384,26.04,29.859,42.485,True,R02_China_COL_S1,23
R02_China,COL,Alpine,1.0,HARD,26.0,26.0,98.07,25.888,29.772,42.41,True,R02_China_COL_S1,23
R02_China,COL,Alpine,1.0,HARD,29.0,29.0,98.724,26.421,29.978,42.325,True,R02_China_COL_S1,23
R02_China,COL,Alpine,1.0,HARD,30.0,30.0,98.235,26.045,29.848,42.342,True,R02_China_COL_S1,23
R02_China,COL,Alpine,1.0,HARD,31.0,31.0,97.802,25.862,29.79,42.15,True,R02_China_COL_S1,23
R02_China,COL,Alpine,2.0,MEDIUM,2.0,34.0,97.233,25.665,29.482,42.086,True,R02_China_COL_S2,21
R02_China,COL,Alpine,2.0,MEDIUM,3.0,35.0,96.783,25.624,29.202,41.957,True,R02_China_COL_S2,21
R02_China,COL,Alpine,2.0,MEDIUM,4.0,36.0,97.023,25.597,29.333,42.093,True,R02_China_COL_S2,21
R02_China,COL,Alpine,2.0,MEDIUM,5.0,37.0,96.958,25.573,29.393,41.992,True,R02_China_COL_S2,21
R02_China,COL,Alpine,2.0,MEDIUM,6.0,38.0,96.819,25.52,29.341,41.958,True,R02_China_COL_S2,21
R02_China,COL,Alpine,2.0,MEDIUM,7.0,39.0,97.217,25.682,29.478,42.057,True,R02_China_COL_S2,21
R02_China,COL,Alpine,2.0,MEDIUM,8.0,40.0,96.841,25.596,29.316,41.929,True,R02_China_COL_S2,21
R02_China,COL,Alpine,2.0,MEDIUM,9.0,41.0,97.448,25.661,29.497,42.29,True,R02_China_COL_S2,21
R02_China,COL,Alpine,2.0,MEDIUM,10.0,42.0,97.53,25.753,29.534,42.243,True,R02_China_COL_S2,21
R02_China,COL,Alpine,2.0,MEDIUM,11.0,43.0,97.381,25.698,29.458,42.225,True,R02_China_COL_S2,21
R02_China,COL,Alpine,2.0,MEDIUM,12.0,44.0,97.075,25.547,29.444,42.084,True,R02_China_COL_S2,21
R02_China,COL,Alpine,2.0,MEDIUM,13.0,45.0,97.426,25.65,29.576,42.2,True,R02_China_COL_S2,21
R02_China,COL,Alpine,2.0,MEDIUM,14.0,46.0,97.139,25.598,29.426,42.115,True,R02_China_COL_S2,21
R02_China,COL,Alpine,2.0,MEDIUM,15.0,47.0,97.504,25.759,29.491,42.254,True,R02_China_COL_S2,21
R02_China,COL,Alpine,2.0,MEDIUM,16.0,48.0,97.598,25.66,29.557,42.381,True,R02_China_COL_S2,21
R02_China,COL,Alpine,2.0,MEDIUM,17.0,49.0,99.052,25.876,29.627,43.549,True,R02_China_COL_S2,21
R02_China,COL,Alpine,2.0,MEDIUM,18.0,50.0,97.592,25.714,29.601,42.277,True,R02_China_COL_S2,21
R02_China,COL,Alpine,2.0,MEDIUM,19.0,51.0,97.781,25.742,29.919,42.12,True,R02_China_COL_S2,21
R02_China,COL,Alpine,2.0,MEDIUM,21.0,53.0,99.609,25.868,30.008,43.733,True,R02_China_COL_S2,21
R02_China,COL,Alpine,2.0,MEDIUM,22.0,54.0,98.685,26.19,30.027,42.468,True,R02_China_COL_S2,21
R02_China,COL,Alpine,2.0,MEDIUM,23.0,55.0,98.237,25.771,29.958,42.508,True,R02_China_COL_S2,21
R02_China,GAS,Alpine,1.0,MEDIUM,2.0,2.0,98.917,26.232,30.273,42.412,True,R02_China_GAS_S1,8
R02_China,GAS,Alpine,1.0,MEDIUM,3.0,3.0,98.923,26.327,30.046,42.55,True,R02_China_GAS_S1,8
R02_China,GAS,Alpine,1.0,MEDIUM,4.0,4.0,98.717,26.278,29.879,42.56,True,R02_China_GAS_S1,8
R02_China,GAS,Alpine,1.0,MEDIUM,5.0,5.0,98.474,26.142,29.826,42.506,True,R02_China_GAS_S1,8
R02_China,GAS,Alpine,1.0,MEDIUM,6.0,6.0,98.298,26.134,29.798,42.366,True,R02_China_GAS_S1,8
R02_China,GAS,Alpine,1.0,MEDIUM,7.0,7.0,98.635,26.039,30.089,42.507,True,R02_China_GAS_S1,8
R02_China,GAS,Alpine,1.0,MEDIUM,8.0,8.0,98.427,26.03,29.874,42.523,True,R02_China_GAS_S1,8
R02_China,GAS,Alpine,1.0,MEDIUM,9.0,9.0,98.609,26.192,29.903,42.514,True,R02_China_GAS_S1,8
R02_China,GAS,Alpine,2.0,HARD,4.0,14.0,100.408,27.047,30.627,42.734,True,R02_China_GAS_S2,38
R02_China,GAS,Alpine,2.0,HARD,5.0,15.0,98.883,26.131,30.252,42.5,True,R02_China_GAS_S2,38
R02_China,GAS,Alpine,2.0,HARD,6.0,16.0,98.644,26.058,30.253,42.333,True,R02_China_GAS_S2,38
R02_China,GAS,Alpine,2.0,HARD,7.0,17.0,98.238,25.803,30.3,42.135,True,R02_China_GAS_S2,38
R02_China,GAS,Alpine,2.0,HARD,9.0,19.0,99.325,26.154,30.545,42.626,True,R02_China_GAS_S2,38
R02_China,GAS,Alpine,2.0,HARD,10.0,20.0,99.504,27.158,30.103,42.243,True,R02_China_GAS_S2,38
R02_China,GAS,Alpine,2.0,HARD,11.0,21.0,99.208,26.059,30.115,43.034,True,R02_China_GAS_S2,38
R02_China,GAS,Alpine,2.0,HARD,12.0,22.0,99.338,26.564,30.393,42.381,True,R02_China_GAS_S2,38
R02_China,GAS,Alpine,2.0,HARD,13.0,23.0,98.067,25.759,30.001,42.307,True,R02_China_GAS_S2,38
R02_China,GAS,Alpine,2.0,HARD,14.0,24.0,98.373,25.781,29.894,42.698,True,R02_China_GAS_S2,38
R02_China,GAS,Alpine,2.0,HARD,15.0,25.0,98.568,26.28,30.069,42.219,True,R02_China_GAS_S2,38
R02_China,GAS,Alpine,2.0,HARD,16.0,26.0,97.82,25.953,29.802,42.065,True,R02_China_GAS_S2,38
R02_China,GAS,Alpine,2.0,HARD,19.0,29.0,97.566,25.857,29.475,42.234,True,R02_China_GAS_S2,38
R02_China,GAS,Alpine,2.0,HARD,20.0,30.0,98.132,25.679,29.518,42.935,True,R02_China_GAS_S2,38
R02_China,GAS,Alpine,2.0,HARD,21.0,31.0,97.634,25.811,29.447,42.376,True,R02_China_GAS_S2,38
R02_China,GAS,Alpine,2.0,HARD,22.0,32.0,97.253,25.75,29.413,42.09,True,R02_China_GAS_S2,38
R02_China,GAS,Alpine,2.0,HARD,24.0,34.0,97.193,25.703,29.32,42.17,True,R02_China_GAS_S2,38
R02_China,GAS,Alpine,2.0,HARD,25.0,35.0,97.293,25.72,29.432,42.141,True,R02_China_GAS_S2,38
R02_China,GAS,Alpine,2.0,HARD,26.0,36.0,97.103,25.743,29.398,41.962,True,R02_China_GAS_S2,38
R02_China,GAS,Alpine,2.0,HARD,27.0,37.0,96.752,25.561,29.247,41.944,True,R02_China_GAS_S2,38
R02_China,GAS,Alpine,2.0,HARD,28.0,38.0,96.672,25.579,29.221,41.872,True,R02_China_GAS_S2,38
R02_China,GAS,Alpine,2.0,HARD,29.0,39.0,96.754,25.596,29.263,41.895,True,R02_China_GAS_S2,38
R02_China,GAS,Alpine,2.0,HARD,30.0,40.0,96.865,25.632,29.297,41.936,True,R02_China_GAS_S2,38
R02_China,GAS,Alpine,2.0,HARD,31.0,41.0,97.214,25.596,29.407,42.211,True,R02_China_GAS_S2,38
R02_China,GAS,Alpine,2.0,HARD,32.0,42.0,97.026,25.53,29.337,42.159,True,R02_China_GAS_S2,38
R02_China,GAS,Alpine,2.0,HARD,33.0,43.0,96.877,25.507,29.286,42.084,True,R02_China_GAS_S2,38
R02_China,GAS,Alpine,2.0,HARD,34.0,44.0,96.764,25.497,29.267,42.0,True,R02_China_GAS_S2,38
R02_China,GAS,Alpine,2.0,HARD,35.0,45.0,96.895,25.484,29.296,42.115,True,R02_China_GAS_S2,38
R02_China,GAS,Alpine,2.0,HARD,36.0,46.0,96.748,25.528,29.293,41.927,True,R02_China_GAS_S2,38
R02_China,GAS,Alpine,2.0,HARD,37.0,47.0,97.584,25.608,29.299,42.677,True,R02_China_GAS_S2,38
R02_China,GAS,Alpine,2.0,HARD,38.0,48.0,97.01,25.56,29.288,42.162,True,R02_China_GAS_S2,38
R02_China,GAS,Alpine,2.0,HARD,39.0,49.0,96.752,25.496,29.22,42.036,True,R02_China_GAS_S2,38
R02_China,GAS,Alpine,2.0,HARD,40.0,50.0,97.04,25.51,29.456,42.074,True,R02_China_GAS_S2,38
R02_China,GAS,Alpine,2.0,HARD,41.0,51.0,96.753,25.517,29.221,42.015,True,R02_China_GAS_S2,38
R02_China,GAS,Alpine,2.0,HARD,42.0,52.0,96.642,25.469,29.305,41.868,True,R02_China_GAS_S2,38
R02_China,GAS,Alpine,2.0,HARD,44.0,54.0,96.682,25.356,29.236,42.09,True,R02_China_GAS_S2,38
R02_China,GAS,Alpine,2.0,HARD,45.0,55.0,96.638,25.449,29.222,41.967,True,R02_China_GAS_S2,38
R02_China,GAS,Alpine,2.0,HARD,46.0,56.0,96.569,25.321,29.355,41.893,True,R02_China_GAS_S2,38
R02_China,HAD,Red Bull Racing,2.0,HARD,2.0,3.0,98.812,26.221,30.048,42.543,True,R02_China_HAD_S2,7
R02_China,HAD,Red Bull Racing,2.0,HARD,3.0,4.0,99.088,26.095,30.275,42.718,True,R02_China_HAD_S2,7
R02_China,HAD,Red Bull Racing,2.0,HARD,4.0,5.0,98.824,25.985,30.083,42.756,True,R02_China_HAD_S2,7
R02_China,HAD,Red Bull Racing,2.0,HARD,5.0,6.0,98.261,25.948,29.935,42.378,True,R02_China_HAD_S2,7
R02_China,HAD,Red Bull Racing,2.0,HARD,6.0,7.0,98.457,25.97,30.015,42.472,True,R02_China_HAD_S2,7
R02_China,HAD,Red Bull Racing,2.0,HARD,7.0,8.0,98.661,26.132,30.026,42.503,True,R02_China_HAD_S2,7
R02_China,HAD,Red Bull Racing,2.0,HARD,8.0,9.0,98.662,26.18,30.093,42.389,True,R02_China_HAD_S2,7
R02_China,HAD,Red Bull Racing,3.0,HARD,4.0,14.0,99.331,25.781,30.923,42.627,True,R02_China_HAD_S3,38
R02_China,HAD,Red Bull Racing,3.0,HARD,5.0,15.0,99.161,26.347,30.28,42.534,True,R02_China_HAD_S3,38
R02_China,HAD,Red Bull Racing,3.0,HARD,6.0,16.0,99.689,26.493,30.629,42.567,True,R02_China_HAD_S3,38
R02_China,HAD,Red Bull Racing,3.0,HARD,9.0,19.0,98.757,26.126,30.277,42.354,True,R02_China_HAD_S3,38
R02_China,HAD,Red Bull Racing,3.0,HARD,10.0,20.0,99.269,26.351,30.424,42.494,True,R02_China_HAD_S3,38
R02_China,HAD,Red Bull Racing,3.0,HARD,11.0,21.0,99.133,26.629,30.22,42.284,True,R02_China_HAD_S3,38
R02_China,HAD,Red Bull Racing,3.0,HARD,12.0,22.0,98.392,26.049,30.045,42.298,True,R02_China_HAD_S3,38
R02_China,HAD,Red Bull Racing,3.0,HARD,13.0,23.0,98.437,26.086,30.19,42.161,True,R02_China_HAD_S3,38
R02_China,HAD,Red Bull Racing,3.0,HARD,14.0,24.0,98.88,26.12,30.186,42.574,True,R02_China_HAD_S3,38
R02_China,HAD,Red Bull Racing,3.0,HARD,15.0,25.0,98.617,26.148,30.262,42.207,True,R02_China_HAD_S3,38
R02_China,HAD,Red Bull Racing,3.0,HARD,16.0,26.0,98.374,26.077,30.008,42.289,True,R02_China_HAD_S3,38
R02_China,HAD,Red Bull Racing,3.0,HARD,18.0,28.0,98.359,26.171,29.952,42.236,True,R02_China_HAD_S3,38
R02_China,HAD,Red Bull Racing,3.0,HARD,19.0,29.0,98.082,25.909,29.942,42.231,True,R02_China_HAD_S3,38
R02_China,HAD,Red Bull Racing,3.0,HARD,20.0,30.0,97.919,25.896,29.857,42.166,True,R02_China_HAD_S3,38
R02_China,HAD,Red Bull Racing,3.0,HARD,21.0,31.0,97.868,25.822,29.932,42.114,True,R02_China_HAD_S3,38
R02_China,HAD,Red Bull Racing,3.0,HARD,22.0,32.0,98.089,25.935,29.982,42.172,True,R02_China_HAD_S3,38
R02_China,HAD,Red Bull Racing,3.0,HARD,24.0,34.0,98.039,26.086,29.809,42.144,True,R02_China_HAD_S3,38
R02_China,HAD,Red Bull Racing,3.0,HARD,25.0,35.0,97.938,25.979,29.739,42.22,True,R02_China_HAD_S3,38
R02_China,HAD,Red Bull Racing,3.0,HARD,26.0,36.0,97.754,25.797,29.839,42.118,True,R02_China_HAD_S3,38
R02_China,HAD,Red Bull Racing,3.0,HARD,27.0,37.0,97.842,25.927,29.847,42.068,True,R02_China_HAD_S3,38
R02_China,HAD,Red Bull Racing,3.0,HARD,28.0,38.0,97.579,25.797,29.802,41.98,True,R02_China_HAD_S3,38
R02_China,HAD,Red Bull Racing,3.0,HARD,29.0,39.0,97.653,25.952,29.79,41.911,True,R02_China_HAD_S3,38
R02_China,HAD,Red Bull Racing,3.0,HARD,30.0,40.0,97.935,26.096,29.716,42.123,True,R02_China_HAD_S3,38
R02_China,HAD,Red Bull Racing,3.0,HARD,31.0,41.0,97.923,25.778,30.072,42.073,True,R02_China_HAD_S3,38
R02_China,HAD,Red Bull Racing,3.0,HARD,32.0,42.0,97.353,25.707,29.704,41.942,True,R02_China_HAD_S3,38
R02_China,HAD,Red Bull Racing,3.0,HARD,33.0,43.0,97.647,25.835,29.812,42.0,True,R02_China_HAD_S3,38
R02_China,HAD,Red Bull Racing,3.0,HARD,34.0,44.0,97.359,25.8,29.701,41.858,True,R02_China_HAD_S3,38
R02_China,HAD,Red Bull Racing,3.0,HARD,35.0,45.0,97.616,25.79,29.742,42.084,True,R02_China_HAD_S3,38
R02_China,HAD,Red Bull Racing,3.0,HARD,36.0,46.0,97.311,25.711,29.636,41.964,True,R02_China_HAD_S3,38
R02_China,HAD,Red Bull Racing,3.0,HARD,37.0,47.0,98.205,25.938,30.263,42.004,True,R02_China_HAD_S3,38
R02_China,HAD,Red Bull Racing,3.0,HARD,38.0,48.0,98.006,26.038,29.769,42.199,True,R02_China_HAD_S3,38
R02_China,HAD,Red Bull Racing,3.0,HARD,39.0,49.0,97.83,25.964,29.805,42.061,True,R02_China_HAD_S3,38
R02_China,HAD,Red Bull Racing,3.0,HARD,40.0,50.0,97.689,25.851,29.612,42.226,True,R02_China_HAD_S3,38
R02_China,HAD,Red Bull Racing,3.0,HARD,41.0,51.0,98.003,26.056,29.885,42.062,True,R02_China_HAD_S3,38
R02_China,HAD,Red Bull Racing,3.0,HARD,42.0,52.0,97.805,25.92,29.761,42.124,True,R02_China_HAD_S3,38
R02_China,HAD,Red Bull Racing,3.0,HARD,44.0,54.0,97.925,25.849,29.807,42.269,True,R02_China_HAD_S3,38
R02_China,HAD,Red Bull Racing,3.0,HARD,45.0,55.0,97.798,25.992,29.655,42.151,True,R02_China_HAD_S3,38
R02_China,HAD,Red Bull Racing,3.0,HARD,46.0,56.0,97.544,25.764,29.704,42.076,True,R02_China_HAD_S3,38
R02_China,HAM,Ferrari,1.0,MEDIUM,2.0,2.0,99.561,26.571,30.167,42.823,True,R02_China_HAM_S1,8
R02_China,HAM,Ferrari,1.0,MEDIUM,3.0,3.0,98.587,26.036,29.899,42.652,True,R02_China_HAM_S1,8
R02_China,HAM,Ferrari,1.0,MEDIUM,4.0,4.0,98.234,26.445,29.518,42.271,True,R02_China_HAM_S1,8
R02_China,HAM,Ferrari,1.0,MEDIUM,5.0,5.0,97.636,25.888,29.561,42.187,True,R02_China_HAM_S1,8
R02_China,HAM,Ferrari,1.0,MEDIUM,6.0,6.0,97.962,26.388,29.48,42.094,True,R02_China_HAM_S1,8
R02_China,HAM,Ferrari,1.0,MEDIUM,7.0,7.0,98.221,26.353,29.64,42.228,True,R02_China_HAM_S1,8
R02_China,HAM,Ferrari,1.0,MEDIUM,8.0,8.0,97.929,25.948,29.645,42.336,True,R02_China_HAM_S1,8
R02_China,HAM,Ferrari,1.0,MEDIUM,9.0,9.0,98.371,26.231,29.813,42.327,True,R02_China_HAM_S1,8
R02_China,HAM,Ferrari,2.0,HARD,4.0,14.0,98.966,26.346,30.144,42.476,True,R02_China_HAM_S2,39
R02_China,HAM,Ferrari,2.0,HARD,5.0,15.0,97.073,25.729,29.636,41.708,True,R02_China_HAM_S2,39
R02_China,HAM,Ferrari,2.0,HARD,6.0,16.0,96.931,25.52,29.383,42.028,True,R02_China_HAM_S2,39
R02_China,HAM,Ferrari,2.0,HARD,7.0,17.0,96.697,25.604,29.185,41.908,True,R02_China_HAM_S2,39
R02_China,HAM,Ferrari,2.0,HARD,9.0,19.0,97.103,25.734,29.303,42.066,True,R02_China_HAM_S2,39
R02_China,HAM,Ferrari,2.0,HARD,10.0,20.0,96.915,25.684,29.332,41.899,True,R02_China_HAM_S2,39
R02_China,HAM,Ferrari,2.0,HARD,11.0,21.0,96.972,25.719,29.177,42.076,True,R02_China_HAM_S2,39
R02_China,HAM,Ferrari,2.0,HARD,12.0,22.0,97.006,25.706,29.242,42.058,True,R02_China_HAM_S2,39
R02_China,HAM,Ferrari,2.0,HARD,13.0,23.0,97.049,25.717,29.202,42.13,True,R02_China_HAM_S2,39
R02_China,HAM,Ferrari,2.0,HARD,14.0,24.0,98.223,25.672,29.236,43.315,True,R02_China_HAM_S2,39
R02_China,HAM,Ferrari,2.0,HARD,15.0,25.0,97.893,26.039,29.707,42.147,True,R02_China_HAM_S2,39
R02_China,HAM,Ferrari,2.0,HARD,16.0,26.0,96.739,25.666,29.374,41.699,True,R02_China_HAM_S2,39
R02_China,HAM,Ferrari,2.0,HARD,17.0,27.0,99.232,26.166,30.041,43.025,True,R02_China_HAM_S2,39
R02_China,HAM,Ferrari,2.0,HARD,19.0,29.0,96.771,25.725,29.304,41.742,True,R02_China_HAM_S2,39
R02_China,HAM,Ferrari,2.0,HARD,20.0,30.0,96.685,25.68,29.346,41.659,True,R02_China_HAM_S2,39
R02_China,HAM,Ferrari,2.0,HARD,21.0,31.0,96.496,25.602,29.15,41.744,True,R02_China_HAM_S2,39
R02_China,HAM,Ferrari,2.0,HARD,22.0,32.0,96.629,25.517,29.32,41.792,True,R02_China_HAM_S2,39
R02_China,HAM,Ferrari,2.0,HARD,24.0,34.0,96.752,25.768,29.141,41.843,True,R02_China_HAM_S2,39
R02_China,HAM,Ferrari,2.0,HARD,25.0,35.0,97.337,25.703,29.169,42.465,True,R02_China_HAM_S2,39
R02_China,HAM,Ferrari,2.0,HARD,26.0,36.0,97.001,25.741,29.147,42.113,True,R02_China_HAM_S2,39
R02_China,HAM,Ferrari,2.0,HARD,27.0,37.0,96.649,25.572,29.135,41.942,True,R02_China_HAM_S2,39
R02_China,HAM,Ferrari,2.0,HARD,28.0,38.0,96.876,25.693,29.008,42.175,True,R02_China_HAM_S2,39
R02_China,HAM,Ferrari,2.0,HARD,29.0,39.0,98.092,25.749,29.07,43.273,True,R02_China_HAM_S2,39
R02_China,HAM,Ferrari,2.0,HARD,30.0,40.0,96.952,25.408,29.544,42.0,True,R02_China_HAM_S2,39
R02_China,HAM,Ferrari,2.0,HARD,31.0,41.0,96.471,25.703,28.94,41.828,True,R02_China_HAM_S2,39
R02_China,HAM,Ferrari,2.0,HARD,32.0,42.0,96.516,25.364,28.875,42.277,True,R02_China_HAM_S2,39
R02_China,HAM,Ferrari,2.0,HARD,33.0,43.0,96.218,25.477,28.969,41.772,True,R02_China_HAM_S2,39
R02_China,HAM,Ferrari,2.0,HARD,34.0,44.0,96.24,25.298,29.006,41.936,True,R02_China_HAM_S2,39
R02_China,HAM,Ferrari,2.0,HARD,35.0,45.0,96.396,25.274,29.21,41.912,True,R02_China_HAM_S2,39
R02_China,HAM,Ferrari,2.0,HARD,36.0,46.0,96.309,25.368,29.083,41.858,True,R02_China_HAM_S2,39
R02_China,HAM,Ferrari,2.0,HARD,37.0,47.0,96.204,25.237,28.885,42.082,True,R02_China_HAM_S2,39
R02_China,HAM,Ferrari,2.0,HARD,38.0,48.0,96.151,25.412,28.954,41.785,True,R02_China_HAM_S2,39
R02_China,HAM,Ferrari,2.0,HARD,39.0,49.0,96.385,25.273,28.918,42.194,True,R02_China_HAM_S2,39
R02_China,HAM,Ferrari,2.0,HARD,40.0,50.0,96.237,25.365,28.913,41.959,True,R02_China_HAM_S2,39
R02_China,HAM,Ferrari,2.0,HARD,41.0,51.0,96.134,25.336,28.856,41.942,True,R02_China_HAM_S2,39
R02_China,HAM,Ferrari,2.0,HARD,42.0,52.0,96.296,25.355,28.86,42.081,True,R02_China_HAM_S2,39
R02_China,HAM,Ferrari,2.0,HARD,44.0,54.0,96.44,25.465,28.998,41.977,True,R02_China_HAM_S2,39
R02_China,HAM,Ferrari,2.0,HARD,45.0,55.0,96.092,25.176,28.906,42.01,True,R02_China_HAM_S2,39
R02_China,HAM,Ferrari,2.0,HARD,46.0,56.0,96.103,25.198,28.968,41.937,True,R02_China_HAM_S2,39
R02_China,HUL,Audi,1.0,HARD,2.0,2.0,101.634,26.751,31.478,43.405,True,R02_China_HUL_S1,24
R02_China,HUL,Audi,1.0,HARD,3.0,3.0,99.907,26.275,30.985,42.647,True,R02_China_HUL_S1,24
R02_China,HUL,Audi,1.0,HARD,4.0,4.0,99.517,26.06,30.528,42.929,True,R02_China_HUL_S1,24
R02_China,HUL,Audi,1.0,HARD,5.0,5.0,99.264,26.036,30.403,42.825,True,R02_China_HUL_S1,24
R02_China,HUL,Audi,1.0,HARD,6.0,6.0,98.775,25.939,30.17,42.666,True,R02_China_HUL_S1,24
R02_China,HUL,Audi,1.0,HARD,7.0,7.0,99.39,26.174,30.54,42.676,True,R02_China_HUL_S1,24
R02_China,HUL,Audi,1.0,HARD,8.0,8.0,99.027,26.119,30.173,42.735,True,R02_China_HUL_S1,24
R02_China,HUL,Audi,1.0,HARD,9.0,9.0,99.164,25.939,30.387,42.838,True,R02_China_HUL_S1,24
R02_China,HUL,Audi,1.0,HARD,14.0,14.0,100.945,26.559,30.703,43.683,True,R02_China_HUL_S1,24
R02_China,HUL,Audi,1.0,HARD,15.0,15.0,99.198,26.218,30.306,42.674,True,R02_China_HUL_S1,24
R02_China,HUL,Audi,1.0,HARD,16.0,16.0,99.566,26.1,30.176,43.29,True,R02_China_HUL_S1,24
R02_China,HUL,Audi,1.0,HARD,19.0,19.0,98.382,26.016,30.329,42.037,True,R02_China_HUL_S1,24
R02_China,HUL,Audi,1.0,HARD,20.0,20.0,98.824,26.054,30.067,42.703,True,R02_China_HUL_S1,24
R02_China,HUL,Audi,1.0,HARD,21.0,21.0,98.394,25.954,29.926,42.514,True,R02_China_HUL_S1,24
R02_China,HUL,Audi,1.0,HARD,22.0,22.0,98.443,25.997,30.156,42.29,True,R02_China_HUL_S1,24
R02_China,HUL,Audi,1.0,HARD,23.0,23.0,99.496,26.054,30.781,42.661,True,R02_China_HUL_S1,24
R02_China,HUL,Audi,1.0,HARD,24.0,24.0,98.712,25.934,30.123,42.655,True,R02_China_HUL_S1,24
R02_China,HUL,Audi,1.0,HARD,25.0,25.0,98.588,25.959,30.15,42.479,True,R02_China_HUL_S1,24
R02_China,HUL,Audi,1.0,HARD,26.0,26.0,98.302,25.749,29.901,42.652,True,R02_China_HUL_S1,24
R02_China,HUL,Audi,1.0,HARD,29.0,29.0,98.677,26.029,30.152,42.496,True,R02_China_HUL_S1,24
R02_China,HUL,Audi,1.0,HARD,30.0,30.0,97.859,25.774,29.835,42.25,True,R02_China_HUL_S1,24
R02_China,HUL,Audi,1.0,HARD,31.0,31.0,97.762,25.658,29.921,42.183,True,R02_China_HUL_S1,24
R02_China,HUL,Audi,1.0,HARD,32.0,32.0,98.296,25.866,29.87,42.56,True,R02_China_HUL_S1,24
R02_China,HUL,Audi,1.0,HARD,34.0,34.0,98.427,26.029,29.572,42.826,True,R02_China_HUL_S1,24
R02_China,HUL,Audi,2.0,MEDIUM,2.0,37.0,96.62,25.673,29.278,41.669,True,R02_China_HUL_S2,18
R02_China,HUL,Audi,2.0,MEDIUM,3.0,38.0,96.18,25.049,29.479,41.652,True,R02_China_HUL_S2,18
R02_China,HUL,Audi,2.0,MEDIUM,4.0,39.0,97.116,25.51,29.206,42.4,True,R02_China_HUL_S2,18
R02_China,HUL,Audi,2.0,MEDIUM,5.0,40.0,96.873,25.544,29.074,42.255,True,R02_China_HUL_S2,18
R02_China,HUL,Audi,2.0,MEDIUM,6.0,41.0,96.625,25.476,29.107,42.042,True,R02_China_HUL_S2,18
R02_China,HUL,Audi,2.0,MEDIUM,7.0,42.0,98.675,25.518,29.563,43.594,True,R02_China_HUL_S2,18
R02_China,HUL,Audi,2.0,MEDIUM,8.0,43.0,96.761,25.464,29.118,42.179,True,R02_China_HUL_S2,18
R02_China,HUL,Audi,2.0,MEDIUM,9.0,44.0,96.868,25.48,29.178,42.21,True,R02_China_HUL_S2,18
R02_China,HUL,Audi,2.0,MEDIUM,10.0,45.0,96.901,25.475,29.157,42.269,True,R02_China_HUL_S2,18
R02_China,HUL,Audi,2.0,MEDIUM,11.0,46.0,96.985,25.488,29.2,42.297,True,R02_China_HUL_S2,18
R02_China,HUL,Audi,2.0,MEDIUM,12.0,47.0,98.763,25.609,29.393,43.761,True,R02_China_HUL_S2,18
R02_China,HUL,Audi,2.0,MEDIUM,13.0,48.0,96.776,25.604,29.334,41.838,True,R02_China_HUL_S2,18
R02_China,HUL,Audi,2.0,MEDIUM,14.0,49.0,98.064,25.828,29.409,42.827,True,R02_China_HUL_S2,18
R02_China,HUL,Audi,2.0,MEDIUM,15.0,50.0,97.696,25.661,29.684,42.351,True,R02_China_HUL_S2,18
R02_China,HUL,Audi,2.0,MEDIUM,16.0,51.0,97.505,25.573,29.393,42.539,True,R02_China_HUL_S2,18
R02_China,HUL,Audi,2.0,MEDIUM,18.0,53.0,97.97,25.787,29.547,42.636,True,R02_China_HUL_S2,18
R02_China,HUL,Audi,2.0,MEDIUM,19.0,54.0,97.609,25.605,29.479,42.525,True,R02_China_HUL_S2,18
R02_China,HUL,Audi,2.0,MEDIUM,20.0,55.0,97.571,25.677,29.426,42.468,True,R02_China_HUL_S2,18
R02_China,LAW,Racing Bulls,1.0,MEDIUM,2.0,2.0,99.798,26.269,30.557,42.972,True,R02_China_LAW_S1,7
R02_China,LAW,Racing Bulls,1.0,MEDIUM,3.0,3.0,98.947,26.007,30.129,42.811,True,R02_China_LAW_S1,7
R02_China,LAW,Racing Bulls,1.0,MEDIUM,4.0,4.0,99.114,26.045,30.283,42.786,True,R02_China_LAW_S1,7
R02_China,LAW,Racing Bulls,1.0,MEDIUM,5.0,5.0,100.055,26.168,30.359,43.528,True,R02_China_LAW_S1,7
R02_China,LAW,Racing Bulls,1.0,MEDIUM,6.0,6.0,99.51,26.2,30.544,42.766,True,R02_China_LAW_S1,7
R02_China,LAW,Racing Bulls,1.0,MEDIUM,7.0,7.0,99.709,26.055,30.472,43.182,True,R02_China_LAW_S1,7
R02_China,LAW,Racing Bulls,1.0,MEDIUM,8.0,8.0,99.878,26.311,30.4,43.167,True,R02_China_LAW_S1,7
R02_China,LAW,Racing Bulls,2.0,HARD,5.0,14.0,100.779,26.543,31.232,43.004,True,R02_China_LAW_S2,37
R02_China,LAW,Racing Bulls,2.0,HARD,6.0,15.0,99.02,26.023,30.415,42.582,True,R02_China_LAW_S2,37
R02_China,LAW,Racing Bulls,2.0,HARD,7.0,16.0,99.437,26.171,30.308,42.958,True,R02_China_LAW_S2,37
R02_China,LAW,Racing Bulls,2.0,HARD,10.0,19.0,98.989,26.058,30.253,42.678,True,R02_China_LAW_S2,37
R02_China,LAW,Racing Bulls,2.0,HARD,11.0,20.0,99.187,26.148,30.308,42.731,True,R02_China_LAW_S2,37
R02_China,LAW,Racing Bulls,2.0,HARD,12.0,21.0,98.491,25.84,30.036,42.615,True,R02_China_LAW_S2,37
R02_China,LAW,Racing Bulls,2.0,HARD,13.0,22.0,98.8,26.023,29.99,42.787,True,R02_China_LAW_S2,37
R02_China,LAW,Racing Bulls,2.0,HARD,14.0,23.0,98.552,26.069,29.916,42.567,True,R02_China_LAW_S2,37
R02_China,LAW,Racing Bulls,2.0,HARD,15.0,24.0,98.546,25.936,30.014,42.596,True,R02_China_LAW_S2,37
R02_China,LAW,Racing Bulls,2.0,HARD,16.0,25.0,98.599,25.955,30.06,42.584,True,R02_China_LAW_S2,37
R02_China,LAW,Racing Bulls,2.0,HARD,17.0,26.0,98.445,25.844,29.994,42.607,True,R02_China_LAW_S2,37
R02_China,LAW,Racing Bulls,2.0,HARD,20.0,29.0,98.308,25.917,29.943,42.448,True,R02_China_LAW_S2,37
R02_China,LAW,Racing Bulls,2.0,HARD,21.0,30.0,97.894,25.74,29.884,42.27,True,R02_China_LAW_S2,37
R02_China,LAW,Racing Bulls,2.0,HARD,22.0,31.0,98.084,25.748,29.851,42.485,True,R02_China_LAW_S2,37
R02_China,LAW,Racing Bulls,2.0,HARD,23.0,32.0,97.959,25.802,29.723,42.434,True,R02_China_LAW_S2,37
R02_China,LAW,Racing Bulls,2.0,HARD,25.0,34.0,98.224,25.826,29.894,42.504,True,R02_China_LAW_S2,37
R02_China,LAW,Racing Bulls,2.0,HARD,26.0,35.0,98.009,25.786,30.09,42.133,True,R02_China_LAW_S2,37
R02_China,LAW,Racing Bulls,2.0,HARD,27.0,36.0,97.981,25.804,29.62,42.557,True,R02_China_LAW_S2,37
R02_China,LAW,Racing Bulls,2.0,HARD,28.0,37.0,97.972,26.089,29.555,42.328,True,R02_China_LAW_S2,37
R02_China,LAW,Racing Bulls,2.0,HARD,29.0,38.0,97.568,25.79,29.497,42.281,True,R02_China_LAW_S2,37
R02_China,LAW,Racing Bulls,2.0,HARD,30.0,39.0,97.763,25.824,29.535,42.404,True,R02_China_LAW_S2,37
R02_China,LAW,Racing Bulls,2.0,HARD,31.0,40.0,97.81,26.032,29.449,42.329,True,R02_China_LAW_S2,37
R02_China,LAW,Racing Bulls,2.0,HARD,32.0,41.0,97.616,25.711,29.404,42.501,True,R02_China_LAW_S2,37
R02_China,LAW,Racing Bulls,2.0,HARD,33.0,42.0,97.556,25.758,29.421,42.377,True,R02_China_LAW_S2,37
R02_China,LAW,Racing Bulls,2.0,HARD,34.0,43.0,97.561,25.734,29.425,42.402,True,R02_China_LAW_S2,37
R02_China,LAW,Racing Bulls,2.0,HARD,35.0,44.0,97.354,25.636,29.449,42.269,True,R02_China_LAW_S2,37
R02_China,LAW,Racing Bulls,2.0,HARD,36.0,45.0,97.547,25.595,29.5,42.452,True,R02_China_LAW_S2,37
R02_China,LAW,Racing Bulls,2.0,HARD,37.0,46.0,97.369,25.556,29.476,42.337,True,R02_China_LAW_S2,37
R02_China,LAW,Racing Bulls,2.0,HARD,38.0,47.0,97.298,25.579,29.339,42.38,True,R02_China_LAW_S2,37
R02_China,LAW,Racing Bulls,2.0,HARD,39.0,48.0,97.443,25.642,29.43,42.371,True,R02_China_LAW_S2,37
R02_China,LAW,Racing Bulls,2.0,HARD,40.0,49.0,97.457,25.599,29.495,42.363,True,R02_China_LAW_S2,37
R02_China,LAW,Racing Bulls,2.0,HARD,41.0,50.0,97.201,25.469,29.437,42.295,True,R02_China_LAW_S2,37
R02_China,LAW,Racing Bulls,2.0,HARD,42.0,51.0,97.393,25.586,29.535,42.272,True,R02_China_LAW_S2,37
R02_China,LAW,Racing Bulls,2.0,HARD,43.0,52.0,97.324,25.544,29.481,42.299,True,R02_China_LAW_S2,37
R02_China,LAW,Racing Bulls,2.0,HARD,45.0,54.0,97.202,25.555,29.431,42.216,True,R02_China_LAW_S2,37
R02_China,LAW,Racing Bulls,2.0,HARD,46.0,55.0,97.166,25.444,29.481,42.241,True,R02_China_LAW_S2,37
R02_China,LAW,Racing Bulls,2.0,HARD,47.0,56.0,97.096,25.458,29.543,42.095,True,R02_China_LAW_S2,37
R02_China,LEC,Ferrari,1.0,MEDIUM,2.0,2.0,98.558,25.954,29.998,42.606,True,R02_China_LEC_S1,8
R02_China,LEC,Ferrari,1.0,MEDIUM,3.0,3.0,99.148,26.669,29.902,42.577,True,R02_China_LEC_S1,8
R02_China,LEC,Ferrari,1.0,MEDIUM,4.0,4.0,97.835,25.914,29.661,42.26,True,R02_China_LEC_S1,8
R02_China,LEC,Ferrari,1.0,MEDIUM,5.0,5.0,97.863,25.914,29.632,42.317,True,R02_China_LEC_S1,8
R02_China,LEC,Ferrari,1.0,MEDIUM,6.0,6.0,98.136,26.144,29.86,42.132,True,R02_China_LEC_S1,8
R02_China,LEC,Ferrari,1.0,MEDIUM,7.0,7.0,97.994,25.894,29.733,42.367,True,R02_China_LEC_S1,8
R02_China,LEC,Ferrari,1.0,MEDIUM,8.0,8.0,97.794,25.841,29.734,42.219,True,R02_China_LEC_S1,8
R02_China,LEC,Ferrari,1.0,MEDIUM,9.0,9.0,98.13,26.108,29.872,42.15,True,R02_China_LEC_S1,8
R02_China,LEC,Ferrari,2.0,HARD,4.0,14.0,99.851,26.409,30.888,42.554,True,R02_China_LEC_S2,39
R02_China,LEC,Ferrari,2.0,HARD,5.0,15.0,97.205,25.671,29.86,41.674,True,R02_China_LEC_S2,39
R02_China,LEC,Ferrari,2.0,HARD,6.0,16.0,97.306,25.684,29.518,42.104,True,R02_China_LEC_S2,39
R02_China,LEC,Ferrari,2.0,HARD,7.0,17.0,96.877,25.833,29.22,41.824,True,R02_China_LEC_S2,39
R02_China,LEC,Ferrari,2.0,HARD,9.0,19.0,96.861,25.435,29.322,42.104,True,R02_China_LEC_S2,39
R02_China,LEC,Ferrari,2.0,HARD,10.0,20.0,96.833,25.608,29.339,41.886,True,R02_China_LEC_S2,39
R02_China,LEC,Ferrari,2.0,HARD,11.0,21.0,96.705,25.423,29.23,42.052,True,R02_China_LEC_S2,39
R02_China,LEC,Ferrari,2.0,HARD,12.0,22.0,96.643,25.59,29.215,41.838,True,R02_China_LEC_S2,39
R02_China,LEC,Ferrari,2.0,HARD,13.0,23.0,96.813,25.616,29.24,41.957,True,R02_China_LEC_S2,39
R02_China,LEC,Ferrari,2.0,HARD,14.0,24.0,97.277,25.656,29.4,42.221,True,R02_China_LEC_S2,39
R02_China,LEC,Ferrari,2.0,HARD,15.0,25.0,97.681,26.054,29.422,42.205,True,R02_China_LEC_S2,39
R02_China,LEC,Ferrari,2.0,HARD,16.0,26.0,97.574,25.771,29.158,42.645,True,R02_China_LEC_S2,39
R02_China,LEC,Ferrari,2.0,HARD,17.0,27.0,97.872,25.711,30.036,42.125,True,R02_China_LEC_S2,39
R02_China,LEC,Ferrari,2.0,HARD,19.0,29.0,97.107,25.517,29.109,42.481,True,R02_China_LEC_S2,39
R02_China,LEC,Ferrari,2.0,HARD,20.0,30.0,96.797,25.699,29.408,41.69,True,R02_China_LEC_S2,39
R02_China,LEC,Ferrari,2.0,HARD,21.0,31.0,96.409,25.405,29.148,41.856,True,R02_China_LEC_S2,39
R02_China,LEC,Ferrari,2.0,HARD,22.0,32.0,96.624,25.841,29.185,41.598,True,R02_China_LEC_S2,39
R02_China,LEC,Ferrari,2.0,HARD,24.0,34.0,96.729,25.656,29.08,41.993,True,R02_China_LEC_S2,39
R02_China,LEC,Ferrari,2.0,HARD,25.0,35.0,98.511,25.494,29.203,43.814,True,R02_China_LEC_S2,39
R02_China,LEC,Ferrari,2.0,HARD,26.0,36.0,97.247,25.858,29.426,41.963,True,R02_China_LEC_S2,39
R02_China,LEC,Ferrari,2.0,HARD,27.0,37.0,96.767,25.901,29.213,41.653,True,R02_China_LEC_S2,39
R02_China,LEC,Ferrari,2.0,HARD,28.0,38.0,96.759,25.516,29.349,41.894,True,R02_China_LEC_S2,39
R02_China,LEC,Ferrari,2.0,HARD,29.0,39.0,96.993,25.561,29.25,42.182,True,R02_China_LEC_S2,39
R02_China,LEC,Ferrari,2.0,HARD,30.0,40.0,98.256,26.043,29.941,42.272,True,R02_China_LEC_S2,39
R02_China,LEC,Ferrari,2.0,HARD,31.0,41.0,96.84,25.517,29.252,42.071,True,R02_China_LEC_S2,39
R02_China,LEC,Ferrari,2.0,HARD,32.0,42.0,96.795,25.544,29.158,42.093,True,R02_China_LEC_S2,39
R02_China,LEC,Ferrari,2.0,HARD,33.0,43.0,96.584,25.335,29.135,42.114,True,R02_China_LEC_S2,39
R02_China,LEC,Ferrari,2.0,HARD,34.0,44.0,96.649,25.554,29.115,41.98,True,R02_China_LEC_S2,39
R02_China,LEC,Ferrari,2.0,HARD,35.0,45.0,97.224,25.414,29.223,42.587,True,R02_China_LEC_S2,39
R02_China,LEC,Ferrari,2.0,HARD,36.0,46.0,96.271,25.203,29.112,41.956,True,R02_China_LEC_S2,39
R02_China,LEC,Ferrari,2.0,HARD,37.0,47.0,96.204,25.441,29.151,41.612,True,R02_China_LEC_S2,39
R02_China,LEC,Ferrari,2.0,HARD,38.0,48.0,96.228,25.151,29.049,42.028,True,R02_China_LEC_S2,39
R02_China,LEC,Ferrari,2.0,HARD,39.0,49.0,96.331,25.332,28.967,42.032,True,R02_China_LEC_S2,39
R02_China,LEC,Ferrari,2.0,HARD,40.0,50.0,96.387,25.34,29.021,42.026,True,R02_China_LEC_S2,39
R02_China,LEC,Ferrari,2.0,HARD,41.0,51.0,96.744,25.22,28.931,42.593,True,R02_China_LEC_S2,39
R02_China,LEC,Ferrari,2.0,HARD,42.0,52.0,96.324,25.373,28.989,41.962,True,R02_China_LEC_S2,39
R02_China,LEC,Ferrari,2.0,HARD,44.0,54.0,96.213,25.197,28.969,42.047,True,R02_China_LEC_S2,39
R02_China,LEC,Ferrari,2.0,HARD,45.0,55.0,96.134,25.047,29.019,42.068,True,R02_China_LEC_S2,39
R02_China,LEC,Ferrari,2.0,HARD,46.0,56.0,96.011,25.129,28.862,42.02,True,R02_China_LEC_S2,39
R02_China,LIN,Racing Bulls,1.0,HARD,2.0,2.0,101.049,26.553,31.14,43.356,True,R02_China_LIN_S1,32
R02_China,LIN,Racing Bulls,1.0,HARD,3.0,3.0,99.308,26.135,30.408,42.765,True,R02_China_LIN_S1,32
R02_China,LIN,Racing Bulls,1.0,HARD,4.0,4.0,99.298,25.808,30.252,43.238,True,R02_China_LIN_S1,32
R02_China,LIN,Racing Bulls,1.0,HARD,5.0,5.0,99.395,26.065,30.405,42.925,True,R02_China_LIN_S1,32
R02_China,LIN,Racing Bulls,1.0,HARD,6.0,6.0,99.363,26.056,30.378,42.929,True,R02_China_LIN_S1,32
R02_China,LIN,Racing Bulls,1.0,HARD,7.0,7.0,99.198,25.898,30.408,42.892,True,R02_China_LIN_S1,32
R02_China,LIN,Racing Bulls,1.0,HARD,8.0,8.0,99.45,26.064,30.44,42.946,True,R02_China_LIN_S1,32
R02_China,LIN,Racing Bulls,1.0,HARD,9.0,9.0,99.859,26.316,30.745,42.798,True,R02_China_LIN_S1,32
R02_China,LIN,Racing Bulls,1.0,HARD,14.0,14.0,100.873,26.298,30.968,43.607,True,R02_China_LIN_S1,32
R02_China,LIN,Racing Bulls,1.0,HARD,15.0,15.0,99.084,26.252,30.235,42.597,True,R02_China_LIN_S1,32
R02_China,LIN,Racing Bulls,1.0,HARD,16.0,16.0,99.328,25.876,30.217,43.235,True,R02_China_LIN_S1,32
R02_China,LIN,Racing Bulls,1.0,HARD,19.0,19.0,99.363,26.075,30.303,42.985,True,R02_China_LIN_S1,32
R02_China,LIN,Racing Bulls,1.0,HARD,20.0,20.0,99.466,26.213,30.418,42.835,True,R02_China_LIN_S1,32
R02_China,LIN,Racing Bulls,1.0,HARD,21.0,21.0,99.78,25.823,30.148,43.809,True,R02_China_LIN_S1,32
R02_China,LIN,Racing Bulls,1.0,HARD,22.0,22.0,99.306,26.144,30.331,42.831,True,R02_China_LIN_S1,32
R02_China,LIN,Racing Bulls,1.0,HARD,23.0,23.0,98.456,25.919,30.047,42.49,True,R02_China_LIN_S1,32
R02_China,LIN,Racing Bulls,1.0,HARD,24.0,24.0,98.975,25.96,30.206,42.809,True,R02_China_LIN_S1,32
R02_China,LIN,Racing Bulls,1.0,HARD,25.0,25.0,99.529,26.052,30.166,43.311,True,R02_China_LIN_S1,32
R02_China,LIN,Racing Bulls,1.0,HARD,26.0,26.0,99.139,26.176,30.255,42.708,True,R02_China_LIN_S1,32
R02_China,LIN,Racing Bulls,1.0,HARD,28.0,28.0,99.843,26.661,30.116,43.066,True,R02_China_LIN_S1,32
R02_China,LIN,Racing Bulls,1.0,HARD,29.0,29.0,98.66,25.851,30.018,42.791,True,R02_China_LIN_S1,32
R02_China,LIN,Racing Bulls,1.0,HARD,30.0,30.0,98.503,25.844,29.915,42.744,True,R02_China_LIN_S1,32
R02_China,LIN,Racing Bulls,1.0,HARD,31.0,31.0,98.543,25.856,29.932,42.755,True,R02_China_LIN_S1,32
R02_China,LIN,Racing Bulls,1.0,HARD,32.0,32.0,98.387,25.793,29.936,42.658,True,R02_China_LIN_S1,32
R02_China,LIN,Racing Bulls,1.0,HARD,34.0,34.0,98.471,25.882,29.88,42.709,True,R02_China_LIN_S1,32
R02_China,LIN,Racing Bulls,1.0,HARD,35.0,35.0,98.321,25.815,29.825,42.681,True,R02_China_LIN_S1,32
R02_China,LIN,Racing Bulls,1.0,HARD,36.0,36.0,98.052,25.75,29.838,42.464,True,R02_China_LIN_S1,32
R02_China,LIN,Racing Bulls,1.0,HARD,37.0,37.0,98.067,25.72,29.682,42.665,True,R02_China_LIN_S1,32
R02_China,LIN,Racing Bulls,1.0,HARD,38.0,38.0,97.97,25.71,29.706,42.554,True,R02_China_LIN_S1,32
R02_China,LIN,Racing Bulls,1.0,HARD,39.0,39.0,98.031,25.708,29.736,42.587,True,R02_China_LIN_S1,32
R02_China,LIN,Racing Bulls,1.0,HARD,40.0,40.0,98.037,25.666,29.573,42.798,True,R02_China_LIN_S1,32
R02_China,LIN,Racing Bulls,1.0,HARD,41.0,41.0,100.061,25.665,29.663,44.733,True,R02_China_LIN_S1,32
R02_China,LIN,Racing Bulls,2.0,MEDIUM,2.0,44.0,96.338,25.297,29.065,41.976,True,R02_China_LIN_S2,11
R02_China,LIN,Racing Bulls,2.0,MEDIUM,3.0,45.0,96.104,25.082,29.099,41.923,True,R02_China_LIN_S2,11
R02_China,LIN,Racing Bulls,2.0,MEDIUM,4.0,46.0,96.099,25.11,29.057,41.932,True,R02_China_LIN_S2,11
R02_China,LIN,Racing Bulls,2.0,MEDIUM,5.0,47.0,96.147,25.21,29.12,41.817,True,R02_China_LIN_S2,11
R02_China,LIN,Racing Bulls,2.0,MEDIUM,6.0,48.0,96.224,25.113,29.245,41.866,True,R02_China_LIN_S2,11
R02_China,LIN,Racing Bulls,2.0,MEDIUM,7.0,49.0,96.203,25.181,29.149,41.873,True,R02_China_LIN_S2,11
R02_China,LIN,Racing Bulls,2.0,MEDIUM,8.0,50.0,96.382,25.16,29.197,42.025,True,R02_China_LIN_S2,11
R02_China,LIN,Racing Bulls,2.0,MEDIUM,9.0,51.0,96.782,25.207,29.435,42.14,True,R02_China_LIN_S2,11
R02_China,LIN,Racing Bulls,2.0,MEDIUM,11.0,53.0,97.164,25.472,29.536,42.156,True,R02_China_LIN_S2,11
R02_China,LIN,Racing Bulls,2.0,MEDIUM,12.0,54.0,97.477,25.465,29.701,42.311,True,R02_China_LIN_S2,11
R02_China,LIN,Racing Bulls,2.0,MEDIUM,13.0,55.0,97.504,25.575,29.659,42.27,True,R02_China_LIN_S2,11
R02_China,OCO,Haas F1 Team,1.0,HARD,2.0,2.0,99.736,26.498,30.518,42.72,True,R02_China_OCO_S1,20
R02_China,OCO,Haas F1 Team,1.0,HARD,3.0,3.0,99.082,26.297,30.078,42.707,True,R02_China_OCO_S1,20
R02_China,OCO,Haas F1 Team,1.0,HARD,4.0,4.0,99.102,26.051,30.22,42.831,True,R02_China_OCO_S1,20
R02_China,OCO,Haas F1 Team,1.0,HARD,5.0,5.0,98.846,26.059,30.26,42.527,True,R02_China_OCO_S1,20
R02_China,OCO,Haas F1 Team,1.0,HARD,6.0,6.0,98.758,26.082,29.95,42.726,True,R02_China_OCO_S1,20
R02_China,OCO,Haas F1 Team,1.0,HARD,7.0,7.0,99.086,26.271,29.883,42.932,True,R02_China_OCO_S1,20
R02_China,OCO,Haas F1 Team,1.0,HARD,8.0,8.0,99.015,26.219,30.012,42.784,True,R02_China_OCO_S1,20
R02_China,OCO,Haas F1 Team,1.0,HARD,9.0,9.0,99.018,26.316,30.007,42.695,True,R02_China_OCO_S1,20
R02_China,OCO,Haas F1 Team,1.0,HARD,14.0,14.0,100.325,26.252,30.75,43.323,True,R02_China_OCO_S1,20
R02_China,OCO,Haas F1 Team,1.0,HARD,15.0,15.0,99.043,25.887,30.079,43.077,True,R02_China_OCO_S1,20
R02_China,OCO,Haas F1 Team,1.0,HARD,16.0,16.0,99.417,26.089,30.601,42.727,True,R02_China_OCO_S1,20
R02_China,OCO,Haas F1 Team,1.0,HARD,17.0,17.0,98.357,25.939,29.989,42.429,True,R02_China_OCO_S1,20
R02_China,OCO,Haas F1 Team,1.0,HARD,19.0,19.0,99.911,26.071,30.6,43.24,True,R02_China_OCO_S1,20
R02_China,OCO,Haas F1 Team,1.0,HARD,20.0,20.0,98.991,26.589,29.733,42.669,True,R02_China_OCO_S1,20
R02_China,OCO,Haas F1 Team,1.0,HARD,21.0,21.0,99.822,26.304,30.509,43.009,True,R02_China_OCO_S1,20
R02_China,OCO,Haas F1 Team,1.0,HARD,22.0,22.0,98.7,26.286,29.867,42.547,True,R02_China_OCO_S1,20
R02_China,OCO,Haas F1 Team,1.0,HARD,23.0,23.0,98.334,25.954,29.953,42.427,True,R02_China_OCO_S1,20
R02_China,OCO,Haas F1 Team,1.0,HARD,24.0,24.0,98.85,26.031,29.845,42.974,True,R02_China_OCO_S1,20
R02_China,OCO,Haas F1 Team,1.0,HARD,25.0,25.0,98.331,26.234,29.77,42.327,True,R02_China_OCO_S1,20
R02_China,OCO,Haas F1 Team,1.0,HARD,26.0,26.0,97.825,25.759,29.811,42.255,True,R02_China_OCO_S1,20
R02_China,OCO,Haas F1 Team,2.0,MEDIUM,2.0,31.0,96.926,25.094,29.333,42.499,True,R02_China_OCO_S2,14
R02_China,OCO,Haas F1 Team,2.0,MEDIUM,3.0,32.0,97.104,25.872,29.248,41.984,True,R02_China_OCO_S2,14
R02_China,OCO,Haas F1 Team,2.0,MEDIUM,5.0,34.0,98.474,25.942,30.017,42.515,True,R02_China_OCO_S2,14
R02_China,OCO,Haas F1 Team,2.0,MEDIUM,6.0,35.0,98.037,25.818,29.735,42.484,True,R02_China_OCO_S2,14
R02_China,OCO,Haas F1 Team,2.0,MEDIUM,7.0,36.0,98.817,25.999,29.994,42.824,True,R02_China_OCO_S2,14
R02_China,OCO,Haas F1 Team,2.0,MEDIUM,8.0,37.0,97.83,25.984,29.561,42.285,True,R02_China_OCO_S2,14
R02_China,OCO,Haas F1 Team,2.0,MEDIUM,9.0,38.0,97.694,25.625,29.522,42.547,True,R02_China_OCO_S2,14
R02_China,OCO,Haas F1 Team,2.0,MEDIUM,10.0,39.0,98.017,25.887,29.533,42.597,True,R02_China_OCO_S2,14
R02_China,OCO,Haas F1 Team,2.0,MEDIUM,11.0,40.0,98.068,25.942,29.628,42.498,True,R02_China_OCO_S2,14
R02_China,OCO,Haas F1 Team,2.0,MEDIUM,12.0,41.0,97.901,25.756,29.555,42.59,True,R02_China_OCO_S2,14
R02_China,OCO,Haas F1 Team,2.0,MEDIUM,13.0,42.0,98.014,25.948,29.502,42.564,True,R02_China_OCO_S2,14
R02_China,OCO,Haas F1 Team,2.0,MEDIUM,14.0,43.0,99.758,26.982,30.053,42.723,True,R02_China_OCO_S2,14
R02_China,OCO,Haas F1 Team,2.0,MEDIUM,15.0,44.0,97.846,25.92,29.585,42.341,True,R02_China_OCO_S2,14
R02_China,OCO,Haas F1 Team,2.0,MEDIUM,16.0,45.0,99.146,25.615,29.622,43.909,True,R02_China_OCO_S2,14
R02_China,OCO,Haas F1 Team,3.0,SOFT,2.0,48.0,96.461,25.461,28.951,42.049,True,R02_China_OCO_S3,7
R02_China,OCO,Haas F1 Team,3.0,SOFT,3.0,49.0,96.746,25.414,29.104,42.228,True,R02_China_OCO_S3,7
R02_China,OCO,Haas F1 Team,3.0,SOFT,4.0,50.0,96.427,25.302,29.174,41.951,True,R02_China_OCO_S3,7
R02_China,OCO,Haas F1 Team,3.0,SOFT,5.0,51.0,96.476,25.394,29.09,41.992,True,R02_China_OCO_S3,7
R02_China,OCO,Haas F1 Team,3.0,SOFT,7.0,53.0,96.642,25.511,29.054,42.077,True,R02_China_OCO_S3,7
R02_China,OCO,Haas F1 Team,3.0,SOFT,8.0,54.0,95.964,25.355,28.897,41.712,True,R02_China_OCO_S3,7
R02_China,OCO,Haas F1 Team,3.0,SOFT,9.0,55.0,96.281,25.237,29.083,41.961,True,R02_China_OCO_S3,7
R02_China,PER,Cadillac,1.0,MEDIUM,2.0,2.0,101.066,26.586,30.736,43.744,True,R02_China_PER_S1,8
R02_China,PER,Cadillac,1.0,MEDIUM,3.0,3.0,101.224,26.559,31.121,43.544,True,R02_China_PER_S1,8
R02_China,PER,Cadillac,1.0,MEDIUM,4.0,4.0,100.934,26.488,30.989,43.457,True,R02_China_PER_S1,8
R02_China,PER,Cadillac,1.0,MEDIUM,5.0,5.0,100.978,26.428,30.987,43.563,True,R02_China_PER_S1,8
R02_China,PER,Cadillac,1.0,MEDIUM,6.0,6.0,100.557,26.336,30.959,43.262,True,R02_China_PER_S1,8
R02_China,PER,Cadillac,1.0,MEDIUM,7.0,7.0,100.918,26.521,30.988,43.409,True,R02_China_PER_S1,8
R02_China,PER,Cadillac,1.0,MEDIUM,8.0,8.0,101.103,26.456,31.044,43.603,True,R02_China_PER_S1,8
R02_China,PER,Cadillac,1.0,MEDIUM,9.0,9.0,101.781,26.681,31.251,43.849,True,R02_China_PER_S1,8
R02_China,PER,Cadillac,2.0,HARD,3.0,14.0,101.759,26.987,31.116,43.656,True,R02_China_PER_S2,35
R02_China,PER,Cadillac,2.0,HARD,4.0,15.0,100.004,26.319,30.887,42.798,True,R02_China_PER_S2,35
R02_China,PER,Cadillac,2.0,HARD,5.0,16.0,99.621,26.132,30.683,42.806,True,R02_China_PER_S2,35
R02_China,PER,Cadillac,2.0,HARD,8.0,19.0,99.731,26.312,30.675,42.744,True,R02_China_PER_S2,35
R02_China,PER,Cadillac,2.0,HARD,9.0,20.0,100.134,26.383,30.892,42.859,True,R02_China_PER_S2,35
R02_China,PER,Cadillac,2.0,HARD,10.0,21.0,99.682,26.359,30.577,42.746,True,R02_China_PER_S2,35
R02_China,PER,Cadillac,2.0,HARD,11.0,22.0,99.622,26.152,30.638,42.832,True,R02_China_PER_S2,35
R02_China,PER,Cadillac,2.0,HARD,12.0,23.0,99.75,26.358,30.59,42.802,True,R02_China_PER_S2,35
R02_China,PER,Cadillac,2.0,HARD,13.0,24.0,99.736,26.357,30.633,42.746,True,R02_China_PER_S2,35
R02_China,PER,Cadillac,2.0,HARD,14.0,25.0,100.542,26.847,30.729,42.966,True,R02_China_PER_S2,35
R02_China,PER,Cadillac,2.0,HARD,15.0,26.0,100.01,26.277,30.698,43.035,True,R02_China_PER_S2,35
R02_China,PER,Cadillac,2.0,HARD,17.0,28.0,99.583,26.26,30.643,42.68,True,R02_China_PER_S2,35
R02_China,PER,Cadillac,2.0,HARD,18.0,29.0,100.437,26.772,30.723,42.942,True,R02_China_PER_S2,35
R02_China,PER,Cadillac,2.0,HARD,19.0,30.0,100.016,26.215,30.594,43.207,True,R02_China_PER_S2,35
R02_China,PER,Cadillac,2.0,HARD,20.0,31.0,99.977,26.262,30.789,42.926,True,R02_China_PER_S2,35
R02_China,PER,Cadillac,2.0,HARD,21.0,32.0,99.799,26.198,30.662,42.939,True,R02_China_PER_S2,35
R02_China,PER,Cadillac,2.0,HARD,23.0,34.0,100.185,26.291,30.552,43.342,True,R02_China_PER_S2,35
R02_China,PER,Cadillac,2.0,HARD,24.0,35.0,99.48,26.407,30.29,42.783,True,R02_China_PER_S2,35
R02_China,PER,Cadillac,2.0,HARD,25.0,36.0,99.551,26.468,30.285,42.798,True,R02_China_PER_S2,35
R02_China,PER,Cadillac,2.0,HARD,26.0,37.0,99.606,26.342,30.306,42.958,True,R02_China_PER_S2,35
R02_China,PER,Cadillac,2.0,HARD,27.0,38.0,100.111,26.365,30.884,42.862,True,R02_China_PER_S2,35
R02_China,PER,Cadillac,2.0,HARD,28.0,39.0,99.616,26.153,30.091,43.372,True,R02_China_PER_S2,35
R02_China,PER,Cadillac,2.0,HARD,29.0,40.0,99.591,26.116,30.593,42.882,True,R02_China_PER_S2,35
R02_China,PER,Cadillac,2.0,HARD,30.0,41.0,100.557,26.3,31.333,42.924,True,R02_China_PER_S2,35
R02_China,PER,Cadillac,2.0,HARD,31.0,42.0,99.127,26.152,30.113,42.862,True,R02_China_PER_S2,35
R02_China,PER,Cadillac,2.0,HARD,32.0,43.0,101.151,26.347,30.691,44.113,True,R02_China_PER_S2,35
R02_China,PER,Cadillac,2.0,HARD,35.0,46.0,100.983,27.8,30.164,43.019,True,R02_China_PER_S2,35
R02_China,PER,Cadillac,2.0,HARD,36.0,47.0,99.88,26.586,30.248,43.046,True,R02_China_PER_S2,35
R02_China,PER,Cadillac,2.0,HARD,37.0,48.0,100.227,26.179,30.484,43.564,True,R02_China_PER_S2,35
R02_China,PER,Cadillac,2.0,HARD,38.0,49.0,99.462,25.877,29.944,43.641,True,R02_China_PER_S2,35
R02_China,PER,Cadillac,2.0,HARD,39.0,50.0,98.523,26.09,30.068,42.365,True,R02_China_PER_S2,35
R02_China,PER,Cadillac,2.0,HARD,40.0,51.0,99.014,26.099,30.095,42.82,True,R02_China_PER_S2,35
R02_China,PER,Cadillac,2.0,HARD,42.0,53.0,98.959,26.227,30.218,42.514,True,R02_China_PER_S2,35
R02_China,PER,Cadillac,2.0,HARD,43.0,54.0,99.076,26.347,29.989,42.74,True,R02_China_PER_S2,35
R02_China,PER,Cadillac,2.0,HARD,44.0,55.0,98.898,26.235,29.94,42.723,True,R02_China_PER_S2,35
R02_China,RUS,Mercedes,1.0,MEDIUM,2.0,2.0,98.075,26.022,29.719,42.334,True,R02_China_RUS_S1,8
R02_China,RUS,Mercedes,1.0,MEDIUM,3.0,3.0,98.125,25.645,29.98,42.5,True,R02_China_RUS_S1,8
R02_China,RUS,Mercedes,1.0,MEDIUM,4.0,4.0,97.093,25.403,29.242,42.448,True,R02_China_RUS_S1,8
R02_China,RUS,Mercedes,1.0,MEDIUM,5.0,5.0,97.462,25.552,29.402,42.508,True,R02_China_RUS_S1,8
R02_China,RUS,Mercedes,1.0,MEDIUM,6.0,6.0,97.375,25.979,29.391,42.005,True,R02_China_RUS_S1,8
R02_China,RUS,Mercedes,1.0,MEDIUM,7.0,7.0,97.383,25.975,29.362,42.046,True,R02_China_RUS_S1,8
R02_China,RUS,Mercedes,1.0,MEDIUM,8.0,8.0,97.266,25.949,29.355,41.962,True,R02_China_RUS_S1,8
R02_China,RUS,Mercedes,1.0,MEDIUM,9.0,9.0,97.261,25.861,29.513,41.887,True,R02_China_RUS_S1,8
R02_China,RUS,Mercedes,2.0,HARD,4.0,14.0,100.588,26.305,31.086,43.197,True,R02_China_RUS_S2,39
R02_China,RUS,Mercedes,2.0,HARD,5.0,15.0,98.91,25.968,30.345,42.597,True,R02_China_RUS_S2,39
R02_China,RUS,Mercedes,2.0,HARD,6.0,16.0,97.532,25.573,29.819,42.14,True,R02_China_RUS_S2,39
R02_China,RUS,Mercedes,2.0,HARD,7.0,17.0,96.42,25.657,29.134,41.629,True,R02_China_RUS_S2,39
R02_China,RUS,Mercedes,2.0,HARD,9.0,19.0,96.668,25.565,29.149,41.954,True,R02_China_RUS_S2,39
R02_China,RUS,Mercedes,2.0,HARD,10.0,20.0,96.617,25.365,29.318,41.934,True,R02_China_RUS_S2,39
R02_China,RUS,Mercedes,2.0,HARD,11.0,21.0,96.663,25.152,29.631,41.88,True,R02_China_RUS_S2,39
R02_China,RUS,Mercedes,2.0,HARD,12.0,22.0,96.894,25.733,29.398,41.763,True,R02_China_RUS_S2,39
R02_China,RUS,Mercedes,2.0,HARD,13.0,23.0,96.561,25.608,29.286,41.667,True,R02_China_RUS_S2,39
R02_China,RUS,Mercedes,2.0,HARD,14.0,24.0,97.445,25.578,29.504,42.363,True,R02_China_RUS_S2,39
R02_China,RUS,Mercedes,2.0,HARD,15.0,25.0,98.063,25.825,30.062,42.176,True,R02_China_RUS_S2,39
R02_China,RUS,Mercedes,2.0,HARD,16.0,26.0,97.187,25.598,29.588,42.001,True,R02_China_RUS_S2,39
R02_China,RUS,Mercedes,2.0,HARD,17.0,27.0,97.771,25.857,29.554,42.36,True,R02_China_RUS_S2,39
R02_China,RUS,Mercedes,2.0,HARD,19.0,29.0,96.158,25.614,29.227,41.317,True,R02_China_RUS_S2,39
R02_China,RUS,Mercedes,2.0,HARD,20.0,30.0,96.438,25.67,29.158,41.61,True,R02_China_RUS_S2,39
R02_China,RUS,Mercedes,2.0,HARD,21.0,31.0,96.207,25.564,29.099,41.544,True,R02_China_RUS_S2,39
R02_China,RUS,Mercedes,2.0,HARD,22.0,32.0,95.977,25.491,29.035,41.451,True,R02_China_RUS_S2,39
R02_China,RUS,Mercedes,2.0,HARD,24.0,34.0,95.852,25.489,28.955,41.408,True,R02_China_RUS_S2,39
R02_China,RUS,Mercedes,2.0,HARD,25.0,35.0,96.162,25.461,29.197,41.504,True,R02_China_RUS_S2,39
R02_China,RUS,Mercedes,2.0,HARD,26.0,36.0,95.914,25.435,28.945,41.534,True,R02_China_RUS_S2,39
R02_China,RUS,Mercedes,2.0,HARD,27.0,37.0,95.531,25.377,28.827,41.327,True,R02_China_RUS_S2,39
R02_China,RUS,Mercedes,2.0,HARD,28.0,38.0,95.529,25.305,28.918,41.306,True,R02_China_RUS_S2,39
R02_China,RUS,Mercedes,2.0,HARD,29.0,39.0,95.497,25.323,28.804,41.37,True,R02_China_RUS_S2,39
R02_China,RUS,Mercedes,2.0,HARD,30.0,40.0,95.636,25.393,28.845,41.398,True,R02_China_RUS_S2,39
R02_China,RUS,Mercedes,2.0,HARD,31.0,41.0,95.641,25.306,28.877,41.458,True,R02_China_RUS_S2,39
R02_China,RUS,Mercedes,2.0,HARD,32.0,42.0,96.661,25.516,29.312,41.833,True,R02_China_RUS_S2,39
R02_China,RUS,Mercedes,2.0,HARD,33.0,43.0,95.644,25.363,28.902,41.379,True,R02_China_RUS_S2,39
R02_China,RUS,Mercedes,2.0,HARD,34.0,44.0,95.542,25.356,28.807,41.379,True,R02_China_RUS_S2,39
R02_China,RUS,Mercedes,2.0,HARD,35.0,45.0,95.677,25.224,29.021,41.432,True,R02_China_RUS_S2,39
R02_China,RUS,Mercedes,2.0,HARD,36.0,46.0,96.407,25.299,29.171,41.937,True,R02_China_RUS_S2,39
R02_China,RUS,Mercedes,2.0,HARD,37.0,47.0,95.668,25.292,28.779,41.597,True,R02_China_RUS_S2,39
R02_China,RUS,Mercedes,2.0,HARD,38.0,48.0,96.095,25.377,28.846,41.872,True,R02_China_RUS_S2,39
R02_China,RUS,Mercedes,2.0,HARD,39.0,49.0,95.87,25.325,28.697,41.848,True,R02_China_RUS_S2,39
R02_China,RUS,Mercedes,2.0,HARD,40.0,50.0,95.681,25.319,28.738,41.624,True,R02_China_RUS_S2,39
R02_China,RUS,Mercedes,2.0,HARD,41.0,51.0,95.531,25.125,28.642,41.764,True,R02_China_RUS_S2,39
R02_China,RUS,Mercedes,2.0,HARD,42.0,52.0,95.547,25.306,28.715,41.526,True,R02_China_RUS_S2,39
R02_China,RUS,Mercedes,2.0,HARD,44.0,54.0,96.457,25.418,29.072,41.967,True,R02_China_RUS_S2,39
R02_China,RUS,Mercedes,2.0,HARD,45.0,55.0,95.695,25.261,28.708,41.726,True,R02_China_RUS_S2,39
R02_China,RUS,Mercedes,2.0,HARD,46.0,56.0,95.4,25.226,28.71,41.464,True,R02_China_RUS_S2,39
R02_China,SAI,Williams,1.0,MEDIUM,2.0,2.0,100.743,26.296,30.998,43.449,True,R02_China_SAI_S1,7
R02_China,SAI,Williams,1.0,MEDIUM,3.0,3.0,99.987,27.077,30.389,42.521,True,R02_China_SAI_S1,7
R02_China,SAI,Williams,1.0,MEDIUM,4.0,4.0,98.988,26.39,30.159,42.439,True,R02_China_SAI_S1,7
R02_China,SAI,Williams,1.0,MEDIUM,5.0,5.0,99.754,26.454,30.503,42.797,True,R02_China_SAI_S1,7
R02_China,SAI,Williams,1.0,MEDIUM,6.0,6.0,100.138,26.732,30.691,42.715,True,R02_China_SAI_S1,7
R02_China,SAI,Williams,1.0,MEDIUM,7.0,7.0,100.631,26.571,30.596,43.464,True,R02_China_SAI_S1,7
R02_China,SAI,Williams,1.0,MEDIUM,8.0,8.0,99.913,26.363,30.686,42.864,True,R02_China_SAI_S1,7
R02_China,SAI,Williams,2.0,HARD,5.0,14.0,100.484,26.556,30.777,43.151,True,R02_China_SAI_S2,37
R02_China,SAI,Williams,2.0,HARD,6.0,15.0,99.125,26.249,30.247,42.629,True,R02_China_SAI_S2,37
R02_China,SAI,Williams,2.0,HARD,7.0,16.0,99.428,26.37,30.308,42.75,True,R02_China_SAI_S2,37
R02_China,SAI,Williams,2.0,HARD,10.0,19.0,99.119,26.228,30.251,42.64,True,R02_China_SAI_S2,37
R02_China,SAI,Williams,2.0,HARD,11.0,20.0,99.397,26.289,30.454,42.654,True,R02_China_SAI_S2,37
R02_China,SAI,Williams,2.0,HARD,12.0,21.0,99.144,26.375,30.111,42.658,True,R02_China_SAI_S2,37
R02_China,SAI,Williams,2.0,HARD,13.0,22.0,100.245,26.872,30.584,42.789,True,R02_China_SAI_S2,37
R02_China,SAI,Williams,2.0,HARD,14.0,23.0,99.101,26.286,30.238,42.577,True,R02_China_SAI_S2,37
R02_China,SAI,Williams,2.0,HARD,15.0,24.0,98.964,26.131,30.304,42.529,True,R02_China_SAI_S2,37
R02_China,SAI,Williams,2.0,HARD,16.0,25.0,98.754,26.161,30.131,42.462,True,R02_China_SAI_S2,37
R02_China,SAI,Williams,2.0,HARD,17.0,26.0,98.708,26.239,30.084,42.385,True,R02_China_SAI_S2,37
R02_China,SAI,Williams,2.0,HARD,19.0,28.0,98.672,26.279,30.012,42.381,True,R02_China_SAI_S2,37
R02_China,SAI,Williams,2.0,HARD,20.0,29.0,98.814,26.226,29.98,42.608,True,R02_China_SAI_S2,37
R02_China,SAI,Williams,2.0,HARD,21.0,30.0,98.509,26.109,29.995,42.405,True,R02_China_SAI_S2,37
R02_China,SAI,Williams,2.0,HARD,22.0,31.0,98.46,26.119,30.017,42.324,True,R02_China_SAI_S2,37
R02_China,SAI,Williams,2.0,HARD,23.0,32.0,98.339,26.097,29.955,42.287,True,R02_China_SAI_S2,37
R02_China,SAI,Williams,2.0,HARD,25.0,34.0,98.763,26.33,29.946,42.487,True,R02_China_SAI_S2,37
R02_China,SAI,Williams,2.0,HARD,26.0,35.0,98.672,26.173,29.987,42.512,True,R02_China_SAI_S2,37
R02_China,SAI,Williams,2.0,HARD,27.0,36.0,98.744,26.216,30.071,42.457,True,R02_China_SAI_S2,37
R02_China,SAI,Williams,2.0,HARD,28.0,37.0,98.48,26.157,29.955,42.368,True,R02_China_SAI_S2,37
R02_China,SAI,Williams,2.0,HARD,29.0,38.0,98.495,26.147,29.847,42.501,True,R02_China_SAI_S2,37
R02_China,SAI,Williams,2.0,HARD,30.0,39.0,98.585,26.207,29.939,42.439,True,R02_China_SAI_S2,37
R02_China,SAI,Williams,2.0,HARD,31.0,40.0,98.358,26.101,29.881,42.376,True,R02_China_SAI_S2,37
R02_China,SAI,Williams,2.0,HARD,32.0,41.0,98.421,26.08,29.834,42.507,True,R02_China_SAI_S2,37
R02_China,SAI,Williams,2.0,HARD,33.0,42.0,98.272,26.148,29.772,42.352,True,R02_China_SAI_S2,37
R02_China,SAI,Williams,2.0,HARD,34.0,43.0,98.283,26.032,29.702,42.549,True,R02_China_SAI_S2,37
R02_China,SAI,Williams,2.0,HARD,35.0,44.0,98.268,26.0,29.706,42.562,True,R02_China_SAI_S2,37
R02_China,SAI,Williams,2.0,HARD,36.0,45.0,98.104,25.973,29.728,42.403,True,R02_China_SAI_S2,37
R02_China,SAI,Williams,2.0,HARD,37.0,46.0,98.034,26.024,29.595,42.415,True,R02_China_SAI_S2,37
R02_China,SAI,Williams,2.0,HARD,38.0,47.0,98.329,26.108,29.663,42.558,True,R02_China_SAI_S2,37
R02_China,SAI,Williams,2.0,HARD,39.0,48.0,98.022,26.001,29.645,42.376,True,R02_China_SAI_S2,37
R02_China,SAI,Williams,2.0,HARD,40.0,49.0,98.022,25.964,29.624,42.434,True,R02_China_SAI_S2,37
R02_China,SAI,Williams,2.0,HARD,41.0,50.0,99.03,25.984,30.254,42.792,True,R02_China_SAI_S2,37
R02_China,SAI,Williams,2.0,HARD,42.0,51.0,97.981,25.961,29.737,42.283,True,R02_China_SAI_S2,37
R02_China,SAI,Williams,2.0,HARD,44.0,53.0,100.087,26.026,29.873,44.188,True,R02_China_SAI_S2,37
R02_China,SAI,Williams,2.0,HARD,45.0,54.0,98.254,25.887,29.86,42.507,True,R02_China_SAI_S2,37
R02_China,SAI,Williams,2.0,HARD,46.0,55.0,98.228,26.016,29.678,42.534,True,R02_China_SAI_S2,37
R02_China,STR,Aston Martin,1.0,HARD,2.0,2.0,101.83,26.76,31.498,43.572,True,R02_China_STR_S1,8
R02_China,STR,Aston Martin,1.0,HARD,3.0,3.0,101.798,26.812,31.468,43.518,True,R02_China_STR_S1,8
R02_China,STR,Aston Martin,1.0,HARD,4.0,4.0,101.854,26.814,31.671,43.369,True,R02_China_STR_S1,8
R02_China,STR,Aston Martin,1.0,HARD,5.0,5.0,100.992,26.536,31.071,43.385,True,R02_China_STR_S1,8
R02_China,STR,Aston Martin,1.0,HARD,6.0,6.0,100.971,26.716,30.917,43.338,True,R02_China_STR_S1,8
R02_China,STR,Aston Martin,1.0,HARD,7.0,7.0,100.956,26.685,30.942,43.329,True,R02_China_STR_S1,8
R02_China,STR,Aston Martin,1.0,HARD,8.0,8.0,101.174,26.692,31.176,43.306,True,R02_China_STR_S1,8
R02_China,STR,Aston Martin,1.0,HARD,9.0,9.0,100.883,26.575,30.832,43.476,True,R02_China_STR_S1,8
R02_China,VER,Red Bull Racing,1.0,SOFT,5.0,2.0,100.295,26.205,31.087,43.003,False,R02_China_VER_S1,7
R02_China,VER,Red Bull Racing,1.0,SOFT,6.0,3.0,99.08,25.992,30.619,42.469,False,R02_China_VER_S1,7
R02_China,VER,Red Bull Racing,1.0,SOFT,7.0,4.0,99.12,26.144,30.322,42.654,False,R02_China_VER_S1,7
R02_China,VER,Red Bull Racing,1.0,SOFT,8.0,5.0,99.582,26.651,30.4,42.531,False,R02_China_VER_S1,7
R02_China,VER,Red Bull Racing,1.0,SOFT,9.0,6.0,99.206,26.14,30.474,42.592,False,R02_China_VER_S1,7
R02_China,VER,Red Bull Racing,1.0,SOFT,10.0,7.0,99.574,26.111,30.64,42.823,False,R02_China_VER_S1,7
R02_China,VER,Red Bull Racing,1.0,SOFT,11.0,8.0,99.465,26.042,30.748,42.675,False,R02_China_VER_S1,7
R02_China,VER,Red Bull Racing,2.0,HARD,5.0,14.0,99.573,26.178,30.957,42.438,True,R02_China_VER_S2,27
R02_China,VER,Red Bull Racing,2.0,HARD,6.0,15.0,99.068,25.966,30.709,42.393,True,R02_China_VER_S2,27
R02_China,VER,Red Bull Racing,2.0,HARD,7.0,16.0,98.953,26.214,30.102,42.637,True,R02_China_VER_S2,27
R02_China,VER,Red Bull Racing,2.0,HARD,10.0,19.0,99.035,25.661,30.788,42.586,True,R02_China_VER_S2,27
R02_China,VER,Red Bull Racing,2.0,HARD,11.0,20.0,98.531,26.528,29.882,42.121,True,R02_China_VER_S2,27
R02_China,VER,Red Bull Racing,2.0,HARD,12.0,21.0,98.768,25.933,30.162,42.673,True,R02_China_VER_S2,27
R02_China,VER,Red Bull Racing,2.0,HARD,13.0,22.0,98.147,25.68,29.815,42.652,True,R02_China_VER_S2,27
R02_China,VER,Red Bull Racing,2.0,HARD,14.0,23.0,98.039,26.181,29.738,42.12,True,R02_China_VER_S2,27
R02_China,VER,Red Bull Racing,2.0,HARD,15.0,24.0,97.88,25.854,29.807,42.219,True,R02_China_VER_S2,27
R02_China,VER,Red Bull Racing,2.0,HARD,16.0,25.0,97.869,25.976,29.754,42.139,True,R02_China_VER_S2,27
R02_China,VER,Red Bull Racing,2.0,HARD,17.0,26.0,97.38,25.716,29.645,42.019,True,R02_China_VER_S2,27
R02_China,VER,Red Bull Racing,2.0,HARD,18.0,27.0,97.645,25.876,29.73,42.039,True,R02_China_VER_S2,27
R02_China,VER,Red Bull Racing,2.0,HARD,20.0,29.0,97.672,25.829,29.805,42.038,True,R02_China_VER_S2,27
R02_China,VER,Red Bull Racing,2.0,HARD,21.0,30.0,97.587,25.687,29.767,42.133,True,R02_China_VER_S2,27
R02_China,VER,Red Bull Racing,2.0,HARD,22.0,31.0,97.518,25.758,29.78,41.98,True,R02_China_VER_S2,27
R02_China,VER,Red Bull Racing,2.0,HARD,23.0,32.0,97.76,25.833,29.936,41.991,True,R02_China_VER_S2,27
R02_China,VER,Red Bull Racing,2.0,HARD,25.0,34.0,97.41,25.748,29.64,42.022,True,R02_China_VER_S2,27
R02_China,VER,Red Bull Racing,2.0,HARD,26.0,35.0,97.49,25.741,29.682,42.067,True,R02_China_VER_S2,27
R02_China,VER,Red Bull Racing,2.0,HARD,27.0,36.0,97.229,25.652,29.627,41.95,True,R02_China_VER_S2,27
R02_China,VER,Red Bull Racing,2.0,HARD,28.0,37.0,97.15,25.592,29.668,41.89,True,R02_China_VER_S2,27
R02_China,VER,Red Bull Racing,2.0,HARD,29.0,38.0,97.063,25.681,29.517,41.865,True,R02_China_VER_S2,27
R02_China,VER,Red Bull Racing,2.0,HARD,30.0,39.0,97.046,25.612,29.585,41.849,True,R02_China_VER_S2,27
R02_China,VER,Red Bull Racing,2.0,HARD,31.0,40.0,97.255,25.589,29.596,42.07,True,R02_China_VER_S2,27
R02_China,VER,Red Bull Racing,2.0,HARD,32.0,41.0,97.405,25.665,29.626,42.114,True,R02_China_VER_S2,27
R02_China,VER,Red Bull Racing,2.0,HARD,33.0,42.0,97.383,25.581,29.634,42.168,True,R02_China_VER_S2,27
R02_China,VER,Red Bull Racing,2.0,HARD,34.0,43.0,97.123,25.642,29.518,41.963,True,R02_China_VER_S2,27
R02_China,VER,Red Bull Racing,2.0,HARD,35.0,44.0,97.092,25.525,29.52,42.047,True,R02_China_VER_S2,27
R03_Japan,ALB,Williams,1.0,MEDIUM,2.0,2.0,97.418,36.274,42.995,18.149,True,R03_Japan_ALB_S1,19
R03_Japan,ALB,Williams,1.0,MEDIUM,3.0,3.0,97.464,35.871,43.24,18.353,True,R03_Japan_ALB_S1,19
R03_Japan,ALB,Williams,1.0,MEDIUM,4.0,4.0,98.076,36.825,43.011,18.24,True,R03_Japan_ALB_S1,19
R03_Japan,ALB,Williams,1.0,MEDIUM,5.0,5.0,96.796,35.721,42.832,18.243,True,R03_Japan_ALB_S1,19
R03_Japan,ALB,Williams,1.0,MEDIUM,6.0,6.0,97.307,35.804,43.07,18.433,True,R03_Japan_ALB_S1,19
R03_Japan,ALB,Williams,1.0,MEDIUM,7.0,7.0,97.545,36.081,43.171,18.293,True,R03_Japan_ALB_S1,19
R03_Japan,ALB,Williams,1.0,MEDIUM,8.0,8.0,97.437,35.891,43.078,18.468,True,R03_Japan_ALB_S1,19
R03_Japan,ALB,Williams,1.0,MEDIUM,9.0,9.0,97.212,35.852,43.091,18.269,True,R03_Japan_ALB_S1,19
R03_Japan,ALB,Williams,1.0,MEDIUM,10.0,10.0,97.235,35.788,43.127,18.32,True,R03_Japan_ALB_S1,19
R03_Japan,ALB,Williams,1.0,MEDIUM,11.0,11.0,97.028,35.97,42.814,18.244,True,R03_Japan_ALB_S1,19
R03_Japan,ALB,Williams,1.0,MEDIUM,12.0,12.0,97.058,35.943,42.878,18.237,True,R03_Japan_ALB_S1,19
R03_Japan,ALB,Williams,1.0,MEDIUM,13.0,13.0,96.733,35.851,42.676,18.206,True,R03_Japan_ALB_S1,19
R03_Japan,ALB,Williams,1.0,MEDIUM,14.0,14.0,97.146,35.921,42.896,18.329,True,R03_Japan_ALB_S1,19
R03_Japan,ALB,Williams,1.0,MEDIUM,15.0,15.0,96.948,35.916,42.768,18.264,True,R03_Japan_ALB_S1,19
R03_Japan,ALB,Williams,1.0,MEDIUM,16.0,16.0,96.879,35.857,42.795,18.227,True,R03_Japan_ALB_S1,19
R03_Japan,ALB,Williams,1.0,MEDIUM,17.0,17.0,96.78,35.894,42.691,18.195,True,R03_Japan_ALB_S1,19
R03_Japan,ALB,Williams,1.0,MEDIUM,18.0,18.0,96.992,35.912,42.701,18.379,True,R03_Japan_ALB_S1,19
R03_Japan,ALB,Williams,1.0,MEDIUM,19.0,19.0,96.592,35.81,42.515,18.267,True,R03_Japan_ALB_S1,19
R03_Japan,ALB,Williams,1.0,MEDIUM,20.0,20.0,96.812,35.793,42.772,18.247,True,R03_Japan_ALB_S1,19
R03_Japan,ALB,Williams,2.0,HARD,6.0,28.0,96.86,35.823,42.815,18.222,True,R03_Japan_ALB_S2,17
R03_Japan,ALB,Williams,2.0,HARD,7.0,29.0,96.092,35.552,42.35,18.19,True,R03_Japan_ALB_S2,17
R03_Japan,ALB,Williams,2.0,HARD,8.0,30.0,96.762,36.217,42.383,18.162,True,R03_Japan_ALB_S2,17
R03_Japan,ALB,Williams,2.0,HARD,9.0,31.0,95.72,35.422,42.137,18.161,True,R03_Japan_ALB_S2,17
R03_Japan,ALB,Williams,2.0,HARD,10.0,32.0,95.909,35.605,42.195,18.109,True,R03_Japan_ALB_S2,17
R03_Japan,ALB,Williams,2.0,HARD,11.0,33.0,95.767,35.463,42.33,17.974,True,R03_Japan_ALB_S2,17
R03_Japan,ALB,Williams,2.0,HARD,12.0,34.0,95.598,35.411,42.141,18.046,True,R03_Japan_ALB_S2,17
R03_Japan,ALB,Williams,2.0,HARD,13.0,35.0,95.207,34.992,42.196,18.019,True,R03_Japan_ALB_S2,17
R03_Japan,ALB,Williams,2.0,HARD,14.0,36.0,95.138,35.008,42.054,18.076,True,R03_Japan_ALB_S2,17
R03_Japan,ALB,Williams,2.0,HARD,15.0,37.0,95.464,35.158,42.131,18.175,True,R03_Japan_ALB_S2,17
R03_Japan,ALB,Williams,2.0,HARD,16.0,38.0,95.086,34.896,42.013,18.177,True,R03_Japan_ALB_S2,17
R03_Japan,ALB,Williams,2.0,HARD,17.0,39.0,95.036,34.822,42.103,18.111,True,R03_Japan_ALB_S2,17
R03_Japan,ALB,Williams,2.0,HARD,18.0,40.0,94.969,34.929,41.929,18.111,True,R03_Japan_ALB_S2,17
R03_Japan,ALB,Williams,2.0,HARD,19.0,41.0,94.973,34.936,41.845,18.192,True,R03_Japan_ALB_S2,17
R03_Japan,ALB,Williams,2.0,HARD,20.0,42.0,95.7,35.227,42.229,18.244,True,R03_Japan_ALB_S2,17
R03_Japan,ALB,Williams,2.0,HARD,21.0,43.0,95.195,35.07,41.994,18.131,True,R03_Japan_ALB_S2,17
R03_Japan,ALB,Williams,2.0,HARD,22.0,44.0,95.263,34.97,42.028,18.265,True,R03_Japan_ALB_S2,17
R03_Japan,ALO,Aston Martin,1.0,MEDIUM,2.0,2.0,98.589,36.281,43.758,18.55,True,R03_Japan_ALO_S1,19
R03_Japan,ALO,Aston Martin,1.0,MEDIUM,3.0,3.0,98.501,36.233,43.723,18.545,True,R03_Japan_ALO_S1,19
R03_Japan,ALO,Aston Martin,1.0,MEDIUM,4.0,4.0,98.517,36.319,43.615,18.583,True,R03_Japan_ALO_S1,19
R03_Japan,ALO,Aston Martin,1.0,MEDIUM,5.0,5.0,98.528,36.303,43.517,18.708,True,R03_Japan_ALO_S1,19
R03_Japan,ALO,Aston Martin,1.0,MEDIUM,6.0,6.0,98.652,36.383,43.539,18.73,True,R03_Japan_ALO_S1,19
R03_Japan,ALO,Aston Martin,1.0,MEDIUM,7.0,7.0,98.592,36.369,43.554,18.669,True,R03_Japan_ALO_S1,19
R03_Japan,ALO,Aston Martin,1.0,MEDIUM,8.0,8.0,98.889,37.0,43.352,18.537,True,R03_Japan_ALO_S1,19
R03_Japan,ALO,Aston Martin,1.0,MEDIUM,9.0,9.0,98.296,36.35,43.434,18.512,True,R03_Japan_ALO_S1,19
R03_Japan,ALO,Aston Martin,1.0,MEDIUM,10.0,10.0,98.487,36.303,43.608,18.576,True,R03_Japan_ALO_S1,19
R03_Japan,ALO,Aston Martin,1.0,MEDIUM,11.0,11.0,97.866,36.198,43.351,18.317,True,R03_Japan_ALO_S1,19
R03_Japan,ALO,Aston Martin,1.0,MEDIUM,12.0,12.0,98.235,36.473,43.371,18.391,True,R03_Japan_ALO_S1,19
R03_Japan,ALO,Aston Martin,1.0,MEDIUM,13.0,13.0,98.591,36.445,43.582,18.564,True,R03_Japan_ALO_S1,19
R03_Japan,ALO,Aston Martin,1.0,MEDIUM,14.0,14.0,98.222,36.458,43.249,18.515,True,R03_Japan_ALO_S1,19
R03_Japan,ALO,Aston Martin,1.0,MEDIUM,15.0,15.0,98.641,36.621,43.24,18.78,True,R03_Japan_ALO_S1,19
R03_Japan,ALO,Aston Martin,1.0,MEDIUM,16.0,16.0,98.731,36.699,43.456,18.576,True,R03_Japan_ALO_S1,19
R03_Japan,ALO,Aston Martin,1.0,MEDIUM,17.0,17.0,98.303,36.461,43.351,18.491,True,R03_Japan_ALO_S1,19
R03_Japan,ALO,Aston Martin,1.0,MEDIUM,18.0,18.0,98.504,36.377,43.338,18.789,True,R03_Japan_ALO_S1,19
R03_Japan,ALO,Aston Martin,1.0,MEDIUM,19.0,19.0,98.602,36.674,43.29,18.638,True,R03_Japan_ALO_S1,19
R03_Japan,ALO,Aston Martin,1.0,MEDIUM,20.0,20.0,98.18,36.376,43.166,18.638,True,R03_Japan_ALO_S1,19
R03_Japan,ALO,Aston Martin,3.0,MEDIUM,5.0,28.0,97.909,35.995,43.629,18.285,True,R03_Japan_ALO_S3,23
R03_Japan,ALO,Aston Martin,3.0,MEDIUM,6.0,29.0,97.079,35.666,43.089,18.324,True,R03_Japan_ALO_S3,23
R03_Japan,ALO,Aston Martin,3.0,MEDIUM,7.0,30.0,97.411,35.685,43.153,18.573,True,R03_Japan_ALO_S3,23
R03_Japan,ALO,Aston Martin,3.0,MEDIUM,8.0,31.0,97.864,36.137,43.271,18.456,True,R03_Japan_ALO_S3,23
R03_Japan,ALO,Aston Martin,3.0,MEDIUM,9.0,32.0,98.062,35.972,43.382,18.708,True,R03_Japan_ALO_S3,23
R03_Japan,ALO,Aston Martin,3.0,MEDIUM,10.0,33.0,97.702,35.856,43.216,18.63,True,R03_Japan_ALO_S3,23
R03_Japan,ALO,Aston Martin,3.0,MEDIUM,11.0,34.0,97.651,35.963,43.051,18.637,True,R03_Japan_ALO_S3,23
R03_Japan,ALO,Aston Martin,3.0,MEDIUM,12.0,35.0,97.754,35.872,43.159,18.723,True,R03_Japan_ALO_S3,23
R03_Japan,ALO,Aston Martin,3.0,MEDIUM,13.0,36.0,97.786,35.929,43.075,18.782,True,R03_Japan_ALO_S3,23
R03_Japan,ALO,Aston Martin,3.0,MEDIUM,14.0,37.0,97.458,35.826,42.895,18.737,True,R03_Japan_ALO_S3,23
R03_Japan,ALO,Aston Martin,3.0,MEDIUM,15.0,38.0,97.241,35.756,42.817,18.668,True,R03_Japan_ALO_S3,23
R03_Japan,ALO,Aston Martin,3.0,MEDIUM,16.0,39.0,97.124,35.648,42.93,18.546,True,R03_Japan_ALO_S3,23
R03_Japan,ALO,Aston Martin,3.0,MEDIUM,17.0,40.0,97.098,35.682,42.719,18.697,True,R03_Japan_ALO_S3,23
R03_Japan,ALO,Aston Martin,3.0,MEDIUM,18.0,41.0,96.828,35.569,42.661,18.598,True,R03_Japan_ALO_S3,23
R03_Japan,ALO,Aston Martin,3.0,MEDIUM,19.0,42.0,96.957,35.672,42.689,18.596,True,R03_Japan_ALO_S3,23
R03_Japan,ALO,Aston Martin,3.0,MEDIUM,20.0,43.0,97.337,35.8,42.923,18.614,True,R03_Japan_ALO_S3,23
R03_Japan,ALO,Aston Martin,3.0,MEDIUM,21.0,44.0,96.771,35.597,42.575,18.599,True,R03_Japan_ALO_S3,23
R03_Japan,ALO,Aston Martin,3.0,MEDIUM,22.0,45.0,96.677,35.249,42.815,18.613,True,R03_Japan_ALO_S3,23
R03_Japan,ALO,Aston Martin,3.0,MEDIUM,23.0,46.0,97.589,35.643,42.881,19.065,True,R03_Japan_ALO_S3,23
R03_Japan,ALO,Aston Martin,3.0,MEDIUM,24.0,47.0,96.221,35.495,42.453,18.273,True,R03_Japan_ALO_S3,23
R03_Japan,ALO,Aston Martin,3.0,MEDIUM,25.0,48.0,96.837,35.508,42.716,18.613,True,R03_Japan_ALO_S3,23
R03_Japan,ALO,Aston Martin,3.0,MEDIUM,26.0,49.0,97.112,35.718,42.818,18.576,True,R03_Japan_ALO_S3,23
R03_Japan,ALO,Aston Martin,3.0,MEDIUM,28.0,51.0,96.751,35.575,42.743,18.433,True,R03_Japan_ALO_S3,23
R03_Japan,ANT,Mercedes,1.0,MEDIUM,1.0,1.0,98.784,,42.42,17.942,True,R03_Japan_ANT_S1,21
R03_Japan,ANT,Mercedes,1.0,MEDIUM,2.0,2.0,94.475,34.437,42.202,17.836,True,R03_Japan_ANT_S1,21
R03_Japan,ANT,Mercedes,1.0,MEDIUM,3.0,3.0,95.536,35.282,42.109,18.145,True,R03_Japan_ANT_S1,21
R03_Japan,ANT,Mercedes,1.0,MEDIUM,4.0,4.0,95.523,34.978,42.457,18.088,True,R03_Japan_ANT_S1,21
R03_Japan,ANT,Mercedes,1.0,MEDIUM,5.0,5.0,95.24,34.818,42.395,18.027,True,R03_Japan_ANT_S1,21
R03_Japan,ANT,Mercedes,1.0,MEDIUM,6.0,6.0,94.962,34.771,42.134,18.057,True,R03_Japan_ANT_S1,21
R03_Japan,ANT,Mercedes,1.0,MEDIUM,7.0,7.0,95.076,34.821,42.201,18.054,True,R03_Japan_ANT_S1,21
R03_Japan,ANT,Mercedes,1.0,MEDIUM,8.0,8.0,95.203,34.865,42.112,18.226,True,R03_Japan_ANT_S1,21
R03_Japan,ANT,Mercedes,1.0,MEDIUM,9.0,9.0,95.534,35.232,42.073,18.229,True,R03_Japan_ANT_S1,21
R03_Japan,ANT,Mercedes,1.0,MEDIUM,10.0,10.0,95.41,35.153,42.226,18.031,True,R03_Japan_ANT_S1,21
R03_Japan,ANT,Mercedes,1.0,MEDIUM,11.0,11.0,95.115,35.153,42.079,17.883,True,R03_Japan_ANT_S1,21
R03_Japan,ANT,Mercedes,1.0,MEDIUM,12.0,12.0,95.027,35.013,42.01,18.004,True,R03_Japan_ANT_S1,21
R03_Japan,ANT,Mercedes,1.0,MEDIUM,13.0,13.0,94.944,34.77,42.068,18.106,True,R03_Japan_ANT_S1,21
R03_Japan,ANT,Mercedes,1.0,MEDIUM,14.0,14.0,95.261,34.902,42.315,18.044,True,R03_Japan_ANT_S1,21
R03_Japan,ANT,Mercedes,1.0,MEDIUM,15.0,15.0,95.377,34.944,42.109,18.324,True,R03_Japan_ANT_S1,21
R03_Japan,ANT,Mercedes,1.0,MEDIUM,16.0,16.0,96.164,36.072,42.106,17.986,True,R03_Japan_ANT_S1,21
R03_Japan,ANT,Mercedes,1.0,MEDIUM,17.0,17.0,94.686,34.843,41.875,17.968,True,R03_Japan_ANT_S1,21
R03_Japan,ANT,Mercedes,1.0,MEDIUM,18.0,18.0,94.095,34.399,41.758,17.938,True,R03_Japan_ANT_S1,21
R03_Japan,ANT,Mercedes,1.0,MEDIUM,19.0,19.0,94.343,34.476,41.879,17.988,True,R03_Japan_ANT_S1,21
R03_Japan,ANT,Mercedes,1.0,MEDIUM,20.0,20.0,94.241,34.504,41.791,17.946,True,R03_Japan_ANT_S1,21
R03_Japan,ANT,Mercedes,1.0,MEDIUM,21.0,21.0,93.948,34.329,41.686,17.933,True,R03_Japan_ANT_S1,21
R03_Japan,ANT,Mercedes,2.0,HARD,6.0,28.0,93.649,33.933,41.745,17.971,True,R03_Japan_ANT_S2,26
R03_Japan,ANT,Mercedes,2.0,HARD,7.0,29.0,93.367,33.975,41.396,17.996,True,R03_Japan_ANT_S2,26
R03_Japan,ANT,Mercedes,2.0,HARD,8.0,30.0,92.859,33.749,41.267,17.843,True,R03_Japan_ANT_S2,26
R03_Japan,ANT,Mercedes,2.0,HARD,9.0,31.0,93.258,33.989,41.365,17.904,True,R03_Japan_ANT_S2,26
R03_Japan,ANT,Mercedes,2.0,HARD,10.0,32.0,92.868,33.795,41.232,17.841,True,R03_Japan_ANT_S2,26
R03_Japan,ANT,Mercedes,2.0,HARD,11.0,33.0,92.999,33.848,41.293,17.858,True,R03_Japan_ANT_S2,26
R03_Japan,ANT,Mercedes,2.0,HARD,12.0,34.0,92.909,33.69,41.436,17.783,True,R03_Japan_ANT_S2,26
R03_Japan,ANT,Mercedes,2.0,HARD,13.0,35.0,92.912,33.821,41.282,17.809,True,R03_Japan_ANT_S2,26
R03_Japan,ANT,Mercedes,2.0,HARD,14.0,36.0,92.933,33.733,41.316,17.884,True,R03_Japan_ANT_S2,26
R03_Japan,ANT,Mercedes,2.0,HARD,15.0,37.0,92.984,33.857,41.266,17.861,True,R03_Japan_ANT_S2,26
R03_Japan,ANT,Mercedes,2.0,HARD,16.0,38.0,92.955,33.944,41.18,17.831,True,R03_Japan_ANT_S2,26
R03_Japan,ANT,Mercedes,2.0,HARD,17.0,39.0,92.731,33.705,41.24,17.786,True,R03_Japan_ANT_S2,26
R03_Japan,ANT,Mercedes,2.0,HARD,18.0,40.0,92.993,33.921,41.229,17.843,True,R03_Japan_ANT_S2,26
R03_Japan,ANT,Mercedes,2.0,HARD,19.0,41.0,92.736,33.844,41.11,17.782,True,R03_Japan_ANT_S2,26
R03_Japan,ANT,Mercedes,2.0,HARD,20.0,42.0,92.826,33.844,41.192,17.79,True,R03_Japan_ANT_S2,26
R03_Japan,ANT,Mercedes,2.0,HARD,21.0,43.0,92.538,33.739,41.104,17.695,True,R03_Japan_ANT_S2,26
R03_Japan,ANT,Mercedes,2.0,HARD,22.0,44.0,92.57,33.662,41.192,17.716,True,R03_Japan_ANT_S2,26
R03_Japan,ANT,Mercedes,2.0,HARD,23.0,45.0,92.819,33.897,41.132,17.79,True,R03_Japan_ANT_S2,26
R03_Japan,ANT,Mercedes,2.0,HARD,24.0,46.0,92.722,33.822,41.13,17.77,True,R03_Japan_ANT_S2,26
R03_Japan,ANT,Mercedes,2.0,HARD,25.0,47.0,93.211,33.929,41.504,17.778,True,R03_Japan_ANT_S2,26
R03_Japan,ANT,Mercedes,2.0,HARD,26.0,48.0,93.589,34.228,41.473,17.888,True,R03_Japan_ANT_S2,26
R03_Japan,ANT,Mercedes,2.0,HARD,27.0,49.0,92.432,33.72,40.986,17.726,True,R03_Japan_ANT_S2,26
R03_Japan,ANT,Mercedes,2.0,HARD,28.0,50.0,93.352,34.012,41.43,17.91,True,R03_Japan_ANT_S2,26
R03_Japan,ANT,Mercedes,2.0,HARD,29.0,51.0,92.889,33.833,41.302,17.754,True,R03_Japan_ANT_S2,26
R03_Japan,ANT,Mercedes,2.0,HARD,30.0,52.0,92.925,33.927,41.281,17.717,True,R03_Japan_ANT_S2,26
R03_Japan,ANT,Mercedes,2.0,HARD,31.0,53.0,94.063,33.907,41.548,18.608,True,R03_Japan_ANT_S2,26
R03_Japan,BEA,Haas F1 Team,1.0,MEDIUM,2.0,2.0,96.402,35.357,42.813,18.232,True,R03_Japan_BEA_S1,14
R03_Japan,BEA,Haas F1 Team,1.0,MEDIUM,3.0,3.0,97.62,35.971,43.452,18.197,True,R03_Japan_BEA_S1,14
R03_Japan,BEA,Haas F1 Team,1.0,MEDIUM,4.0,4.0,96.663,35.617,42.79,18.256,True,R03_Japan_BEA_S1,14
R03_Japan,BEA,Haas F1 Team,1.0,MEDIUM,5.0,5.0,96.847,35.611,42.83,18.406,True,R03_Japan_BEA_S1,14
R03_Japan,BEA,Haas F1 Team,1.0,MEDIUM,6.0,6.0,96.914,35.624,42.887,18.403,True,R03_Japan_BEA_S1,14
R03_Japan,BEA,Haas F1 Team,1.0,MEDIUM,7.0,7.0,97.42,36.232,42.92,18.268,True,R03_Japan_BEA_S1,14
R03_Japan,BEA,Haas F1 Team,1.0,MEDIUM,8.0,8.0,96.291,35.633,42.568,18.09,True,R03_Japan_BEA_S1,14
R03_Japan,BEA,Haas F1 Team,1.0,MEDIUM,9.0,9.0,96.294,35.6,42.612,18.082,True,R03_Japan_BEA_S1,14
R03_Japan,BEA,Haas F1 Team,1.0,MEDIUM,10.0,10.0,96.764,35.806,42.842,18.116,True,R03_Japan_BEA_S1,14
R03_Japan,BEA,Haas F1 Team,1.0,MEDIUM,11.0,11.0,97.79,35.755,43.708,18.327,True,R03_Japan_BEA_S1,14
R03_Japan,BEA,Haas F1 Team,1.0,MEDIUM,12.0,12.0,97.128,35.897,42.843,18.388,True,R03_Japan_BEA_S1,14
R03_Japan,BEA,Haas F1 Team,1.0,MEDIUM,13.0,13.0,96.764,35.712,42.709,18.343,True,R03_Japan_BEA_S1,14
R03_Japan,BEA,Haas F1 Team,1.0,MEDIUM,14.0,14.0,96.645,35.672,42.701,18.272,True,R03_Japan_BEA_S1,14
R03_Japan,BEA,Haas F1 Team,1.0,MEDIUM,15.0,15.0,96.624,35.622,42.581,18.421,True,R03_Japan_BEA_S1,14
R03_Japan,BOR,Audi,1.0,MEDIUM,2.0,2.0,97.158,35.531,42.947,18.68,True,R03_Japan_BOR_S1,18
R03_Japan,BOR,Audi,1.0,MEDIUM,4.0,4.0,97.014,35.653,43.147,18.214,True,R03_Japan_BOR_S1,18
R03_Japan,BOR,Audi,1.0,MEDIUM,5.0,5.0,96.613,35.349,42.992,18.272,True,R03_Japan_BOR_S1,18
R03_Japan,BOR,Audi,1.0,MEDIUM,6.0,6.0,96.651,35.528,42.906,18.217,True,R03_Japan_BOR_S1,18
R03_Japan,BOR,Audi,1.0,MEDIUM,7.0,7.0,96.146,35.083,42.828,18.235,True,R03_Japan_BOR_S1,18
R03_Japan,BOR,Audi,1.0,MEDIUM,8.0,8.0,96.613,35.591,42.793,18.229,True,R03_Japan_BOR_S1,18
R03_Japan,BOR,Audi,1.0,MEDIUM,9.0,9.0,96.233,35.389,42.735,18.109,True,R03_Japan_BOR_S1,18
R03_Japan,BOR,Audi,1.0,MEDIUM,10.0,10.0,96.263,35.551,42.682,18.03,True,R03_Japan_BOR_S1,18
R03_Japan,BOR,Audi,1.0,MEDIUM,11.0,11.0,96.814,35.865,42.752,18.197,True,R03_Japan_BOR_S1,18
R03_Japan,BOR,Audi,1.0,MEDIUM,12.0,12.0,96.742,35.609,42.938,18.195,True,R03_Japan_BOR_S1,18
R03_Japan,BOR,Audi,1.0,MEDIUM,13.0,13.0,97.393,36.159,42.993,18.241,True,R03_Japan_BOR_S1,18
R03_Japan,BOR,Audi,1.0,MEDIUM,14.0,14.0,96.882,35.793,42.953,18.136,True,R03_Japan_BOR_S1,18
R03_Japan,BOR,Audi,1.0,MEDIUM,15.0,15.0,96.508,35.516,42.895,18.097,True,R03_Japan_BOR_S1,18
R03_Japan,BOR,Audi,1.0,MEDIUM,16.0,16.0,97.257,35.988,42.981,18.288,True,R03_Japan_BOR_S1,18
R03_Japan,BOR,Audi,1.0,MEDIUM,17.0,17.0,96.844,35.66,42.788,18.396,True,R03_Japan_BOR_S1,18
R03_Japan,BOR,Audi,1.0,MEDIUM,18.0,18.0,96.582,35.496,42.77,18.316,True,R03_Japan_BOR_S1,18
R03_Japan,BOR,Audi,1.0,MEDIUM,19.0,19.0,96.561,35.668,42.654,18.239,True,R03_Japan_BOR_S1,18
R03_Japan,BOR,Audi,1.0,MEDIUM,20.0,20.0,96.022,35.447,42.435,18.14,True,R03_Japan_BOR_S1,18
R03_Japan,BOR,Audi,2.0,HARD,6.0,28.0,96.907,35.763,43.013,18.131,True,R03_Japan_BOR_S2,26
R03_Japan,BOR,Audi,2.0,HARD,7.0,29.0,96.612,35.706,42.636,18.27,True,R03_Japan_BOR_S2,26
R03_Japan,BOR,Audi,2.0,HARD,8.0,30.0,95.524,35.069,42.254,18.201,True,R03_Japan_BOR_S2,26
R03_Japan,BOR,Audi,2.0,HARD,9.0,31.0,95.18,34.796,42.219,18.165,True,R03_Japan_BOR_S2,26
R03_Japan,BOR,Audi,2.0,HARD,10.0,32.0,94.993,34.786,42.144,18.063,True,R03_Japan_BOR_S2,26
R03_Japan,BOR,Audi,2.0,HARD,11.0,33.0,94.891,34.497,42.127,18.267,True,R03_Japan_BOR_S2,26
R03_Japan,BOR,Audi,2.0,HARD,12.0,34.0,95.093,34.588,42.316,18.189,True,R03_Japan_BOR_S2,26
R03_Japan,BOR,Audi,2.0,HARD,13.0,35.0,95.767,34.651,42.588,18.528,True,R03_Japan_BOR_S2,26
R03_Japan,BOR,Audi,2.0,HARD,14.0,36.0,95.476,35.323,42.145,18.008,True,R03_Japan_BOR_S2,26
R03_Japan,BOR,Audi,2.0,HARD,15.0,37.0,95.043,34.831,42.126,18.086,True,R03_Japan_BOR_S2,26
R03_Japan,BOR,Audi,2.0,HARD,16.0,38.0,95.887,34.612,42.044,19.231,True,R03_Japan_BOR_S2,26
R03_Japan,BOR,Audi,2.0,HARD,17.0,39.0,94.641,34.554,42.02,18.067,True,R03_Japan_BOR_S2,26
R03_Japan,BOR,Audi,2.0,HARD,18.0,40.0,94.164,34.6,41.773,17.791,True,R03_Japan_BOR_S2,26
R03_Japan,BOR,Audi,2.0,HARD,19.0,41.0,94.664,34.653,41.96,18.051,True,R03_Japan_BOR_S2,26
R03_Japan,BOR,Audi,2.0,HARD,20.0,42.0,95.021,34.79,42.048,18.183,True,R03_Japan_BOR_S2,26
R03_Japan,BOR,Audi,2.0,HARD,21.0,43.0,95.143,34.812,42.163,18.168,True,R03_Japan_BOR_S2,26
R03_Japan,BOR,Audi,2.0,HARD,22.0,44.0,95.013,34.795,42.162,18.056,True,R03_Japan_BOR_S2,26
R03_Japan,BOR,Audi,2.0,HARD,23.0,45.0,94.894,34.843,41.943,18.108,True,R03_Japan_BOR_S2,26
R03_Japan,BOR,Audi,2.0,HARD,24.0,46.0,94.786,34.809,42.066,17.911,True,R03_Japan_BOR_S2,26
R03_Japan,BOR,Audi,2.0,HARD,25.0,47.0,94.722,34.86,41.865,17.997,True,R03_Japan_BOR_S2,26
R03_Japan,BOR,Audi,2.0,HARD,26.0,48.0,94.278,34.765,41.735,17.778,True,R03_Japan_BOR_S2,26
R03_Japan,BOR,Audi,2.0,HARD,27.0,49.0,95.055,35.011,41.994,18.05,True,R03_Japan_BOR_S2,26
R03_Japan,BOR,Audi,2.0,HARD,28.0,50.0,94.586,34.842,41.851,17.893,True,R03_Japan_BOR_S2,26
R03_Japan,BOR,Audi,2.0,HARD,29.0,51.0,94.33,34.733,41.724,17.873,True,R03_Japan_BOR_S2,26
R03_Japan,BOR,Audi,2.0,HARD,30.0,52.0,95.002,34.806,42.147,18.049,True,R03_Japan_BOR_S2,26
R03_Japan,BOR,Audi,2.0,HARD,31.0,53.0,95.123,34.853,42.06,18.21,True,R03_Japan_BOR_S2,26
R03_Japan,BOT,Cadillac,1.0,HARD,3.0,3.0,98.311,36.764,43.112,18.435,True,R03_Japan_BOT_S1,11
R03_Japan,BOT,Cadillac,1.0,HARD,4.0,4.0,98.484,36.706,43.152,18.626,True,R03_Japan_BOT_S1,11
R03_Japan,BOT,Cadillac,1.0,HARD,5.0,5.0,98.495,36.69,43.311,18.494,True,R03_Japan_BOT_S1,11
R03_Japan,BOT,Cadillac,1.0,HARD,6.0,6.0,98.627,36.574,43.362,18.691,True,R03_Japan_BOT_S1,11
R03_Japan,BOT,Cadillac,1.0,HARD,7.0,7.0,98.485,36.609,43.339,18.537,True,R03_Japan_BOT_S1,11
R03_Japan,BOT,Cadillac,1.0,HARD,8.0,8.0,98.658,36.752,43.395,18.511,True,R03_Japan_BOT_S1,11
R03_Japan,BOT,Cadillac,1.0,HARD,9.0,9.0,98.823,36.687,43.525,18.611,True,R03_Japan_BOT_S1,11
R03_Japan,BOT,Cadillac,1.0,HARD,10.0,10.0,98.835,36.567,43.759,18.509,True,R03_Japan_BOT_S1,11
R03_Japan,BOT,Cadillac,1.0,HARD,11.0,11.0,98.869,36.731,43.629,18.509,True,R03_Japan_BOT_S1,11
R03_Japan,BOT,Cadillac,1.0,HARD,13.0,13.0,98.714,36.684,43.54,18.49,True,R03_Japan_BOT_S1,11
R03_Japan,BOT,Cadillac,1.0,HARD,16.0,16.0,98.42,36.547,43.269,18.604,True,R03_Japan_BOT_S1,11
R03_Japan,BOT,Cadillac,2.0,MEDIUM,9.0,28.0,97.163,35.705,43.043,18.415,True,R03_Japan_BOT_S2,23
R03_Japan,BOT,Cadillac,2.0,MEDIUM,10.0,29.0,97.203,35.9,42.797,18.506,True,R03_Japan_BOT_S2,23
R03_Japan,BOT,Cadillac,2.0,MEDIUM,11.0,30.0,97.369,35.942,42.901,18.526,True,R03_Japan_BOT_S2,23
R03_Japan,BOT,Cadillac,2.0,MEDIUM,12.0,31.0,97.112,35.799,42.826,18.487,True,R03_Japan_BOT_S2,23
R03_Japan,BOT,Cadillac,2.0,MEDIUM,13.0,32.0,97.142,35.752,42.895,18.495,True,R03_Japan_BOT_S2,23
R03_Japan,BOT,Cadillac,2.0,MEDIUM,14.0,33.0,97.072,35.784,42.86,18.428,True,R03_Japan_BOT_S2,23
R03_Japan,BOT,Cadillac,2.0,MEDIUM,15.0,34.0,97.059,35.681,42.895,18.483,True,R03_Japan_BOT_S2,23
R03_Japan,BOT,Cadillac,2.0,MEDIUM,16.0,35.0,97.169,35.654,42.961,18.554,True,R03_Japan_BOT_S2,23
R03_Japan,BOT,Cadillac,2.0,MEDIUM,17.0,36.0,97.19,35.803,42.745,18.642,True,R03_Japan_BOT_S2,23
R03_Japan,BOT,Cadillac,2.0,MEDIUM,18.0,37.0,96.878,35.672,42.675,18.531,True,R03_Japan_BOT_S2,23
R03_Japan,BOT,Cadillac,2.0,MEDIUM,19.0,38.0,96.853,35.693,42.674,18.486,True,R03_Japan_BOT_S2,23
R03_Japan,BOT,Cadillac,2.0,MEDIUM,20.0,39.0,96.92,35.851,42.572,18.497,True,R03_Japan_BOT_S2,23
R03_Japan,BOT,Cadillac,2.0,MEDIUM,21.0,40.0,96.919,35.678,42.711,18.53,True,R03_Japan_BOT_S2,23
R03_Japan,BOT,Cadillac,2.0,MEDIUM,22.0,41.0,96.737,35.814,42.579,18.344,True,R03_Japan_BOT_S2,23
R03_Japan,BOT,Cadillac,2.0,MEDIUM,23.0,42.0,96.631,35.666,42.539,18.426,True,R03_Japan_BOT_S2,23
R03_Japan,BOT,Cadillac,2.0,MEDIUM,24.0,43.0,96.859,35.88,42.572,18.407,True,R03_Japan_BOT_S2,23
R03_Japan,BOT,Cadillac,2.0,MEDIUM,25.0,44.0,96.847,35.795,42.481,18.571,True,R03_Japan_BOT_S2,23
R03_Japan,BOT,Cadillac,2.0,MEDIUM,26.0,45.0,98.889,37.539,42.782,18.568,True,R03_Japan_BOT_S2,23
R03_Japan,BOT,Cadillac,2.0,MEDIUM,27.0,46.0,96.821,35.779,42.592,18.45,True,R03_Japan_BOT_S2,23
R03_Japan,BOT,Cadillac,2.0,MEDIUM,29.0,48.0,97.066,36.063,42.548,18.455,True,R03_Japan_BOT_S2,23
R03_Japan,BOT,Cadillac,2.0,MEDIUM,31.0,50.0,96.806,35.977,42.654,18.175,True,R03_Japan_BOT_S2,23
R03_Japan,BOT,Cadillac,2.0,MEDIUM,32.0,51.0,97.217,36.231,42.639,18.347,True,R03_Japan_BOT_S2,23
R03_Japan,BOT,Cadillac,2.0,MEDIUM,33.0,52.0,96.269,35.731,42.27,18.268,True,R03_Japan_BOT_S2,23
R03_Japan,COL,Alpine,1.0,MEDIUM,2.0,2.0,97.218,35.765,43.056,18.397,True,R03_Japan_COL_S1,15
R03_Japan,COL,Alpine,1.0,MEDIUM,3.0,3.0,97.204,35.945,42.899,18.36,True,R03_Japan_COL_S1,15
R03_Japan,COL,Alpine,1.0,MEDIUM,4.0,4.0,96.549,35.661,42.701,18.187,True,R03_Japan_COL_S1,15
R03_Japan,COL,Alpine,1.0,MEDIUM,5.0,5.0,96.568,35.489,42.743,18.336,True,R03_Japan_COL_S1,15
R03_Japan,COL,Alpine,1.0,MEDIUM,6.0,6.0,96.907,35.756,42.815,18.336,True,R03_Japan_COL_S1,15
R03_Japan,COL,Alpine,1.0,MEDIUM,7.0,7.0,96.509,35.528,42.864,18.117,True,R03_Japan_COL_S1,15
R03_Japan,COL,Alpine,1.0,MEDIUM,8.0,8.0,96.428,35.493,42.809,18.126,True,R03_Japan_COL_S1,15
R03_Japan,COL,Alpine,1.0,MEDIUM,9.0,9.0,96.572,35.535,42.813,18.224,True,R03_Japan_COL_S1,15
R03_Japan,COL,Alpine,1.0,MEDIUM,10.0,10.0,96.649,35.872,42.534,18.243,True,R03_Japan_COL_S1,15
R03_Japan,COL,Alpine,1.0,MEDIUM,11.0,11.0,96.675,35.814,42.63,18.231,True,R03_Japan_COL_S1,15
R03_Japan,COL,Alpine,1.0,MEDIUM,12.0,12.0,96.922,35.755,42.746,18.421,True,R03_Japan_COL_S1,15
R03_Japan,COL,Alpine,1.0,MEDIUM,13.0,13.0,97.357,36.529,42.606,18.222,True,R03_Japan_COL_S1,15
R03_Japan,COL,Alpine,1.0,MEDIUM,14.0,14.0,96.909,35.944,42.694,18.271,True,R03_Japan_COL_S1,15
R03_Japan,COL,Alpine,1.0,MEDIUM,15.0,15.0,96.841,35.751,42.909,18.181,True,R03_Japan_COL_S1,15
R03_Japan,COL,Alpine,1.0,MEDIUM,16.0,16.0,96.702,35.913,42.66,18.129,True,R03_Japan_COL_S1,15
R03_Japan,COL,Alpine,2.0,HARD,2.0,19.0,96.885,36.229,42.489,18.167,True,R03_Japan_COL_S2,28
R03_Japan,COL,Alpine,2.0,HARD,3.0,20.0,95.624,35.278,42.354,17.992,True,R03_Japan_COL_S2,28
R03_Japan,COL,Alpine,2.0,HARD,11.0,28.0,96.673,35.926,42.587,18.16,True,R03_Japan_COL_S2,28
R03_Japan,COL,Alpine,2.0,HARD,12.0,29.0,96.172,35.587,42.386,18.199,True,R03_Japan_COL_S2,28
R03_Japan,COL,Alpine,2.0,HARD,13.0,30.0,96.475,36.17,42.26,18.045,True,R03_Japan_COL_S2,28
R03_Japan,COL,Alpine,2.0,HARD,14.0,31.0,95.922,35.415,42.206,18.301,True,R03_Japan_COL_S2,28
R03_Japan,COL,Alpine,2.0,HARD,15.0,32.0,95.555,35.28,42.079,18.196,True,R03_Japan_COL_S2,28
R03_Japan,COL,Alpine,2.0,HARD,16.0,33.0,95.672,35.322,42.392,17.958,True,R03_Japan_COL_S2,28
R03_Japan,COL,Alpine,2.0,HARD,17.0,34.0,94.76,34.992,41.887,17.881,True,R03_Japan_COL_S2,28
R03_Japan,COL,Alpine,2.0,HARD,18.0,35.0,95.158,34.962,42.209,17.987,True,R03_Japan_COL_S2,28
R03_Japan,COL,Alpine,2.0,HARD,19.0,36.0,95.128,35.074,42.22,17.834,True,R03_Japan_COL_S2,28
R03_Japan,COL,Alpine,2.0,HARD,20.0,37.0,94.952,35.119,41.867,17.966,True,R03_Japan_COL_S2,28
R03_Japan,COL,Alpine,2.0,HARD,21.0,38.0,95.25,35.214,42.071,17.965,True,R03_Japan_COL_S2,28
R03_Japan,COL,Alpine,2.0,HARD,22.0,39.0,95.133,35.077,42.124,17.932,True,R03_Japan_COL_S2,28
R03_Japan,COL,Alpine,2.0,HARD,23.0,40.0,95.333,35.091,42.109,18.133,True,R03_Japan_COL_S2,28
R03_Japan,COL,Alpine,2.0,HARD,24.0,41.0,94.512,34.744,41.851,17.917,True,R03_Japan_COL_S2,28
R03_Japan,COL,Alpine,2.0,HARD,25.0,42.0,95.365,34.899,42.485,17.981,True,R03_Japan_COL_S2,28
R03_Japan,COL,Alpine,2.0,HARD,26.0,43.0,94.746,34.735,41.938,18.073,True,R03_Japan_COL_S2,28
R03_Japan,COL,Alpine,2.0,HARD,27.0,44.0,95.055,34.975,41.93,18.15,True,R03_Japan_COL_S2,28
R03_Japan,COL,Alpine,2.0,HARD,28.0,45.0,95.358,35.19,41.998,18.17,True,R03_Japan_COL_S2,28
R03_Japan,COL,Alpine,2.0,HARD,29.0,46.0,94.853,34.936,41.906,18.011,True,R03_Japan_COL_S2,28
R03_Japan,COL,Alpine,2.0,HARD,30.0,47.0,94.8,34.917,41.905,17.978,True,R03_Japan_COL_S2,28
R03_Japan,COL,Alpine,2.0,HARD,31.0,48.0,94.824,34.87,42.015,17.939,True,R03_Japan_COL_S2,28
R03_Japan,COL,Alpine,2.0,HARD,32.0,49.0,95.043,34.987,42.001,18.055,True,R03_Japan_COL_S2,28
R03_Japan,COL,Alpine,2.0,HARD,33.0,50.0,95.074,34.981,42.151,17.942,True,R03_Japan_COL_S2,28
R03_Japan,COL,Alpine,2.0,HARD,34.0,51.0,95.285,35.231,42.103,17.951,True,R03_Japan_COL_S2,28
R03_Japan,COL,Alpine,2.0,HARD,35.0,52.0,94.784,35.064,41.982,17.738,True,R03_Japan_COL_S2,28
R03_Japan,COL,Alpine,2.0,HARD,36.0,53.0,94.685,35.012,41.857,17.816,True,R03_Japan_COL_S2,28
R03_Japan,GAS,Alpine,1.0,MEDIUM,2.0,2.0,95.436,34.955,42.458,18.023,True,R03_Japan_GAS_S1,20
R03_Japan,GAS,Alpine,1.0,MEDIUM,3.0,3.0,95.809,35.072,42.628,18.109,True,R03_Japan_GAS_S1,20
R03_Japan,GAS,Alpine,1.0,MEDIUM,4.0,4.0,95.899,35.07,42.607,18.222,True,R03_Japan_GAS_S1,20
R03_Japan,GAS,Alpine,1.0,MEDIUM,5.0,5.0,95.872,35.026,42.698,18.148,True,R03_Japan_GAS_S1,20
R03_Japan,GAS,Alpine,1.0,MEDIUM,6.0,6.0,96.143,35.201,42.653,18.289,True,R03_Japan_GAS_S1,20
R03_Japan,GAS,Alpine,1.0,MEDIUM,7.0,7.0,95.944,35.069,42.587,18.288,True,R03_Japan_GAS_S1,20
R03_Japan,GAS,Alpine,1.0,MEDIUM,8.0,8.0,95.566,34.939,42.419,18.208,True,R03_Japan_GAS_S1,20
R03_Japan,GAS,Alpine,1.0,MEDIUM,9.0,9.0,95.616,35.047,42.303,18.266,True,R03_Japan_GAS_S1,20
R03_Japan,GAS,Alpine,1.0,MEDIUM,10.0,10.0,95.871,35.156,42.396,18.319,True,R03_Japan_GAS_S1,20
R03_Japan,GAS,Alpine,1.0,MEDIUM,11.0,11.0,95.717,35.157,42.378,18.182,True,R03_Japan_GAS_S1,20
R03_Japan,GAS,Alpine,1.0,MEDIUM,12.0,12.0,95.524,35.118,42.273,18.133,True,R03_Japan_GAS_S1,20
R03_Japan,GAS,Alpine,1.0,MEDIUM,13.0,13.0,95.928,35.264,42.342,18.322,True,R03_Japan_GAS_S1,20
R03_Japan,GAS,Alpine,1.0,MEDIUM,14.0,14.0,96.11,35.318,42.518,18.274,True,R03_Japan_GAS_S1,20
R03_Japan,GAS,Alpine,1.0,MEDIUM,15.0,15.0,95.94,35.247,42.452,18.241,True,R03_Japan_GAS_S1,20
R03_Japan,GAS,Alpine,1.0,MEDIUM,16.0,16.0,95.837,35.189,42.507,18.141,True,R03_Japan_GAS_S1,20
R03_Japan,GAS,Alpine,1.0,MEDIUM,17.0,17.0,95.906,35.323,42.368,18.215,True,R03_Japan_GAS_S1,20
R03_Japan,GAS,Alpine,1.0,MEDIUM,18.0,18.0,95.825,35.247,42.279,18.299,True,R03_Japan_GAS_S1,20
R03_Japan,GAS,Alpine,1.0,MEDIUM,19.0,19.0,95.802,35.219,42.35,18.233,True,R03_Japan_GAS_S1,20
R03_Japan,GAS,Alpine,1.0,MEDIUM,20.0,20.0,95.528,35.239,42.121,18.168,True,R03_Japan_GAS_S1,20
R03_Japan,GAS,Alpine,1.0,MEDIUM,21.0,21.0,95.655,35.198,42.361,18.096,True,R03_Japan_GAS_S1,20
R03_Japan,GAS,Alpine,2.0,HARD,6.0,28.0,95.812,35.697,41.911,18.204,True,R03_Japan_GAS_S2,26
R03_Japan,GAS,Alpine,2.0,HARD,7.0,29.0,94.096,34.416,41.756,17.924,True,R03_Japan_GAS_S2,26
R03_Japan,GAS,Alpine,2.0,HARD,8.0,30.0,94.792,34.645,42.094,18.053,True,R03_Japan_GAS_S2,26
R03_Japan,GAS,Alpine,2.0,HARD,9.0,31.0,93.999,34.337,41.674,17.988,True,R03_Japan_GAS_S2,26
R03_Japan,GAS,Alpine,2.0,HARD,10.0,32.0,94.066,34.359,41.766,17.941,True,R03_Japan_GAS_S2,26
R03_Japan,GAS,Alpine,2.0,HARD,11.0,33.0,93.823,34.249,41.634,17.94,True,R03_Japan_GAS_S2,26
R03_Japan,GAS,Alpine,2.0,HARD,12.0,34.0,94.021,34.314,41.776,17.931,True,R03_Japan_GAS_S2,26
R03_Japan,GAS,Alpine,2.0,HARD,13.0,35.0,93.864,34.249,41.693,17.922,True,R03_Japan_GAS_S2,26
R03_Japan,GAS,Alpine,2.0,HARD,14.0,36.0,94.029,34.372,41.701,17.956,True,R03_Japan_GAS_S2,26
R03_Japan,GAS,Alpine,2.0,HARD,15.0,37.0,93.839,34.337,41.552,17.95,True,R03_Japan_GAS_S2,26
R03_Japan,GAS,Alpine,2.0,HARD,16.0,38.0,94.051,34.354,41.676,18.021,True,R03_Japan_GAS_S2,26
R03_Japan,GAS,Alpine,2.0,HARD,17.0,39.0,93.691,34.194,41.592,17.905,True,R03_Japan_GAS_S2,26
R03_Japan,GAS,Alpine,2.0,HARD,18.0,40.0,93.776,34.195,41.632,17.949,True,R03_Japan_GAS_S2,26
R03_Japan,GAS,Alpine,2.0,HARD,19.0,41.0,93.693,34.312,41.484,17.897,True,R03_Japan_GAS_S2,26
R03_Japan,GAS,Alpine,2.0,HARD,20.0,42.0,93.891,34.331,41.586,17.974,True,R03_Japan_GAS_S2,26
R03_Japan,GAS,Alpine,2.0,HARD,21.0,43.0,94.329,34.558,41.749,18.022,True,R03_Japan_GAS_S2,26
R03_Japan,GAS,Alpine,2.0,HARD,22.0,44.0,94.457,34.577,41.663,18.217,True,R03_Japan_GAS_S2,26
R03_Japan,GAS,Alpine,2.0,HARD,23.0,45.0,94.071,34.511,41.555,18.005,True,R03_Japan_GAS_S2,26
R03_Japan,GAS,Alpine,2.0,HARD,24.0,46.0,93.861,34.452,41.536,17.873,True,R03_Japan_GAS_S2,26
R03_Japan,GAS,Alpine,2.0,HARD,25.0,47.0,94.063,34.45,41.664,17.949,True,R03_Japan_GAS_S2,26
R03_Japan,GAS,Alpine,2.0,HARD,26.0,48.0,94.619,34.412,41.557,18.65,True,R03_Japan_GAS_S2,26
R03_Japan,GAS,Alpine,2.0,HARD,27.0,49.0,93.824,34.447,41.432,17.945,True,R03_Japan_GAS_S2,26
R03_Japan,GAS,Alpine,2.0,HARD,28.0,50.0,94.222,34.559,41.689,17.974,True,R03_Japan_GAS_S2,26
R03_Japan,GAS,Alpine,2.0,HARD,29.0,51.0,93.827,34.429,41.53,17.868,True,R03_Japan_GAS_S2,26
R03_Japan,GAS,Alpine,2.0,HARD,30.0,52.0,94.097,34.415,41.523,18.159,True,R03_Japan_GAS_S2,26
R03_Japan,GAS,Alpine,2.0,HARD,31.0,53.0,94.169,34.433,41.705,18.031,True,R03_Japan_GAS_S2,26
R03_Japan,HAD,Red Bull Racing,1.0,MEDIUM,2.0,2.0,98.261,36.047,43.462,18.752,True,R03_Japan_HAD_S1,17
R03_Japan,HAD,Red Bull Racing,1.0,MEDIUM,3.0,3.0,97.193,36.171,42.961,18.061,True,R03_Japan_HAD_S1,17
R03_Japan,HAD,Red Bull Racing,1.0,MEDIUM,4.0,4.0,96.017,35.16,42.698,18.159,True,R03_Japan_HAD_S1,17
R03_Japan,HAD,Red Bull Racing,1.0,MEDIUM,5.0,5.0,96.363,35.105,42.92,18.338,True,R03_Japan_HAD_S1,17
R03_Japan,HAD,Red Bull Racing,1.0,MEDIUM,6.0,6.0,97.105,36.216,42.765,18.124,True,R03_Japan_HAD_S1,17
R03_Japan,HAD,Red Bull Racing,1.0,MEDIUM,7.0,7.0,96.393,35.53,42.893,17.97,True,R03_Japan_HAD_S1,17
R03_Japan,HAD,Red Bull Racing,1.0,MEDIUM,8.0,8.0,96.203,35.488,42.535,18.18,True,R03_Japan_HAD_S1,17
R03_Japan,HAD,Red Bull Racing,1.0,MEDIUM,9.0,9.0,96.505,35.656,42.803,18.046,True,R03_Japan_HAD_S1,17
R03_Japan,HAD,Red Bull Racing,1.0,MEDIUM,10.0,10.0,96.234,35.411,42.759,18.064,True,R03_Japan_HAD_S1,17
R03_Japan,HAD,Red Bull Racing,1.0,MEDIUM,11.0,11.0,96.941,35.9,42.684,18.357,True,R03_Japan_HAD_S1,17
R03_Japan,HAD,Red Bull Racing,1.0,MEDIUM,12.0,12.0,98.692,35.917,44.159,18.616,True,R03_Japan_HAD_S1,17
R03_Japan,HAD,Red Bull Racing,1.0,MEDIUM,13.0,13.0,96.464,35.804,42.529,18.131,True,R03_Japan_HAD_S1,17
R03_Japan,HAD,Red Bull Racing,1.0,MEDIUM,14.0,14.0,96.672,35.786,42.746,18.14,True,R03_Japan_HAD_S1,17
R03_Japan,HAD,Red Bull Racing,1.0,MEDIUM,15.0,15.0,96.777,35.487,42.508,18.782,True,R03_Japan_HAD_S1,17
R03_Japan,HAD,Red Bull Racing,1.0,MEDIUM,16.0,16.0,97.204,36.191,42.796,18.217,True,R03_Japan_HAD_S1,17
R03_Japan,HAD,Red Bull Racing,1.0,MEDIUM,17.0,17.0,96.985,35.677,43.05,18.258,True,R03_Japan_HAD_S1,17
R03_Japan,HAD,Red Bull Racing,1.0,MEDIUM,18.0,18.0,96.294,35.463,42.597,18.234,True,R03_Japan_HAD_S1,17
R03_Japan,HAD,Red Bull Racing,2.0,HARD,9.0,28.0,96.376,35.656,42.542,18.178,True,R03_Japan_HAD_S2,26
R03_Japan,HAD,Red Bull Racing,2.0,HARD,10.0,29.0,96.05,35.504,42.255,18.291,True,R03_Japan_HAD_S2,26
R03_Japan,HAD,Red Bull Racing,2.0,HARD,11.0,30.0,95.485,34.998,42.274,18.213,True,R03_Japan_HAD_S2,26
R03_Japan,HAD,Red Bull Racing,2.0,HARD,12.0,31.0,95.255,34.806,42.341,18.108,True,R03_Japan_HAD_S2,26
R03_Japan,HAD,Red Bull Racing,2.0,HARD,13.0,32.0,94.986,34.712,42.247,18.027,True,R03_Japan_HAD_S2,26
R03_Japan,HAD,Red Bull Racing,2.0,HARD,14.0,33.0,94.718,34.541,41.979,18.198,True,R03_Japan_HAD_S2,26
R03_Japan,HAD,Red Bull Racing,2.0,HARD,15.0,34.0,95.145,34.668,42.276,18.201,True,R03_Japan_HAD_S2,26
R03_Japan,HAD,Red Bull Racing,2.0,HARD,16.0,35.0,95.64,34.547,42.667,18.426,True,R03_Japan_HAD_S2,26
R03_Japan,HAD,Red Bull Racing,2.0,HARD,17.0,36.0,93.96,34.064,41.85,18.046,True,R03_Japan_HAD_S2,26
R03_Japan,HAD,Red Bull Racing,2.0,HARD,18.0,37.0,94.637,34.566,42.031,18.04,True,R03_Japan_HAD_S2,26
R03_Japan,HAD,Red Bull Racing,2.0,HARD,19.0,38.0,94.466,34.536,41.945,17.985,True,R03_Japan_HAD_S2,26
R03_Japan,HAD,Red Bull Racing,2.0,HARD,20.0,39.0,94.558,34.622,41.962,17.974,True,R03_Japan_HAD_S2,26
R03_Japan,HAD,Red Bull Racing,2.0,HARD,21.0,40.0,94.361,34.446,41.955,17.96,True,R03_Japan_HAD_S2,26
R03_Japan,HAD,Red Bull Racing,2.0,HARD,22.0,41.0,94.482,34.69,41.833,17.959,True,R03_Japan_HAD_S2,26
R03_Japan,HAD,Red Bull Racing,2.0,HARD,23.0,42.0,94.543,34.716,41.85,17.977,True,R03_Japan_HAD_S2,26
R03_Japan,HAD,Red Bull Racing,2.0,HARD,24.0,43.0,94.872,34.822,42.037,18.013,True,R03_Japan_HAD_S2,26
R03_Japan,HAD,Red Bull Racing,2.0,HARD,25.0,44.0,94.376,34.488,41.8,18.088,True,R03_Japan_HAD_S2,26
R03_Japan,HAD,Red Bull Racing,2.0,HARD,26.0,45.0,95.914,34.864,42.531,18.519,True,R03_Japan_HAD_S2,26
R03_Japan,HAD,Red Bull Racing,2.0,HARD,27.0,46.0,96.112,35.779,42.284,18.049,True,R03_Japan_HAD_S2,26
R03_Japan,HAD,Red Bull Racing,2.0,HARD,28.0,47.0,95.366,35.312,42.0,18.054,True,R03_Japan_HAD_S2,26
R03_Japan,HAD,Red Bull Racing,2.0,HARD,29.0,48.0,94.972,34.98,42.001,17.991,True,R03_Japan_HAD_S2,26
R03_Japan,HAD,Red Bull Racing,2.0,HARD,30.0,49.0,94.946,34.902,42.085,17.959,True,R03_Japan_HAD_S2,26
R03_Japan,HAD,Red Bull Racing,2.0,HARD,31.0,50.0,94.774,34.902,41.884,17.988,True,R03_Japan_HAD_S2,26
R03_Japan,HAD,Red Bull Racing,2.0,HARD,32.0,51.0,94.126,34.472,41.749,17.905,True,R03_Japan_HAD_S2,26
R03_Japan,HAD,Red Bull Racing,2.0,HARD,33.0,52.0,94.301,34.683,41.713,17.905,True,R03_Japan_HAD_S2,26
R03_Japan,HAD,Red Bull Racing,2.0,HARD,34.0,53.0,93.837,34.419,41.801,17.617,True,R03_Japan_HAD_S2,26
R03_Japan,HAM,Ferrari,1.0,MEDIUM,1.0,1.0,98.386,,42.171,18.146,True,R03_Japan_HAM_S1,21
R03_Japan,HAM,Ferrari,1.0,MEDIUM,2.0,2.0,95.496,35.461,42.16,17.875,True,R03_Japan_HAM_S1,21
R03_Japan,HAM,Ferrari,1.0,MEDIUM,3.0,3.0,95.394,35.125,42.265,18.004,True,R03_Japan_HAM_S1,21
R03_Japan,HAM,Ferrari,1.0,MEDIUM,4.0,4.0,95.805,35.248,42.422,18.135,True,R03_Japan_HAM_S1,21
R03_Japan,HAM,Ferrari,1.0,MEDIUM,5.0,5.0,95.453,35.025,42.365,18.063,True,R03_Japan_HAM_S1,21
R03_Japan,HAM,Ferrari,1.0,MEDIUM,6.0,6.0,95.172,34.663,42.37,18.139,True,R03_Japan_HAM_S1,21
R03_Japan,HAM,Ferrari,1.0,MEDIUM,7.0,7.0,95.448,34.837,42.375,18.236,True,R03_Japan_HAM_S1,21
R03_Japan,HAM,Ferrari,1.0,MEDIUM,8.0,8.0,95.565,34.822,42.573,18.17,True,R03_Japan_HAM_S1,21
R03_Japan,HAM,Ferrari,1.0,MEDIUM,9.0,9.0,95.765,34.786,42.681,18.298,True,R03_Japan_HAM_S1,21
R03_Japan,HAM,Ferrari,1.0,MEDIUM,10.0,10.0,95.166,34.796,42.194,18.176,True,R03_Japan_HAM_S1,21
R03_Japan,HAM,Ferrari,1.0,MEDIUM,11.0,11.0,95.434,34.99,42.227,18.217,True,R03_Japan_HAM_S1,21
R03_Japan,HAM,Ferrari,1.0,MEDIUM,12.0,12.0,95.161,34.945,42.205,18.011,True,R03_Japan_HAM_S1,21
R03_Japan,HAM,Ferrari,1.0,MEDIUM,13.0,13.0,95.397,34.974,42.181,18.242,True,R03_Japan_HAM_S1,21
R03_Japan,HAM,Ferrari,1.0,MEDIUM,14.0,14.0,95.283,35.107,42.019,18.157,True,R03_Japan_HAM_S1,21
R03_Japan,HAM,Ferrari,1.0,MEDIUM,15.0,15.0,95.054,34.878,42.06,18.116,True,R03_Japan_HAM_S1,21
R03_Japan,HAM,Ferrari,1.0,MEDIUM,16.0,16.0,95.355,35.135,42.151,18.069,True,R03_Japan_HAM_S1,21
R03_Japan,HAM,Ferrari,1.0,MEDIUM,17.0,17.0,94.876,34.818,42.034,18.024,True,R03_Japan_HAM_S1,21
R03_Japan,HAM,Ferrari,1.0,MEDIUM,18.0,18.0,94.959,34.919,41.921,18.119,True,R03_Japan_HAM_S1,21
R03_Japan,HAM,Ferrari,1.0,MEDIUM,19.0,19.0,94.98,34.878,41.972,18.13,True,R03_Japan_HAM_S1,21
R03_Japan,HAM,Ferrari,1.0,MEDIUM,20.0,20.0,95.168,35.003,41.989,18.176,True,R03_Japan_HAM_S1,21
R03_Japan,HAM,Ferrari,1.0,MEDIUM,21.0,21.0,95.01,34.972,41.846,18.192,True,R03_Japan_HAM_S1,21
R03_Japan,HAM,Ferrari,2.0,HARD,6.0,28.0,94.067,34.464,41.628,17.975,True,R03_Japan_HAM_S2,26
R03_Japan,HAM,Ferrari,2.0,HARD,7.0,29.0,93.742,34.268,41.627,17.847,True,R03_Japan_HAM_S2,26
R03_Japan,HAM,Ferrari,2.0,HARD,8.0,30.0,93.875,34.238,41.651,17.986,True,R03_Japan_HAM_S2,26
R03_Japan,HAM,Ferrari,2.0,HARD,9.0,31.0,93.67,34.176,41.591,17.903,True,R03_Japan_HAM_S2,26
R03_Japan,HAM,Ferrari,2.0,HARD,10.0,32.0,93.501,34.037,41.441,18.023,True,R03_Japan_HAM_S2,26
R03_Japan,HAM,Ferrari,2.0,HARD,11.0,33.0,93.524,33.991,41.566,17.967,True,R03_Japan_HAM_S2,26
R03_Japan,HAM,Ferrari,2.0,HARD,12.0,34.0,93.301,34.092,41.289,17.92,True,R03_Japan_HAM_S2,26
R03_Japan,HAM,Ferrari,2.0,HARD,13.0,35.0,93.696,34.127,41.533,18.036,True,R03_Japan_HAM_S2,26
R03_Japan,HAM,Ferrari,2.0,HARD,14.0,36.0,93.658,34.201,41.314,18.143,True,R03_Japan_HAM_S2,26
R03_Japan,HAM,Ferrari,2.0,HARD,15.0,37.0,93.934,34.165,41.814,17.955,True,R03_Japan_HAM_S2,26
R03_Japan,HAM,Ferrari,2.0,HARD,16.0,38.0,93.436,33.994,41.468,17.974,True,R03_Japan_HAM_S2,26
R03_Japan,HAM,Ferrari,2.0,HARD,17.0,39.0,93.576,34.167,41.376,18.033,True,R03_Japan_HAM_S2,26
R03_Japan,HAM,Ferrari,2.0,HARD,18.0,40.0,93.869,34.11,41.62,18.139,True,R03_Japan_HAM_S2,26
R03_Japan,HAM,Ferrari,2.0,HARD,19.0,41.0,94.177,34.44,41.609,18.128,True,R03_Japan_HAM_S2,26
R03_Japan,HAM,Ferrari,2.0,HARD,20.0,42.0,94.662,35.177,41.585,17.9,True,R03_Japan_HAM_S2,26
R03_Japan,HAM,Ferrari,2.0,HARD,21.0,43.0,94.359,35.047,41.379,17.933,True,R03_Japan_HAM_S2,26
R03_Japan,HAM,Ferrari,2.0,HARD,22.0,44.0,93.636,34.266,41.397,17.973,True,R03_Japan_HAM_S2,26
R03_Japan,HAM,Ferrari,2.0,HARD,23.0,45.0,93.495,34.167,41.343,17.985,True,R03_Japan_HAM_S2,26
R03_Japan,HAM,Ferrari,2.0,HARD,24.0,46.0,93.442,34.231,41.233,17.978,True,R03_Japan_HAM_S2,26
R03_Japan,HAM,Ferrari,2.0,HARD,25.0,47.0,94.676,34.378,41.393,18.905,True,R03_Japan_HAM_S2,26
R03_Japan,HAM,Ferrari,2.0,HARD,26.0,48.0,92.777,33.962,41.108,17.707,True,R03_Japan_HAM_S2,26
R03_Japan,HAM,Ferrari,2.0,HARD,27.0,49.0,93.867,34.368,41.301,18.198,True,R03_Japan_HAM_S2,26
R03_Japan,HAM,Ferrari,2.0,HARD,28.0,50.0,95.689,34.647,42.013,19.029,True,R03_Japan_HAM_S2,26
R03_Japan,HAM,Ferrari,2.0,HARD,29.0,51.0,94.927,33.992,41.784,19.151,True,R03_Japan_HAM_S2,26
R03_Japan,HAM,Ferrari,2.0,HARD,30.0,52.0,94.193,34.367,41.886,17.94,True,R03_Japan_HAM_S2,26
R03_Japan,HAM,Ferrari,2.0,HARD,31.0,53.0,93.669,34.115,41.518,18.036,True,R03_Japan_HAM_S2,26
R03_Japan,HUL,Audi,1.0,MEDIUM,2.0,2.0,98.019,36.377,43.395,18.247,True,R03_Japan_HUL_S1,19
R03_Japan,HUL,Audi,1.0,MEDIUM,3.0,3.0,96.53,35.342,43.085,18.103,True,R03_Japan_HUL_S1,19
R03_Japan,HUL,Audi,1.0,MEDIUM,4.0,4.0,96.632,35.458,42.956,18.218,True,R03_Japan_HUL_S1,19
R03_Japan,HUL,Audi,1.0,MEDIUM,5.0,5.0,96.858,35.878,42.815,18.165,True,R03_Japan_HUL_S1,19
R03_Japan,HUL,Audi,1.0,MEDIUM,6.0,6.0,97.522,35.81,43.183,18.529,True,R03_Japan_HUL_S1,19
R03_Japan,HUL,Audi,1.0,MEDIUM,7.0,7.0,97.424,35.921,43.264,18.239,True,R03_Japan_HUL_S1,19
R03_Japan,HUL,Audi,1.0,MEDIUM,8.0,8.0,97.149,35.857,43.083,18.209,True,R03_Japan_HUL_S1,19
R03_Japan,HUL,Audi,1.0,MEDIUM,9.0,9.0,96.695,35.547,42.961,18.187,True,R03_Japan_HUL_S1,19
R03_Japan,HUL,Audi,1.0,MEDIUM,10.0,10.0,96.943,35.919,42.869,18.155,True,R03_Japan_HUL_S1,19
R03_Japan,HUL,Audi,1.0,MEDIUM,11.0,11.0,96.387,35.53,42.718,18.139,True,R03_Japan_HUL_S1,19
R03_Japan,HUL,Audi,1.0,MEDIUM,12.0,12.0,97.397,35.449,43.604,18.344,True,R03_Japan_HUL_S1,19
R03_Japan,HUL,Audi,1.0,MEDIUM,13.0,13.0,96.972,35.919,42.797,18.256,True,R03_Japan_HUL_S1,19
R03_Japan,HUL,Audi,1.0,MEDIUM,14.0,14.0,96.49,35.422,42.945,18.123,True,R03_Japan_HUL_S1,19
R03_Japan,HUL,Audi,1.0,MEDIUM,15.0,15.0,95.778,34.972,42.559,18.247,True,R03_Japan_HUL_S1,19
R03_Japan,HUL,Audi,1.0,MEDIUM,16.0,16.0,96.277,35.508,42.688,18.081,True,R03_Japan_HUL_S1,19
R03_Japan,HUL,Audi,1.0,MEDIUM,17.0,17.0,96.171,35.354,42.76,18.057,True,R03_Japan_HUL_S1,19
R03_Japan,HUL,Audi,1.0,MEDIUM,18.0,18.0,96.037,35.423,42.448,18.166,True,R03_Japan_HUL_S1,19
R03_Japan,HUL,Audi,1.0,MEDIUM,19.0,19.0,95.575,35.308,42.305,17.962,True,R03_Japan_HUL_S1,19
R03_Japan,HUL,Audi,1.0,MEDIUM,20.0,20.0,95.655,35.318,42.304,18.033,True,R03_Japan_HUL_S1,19
R03_Japan,HUL,Audi,2.0,HARD,5.0,28.0,96.375,35.452,42.571,18.352,True,R03_Japan_HUL_S2,26
R03_Japan,HUL,Audi,2.0,HARD,6.0,29.0,96.82,35.128,42.728,18.964,True,R03_Japan_HUL_S2,26
R03_Japan,HUL,Audi,2.0,HARD,7.0,30.0,96.242,36.353,42.063,17.826,True,R03_Japan_HUL_S2,26
R03_Japan,HUL,Audi,2.0,HARD,8.0,31.0,94.637,34.783,41.951,17.903,True,R03_Japan_HUL_S2,26
R03_Japan,HUL,Audi,2.0,HARD,9.0,32.0,94.905,34.861,42.073,17.971,True,R03_Japan_HUL_S2,26
R03_Japan,HUL,Audi,2.0,HARD,10.0,33.0,94.82,34.925,41.982,17.913,True,R03_Japan_HUL_S2,26
R03_Japan,HUL,Audi,2.0,HARD,11.0,34.0,95.027,35.006,42.061,17.96,True,R03_Japan_HUL_S2,26
R03_Japan,HUL,Audi,2.0,HARD,12.0,35.0,95.547,35.07,42.2,18.277,True,R03_Japan_HUL_S2,26
R03_Japan,HUL,Audi,2.0,HARD,13.0,36.0,95.386,35.193,42.064,18.129,True,R03_Japan_HUL_S2,26
R03_Japan,HUL,Audi,2.0,HARD,14.0,37.0,95.018,35.057,41.944,18.017,True,R03_Japan_HUL_S2,26
R03_Japan,HUL,Audi,2.0,HARD,15.0,38.0,94.831,34.717,41.852,18.262,True,R03_Japan_HUL_S2,26
R03_Japan,HUL,Audi,2.0,HARD,16.0,39.0,94.222,34.446,41.704,18.072,True,R03_Japan_HUL_S2,26
R03_Japan,HUL,Audi,2.0,HARD,17.0,40.0,94.132,34.639,41.566,17.927,True,R03_Japan_HUL_S2,26
R03_Japan,HUL,Audi,2.0,HARD,18.0,41.0,94.011,34.589,41.571,17.851,True,R03_Japan_HUL_S2,26
R03_Japan,HUL,Audi,2.0,HARD,19.0,42.0,94.212,34.694,41.708,17.81,True,R03_Japan_HUL_S2,26
R03_Japan,HUL,Audi,2.0,HARD,20.0,43.0,94.168,34.614,41.645,17.909,True,R03_Japan_HUL_S2,26
R03_Japan,HUL,Audi,2.0,HARD,21.0,44.0,94.426,34.621,41.787,18.018,True,R03_Japan_HUL_S2,26
R03_Japan,HUL,Audi,2.0,HARD,22.0,45.0,95.678,35.015,41.688,18.975,True,R03_Japan_HUL_S2,26
R03_Japan,HUL,Audi,2.0,HARD,23.0,46.0,96.379,36.004,42.339,18.036,True,R03_Japan_HUL_S2,26
R03_Japan,HUL,Audi,2.0,HARD,24.0,47.0,93.732,33.84,41.717,18.175,True,R03_Japan_HUL_S2,26
R03_Japan,HUL,Audi,2.0,HARD,25.0,48.0,94.137,34.615,41.62,17.902,True,R03_Japan_HUL_S2,26
R03_Japan,HUL,Audi,2.0,HARD,26.0,49.0,94.171,34.68,41.614,17.877,True,R03_Japan_HUL_S2,26
R03_Japan,HUL,Audi,2.0,HARD,27.0,50.0,94.177,34.538,41.7,17.939,True,R03_Japan_HUL_S2,26
R03_Japan,HUL,Audi,2.0,HARD,28.0,51.0,94.101,34.521,41.677,17.903,True,R03_Japan_HUL_S2,26
R03_Japan,HUL,Audi,2.0,HARD,29.0,52.0,93.853,34.555,41.508,17.79,True,R03_Japan_HUL_S2,26
R03_Japan,HUL,Audi,2.0,HARD,30.0,53.0,93.796,34.583,41.535,17.678,True,R03_Japan_HUL_S2,26
R03_Japan,LAW,Racing Bulls,1.0,MEDIUM,2.0,2.0,97.029,35.662,43.287,18.08,True,R03_Japan_LAW_S1,19
R03_Japan,LAW,Racing Bulls,1.0,MEDIUM,3.0,3.0,97.03,35.782,43.152,18.096,True,R03_Japan_LAW_S1,19
R03_Japan,LAW,Racing Bulls,1.0,MEDIUM,4.0,4.0,96.522,35.415,42.828,18.279,True,R03_Japan_LAW_S1,19
R03_Japan,LAW,Racing Bulls,1.0,MEDIUM,5.0,5.0,96.38,35.306,42.817,18.257,True,R03_Japan_LAW_S1,19
R03_Japan,LAW,Racing Bulls,1.0,MEDIUM,6.0,6.0,97.206,35.93,43.046,18.23,True,R03_Japan_LAW_S1,19
R03_Japan,LAW,Racing Bulls,1.0,MEDIUM,7.0,7.0,96.572,35.518,42.804,18.25,True,R03_Japan_LAW_S1,19
R03_Japan,LAW,Racing Bulls,1.0,MEDIUM,8.0,8.0,96.432,35.432,42.745,18.255,True,R03_Japan_LAW_S1,19
R03_Japan,LAW,Racing Bulls,1.0,MEDIUM,9.0,9.0,96.629,35.473,42.876,18.28,True,R03_Japan_LAW_S1,19
R03_Japan,LAW,Racing Bulls,1.0,MEDIUM,10.0,10.0,96.618,35.498,42.823,18.297,True,R03_Japan_LAW_S1,19
R03_Japan,LAW,Racing Bulls,1.0,MEDIUM,11.0,11.0,96.55,35.683,42.706,18.161,True,R03_Japan_LAW_S1,19
R03_Japan,LAW,Racing Bulls,1.0,MEDIUM,12.0,12.0,97.258,35.79,43.118,18.35,True,R03_Japan_LAW_S1,19
R03_Japan,LAW,Racing Bulls,1.0,MEDIUM,13.0,13.0,97.049,36.312,42.621,18.116,True,R03_Japan_LAW_S1,19
R03_Japan,LAW,Racing Bulls,1.0,MEDIUM,14.0,14.0,97.013,,42.781,18.278,True,R03_Japan_LAW_S1,19
R03_Japan,LAW,Racing Bulls,1.0,MEDIUM,15.0,15.0,96.726,35.735,42.811,18.18,True,R03_Japan_LAW_S1,19
R03_Japan,LAW,Racing Bulls,1.0,MEDIUM,16.0,16.0,96.822,35.828,42.818,18.176,True,R03_Japan_LAW_S1,19
R03_Japan,LAW,Racing Bulls,1.0,MEDIUM,17.0,17.0,96.72,35.843,42.716,18.161,True,R03_Japan_LAW_S1,19
R03_Japan,LAW,Racing Bulls,1.0,MEDIUM,18.0,18.0,96.604,35.879,42.537,18.188,True,R03_Japan_LAW_S1,19
R03_Japan,LAW,Racing Bulls,1.0,MEDIUM,19.0,19.0,96.716,35.815,42.626,18.275,True,R03_Japan_LAW_S1,19
R03_Japan,LAW,Racing Bulls,1.0,MEDIUM,20.0,20.0,96.442,35.66,42.435,18.347,True,R03_Japan_LAW_S1,19
R03_Japan,LAW,Racing Bulls,2.0,HARD,6.0,28.0,96.376,35.951,42.587,17.838,True,R03_Japan_LAW_S2,26
R03_Japan,LAW,Racing Bulls,2.0,HARD,7.0,29.0,94.925,34.933,42.068,17.924,True,R03_Japan_LAW_S2,26
R03_Japan,LAW,Racing Bulls,2.0,HARD,8.0,30.0,94.86,34.844,42.041,17.975,True,R03_Japan_LAW_S2,26
R03_Japan,LAW,Racing Bulls,2.0,HARD,9.0,31.0,94.716,34.75,41.936,18.03,True,R03_Japan_LAW_S2,26
R03_Japan,LAW,Racing Bulls,2.0,HARD,10.0,32.0,94.647,34.705,41.903,18.039,True,R03_Japan_LAW_S2,26
R03_Japan,LAW,Racing Bulls,2.0,HARD,11.0,33.0,94.773,34.796,41.974,18.003,True,R03_Japan_LAW_S2,26
R03_Japan,LAW,Racing Bulls,2.0,HARD,12.0,34.0,94.85,34.755,42.038,18.057,True,R03_Japan_LAW_S2,26
R03_Japan,LAW,Racing Bulls,2.0,HARD,13.0,35.0,94.999,34.732,41.99,18.277,True,R03_Japan_LAW_S2,26
R03_Japan,LAW,Racing Bulls,2.0,HARD,14.0,36.0,94.581,34.706,41.784,18.091,True,R03_Japan_LAW_S2,26
R03_Japan,LAW,Racing Bulls,2.0,HARD,15.0,37.0,94.938,34.715,41.969,18.254,True,R03_Japan_LAW_S2,26
R03_Japan,LAW,Racing Bulls,2.0,HARD,16.0,38.0,94.436,34.593,41.826,18.017,True,R03_Japan_LAW_S2,26
R03_Japan,LAW,Racing Bulls,2.0,HARD,17.0,39.0,94.526,34.592,41.87,18.064,True,R03_Japan_LAW_S2,26
R03_Japan,LAW,Racing Bulls,2.0,HARD,18.0,40.0,94.879,34.759,41.921,18.199,True,R03_Japan_LAW_S2,26
R03_Japan,LAW,Racing Bulls,2.0,HARD,19.0,41.0,94.796,34.761,41.874,18.161,True,R03_Japan_LAW_S2,26
R03_Japan,LAW,Racing Bulls,2.0,HARD,20.0,42.0,94.926,34.833,41.941,18.152,True,R03_Japan_LAW_S2,26
R03_Japan,LAW,Racing Bulls,2.0,HARD,21.0,43.0,94.87,34.826,41.847,18.197,True,R03_Japan_LAW_S2,26
R03_Japan,LAW,Racing Bulls,2.0,HARD,22.0,44.0,94.882,34.966,41.779,18.137,True,R03_Japan_LAW_S2,26
R03_Japan,LAW,Racing Bulls,2.0,HARD,23.0,45.0,94.794,34.847,41.817,18.13,True,R03_Japan_LAW_S2,26
R03_Japan,LAW,Racing Bulls,2.0,HARD,24.0,46.0,94.827,34.835,41.832,18.16,True,R03_Japan_LAW_S2,26
R03_Japan,LAW,Racing Bulls,2.0,HARD,25.0,47.0,94.955,34.978,41.895,18.082,True,R03_Japan_LAW_S2,26
R03_Japan,LAW,Racing Bulls,2.0,HARD,26.0,48.0,94.668,34.762,41.778,18.128,True,R03_Japan_LAW_S2,26
R03_Japan,LAW,Racing Bulls,2.0,HARD,27.0,49.0,94.701,34.886,41.726,18.089,True,R03_Japan_LAW_S2,26
R03_Japan,LAW,Racing Bulls,2.0,HARD,28.0,50.0,94.634,34.864,41.727,18.043,True,R03_Japan_LAW_S2,26
R03_Japan,LAW,Racing Bulls,2.0,HARD,29.0,51.0,94.341,34.717,41.585,18.039,True,R03_Japan_LAW_S2,26
R03_Japan,LAW,Racing Bulls,2.0,HARD,30.0,52.0,94.295,34.761,41.545,17.989,True,R03_Japan_LAW_S2,26
R03_Japan,LAW,Racing Bulls,2.0,HARD,31.0,53.0,94.23,34.632,41.733,17.865,True,R03_Japan_LAW_S2,26
R03_Japan,LEC,Ferrari,1.0,MEDIUM,1.0,1.0,96.36,,41.648,18.305,True,R03_Japan_LEC_S1,16
R03_Japan,LEC,Ferrari,1.0,MEDIUM,2.0,2.0,95.126,34.987,42.055,18.084,True,R03_Japan_LEC_S1,16
R03_Japan,LEC,Ferrari,1.0,MEDIUM,3.0,3.0,95.105,35.159,41.807,18.139,True,R03_Japan_LEC_S1,16
R03_Japan,LEC,Ferrari,1.0,MEDIUM,4.0,4.0,96.431,35.751,42.366,18.314,True,R03_Japan_LEC_S1,16
R03_Japan,LEC,Ferrari,1.0,MEDIUM,5.0,5.0,95.209,34.819,42.188,18.202,True,R03_Japan_LEC_S1,16
R03_Japan,LEC,Ferrari,1.0,MEDIUM,6.0,6.0,95.287,34.924,42.114,18.249,True,R03_Japan_LEC_S1,16
R03_Japan,LEC,Ferrari,1.0,MEDIUM,7.0,7.0,94.955,34.58,42.098,18.277,True,R03_Japan_LEC_S1,16
R03_Japan,LEC,Ferrari,1.0,MEDIUM,8.0,8.0,95.458,34.685,42.49,18.283,True,R03_Japan_LEC_S1,16
R03_Japan,LEC,Ferrari,1.0,MEDIUM,9.0,9.0,95.623,34.94,42.173,18.51,True,R03_Japan_LEC_S1,16
R03_Japan,LEC,Ferrari,1.0,MEDIUM,10.0,10.0,95.146,34.721,42.21,18.215,True,R03_Japan_LEC_S1,16
R03_Japan,LEC,Ferrari,1.0,MEDIUM,11.0,11.0,95.145,34.888,42.046,18.211,True,R03_Japan_LEC_S1,16
R03_Japan,LEC,Ferrari,1.0,MEDIUM,12.0,12.0,95.201,34.963,41.973,18.265,True,R03_Japan_LEC_S1,16
R03_Japan,LEC,Ferrari,1.0,MEDIUM,13.0,13.0,95.408,35.037,42.103,18.268,True,R03_Japan_LEC_S1,16
R03_Japan,LEC,Ferrari,1.0,MEDIUM,14.0,14.0,95.305,34.916,42.184,18.205,True,R03_Japan_LEC_S1,16
R03_Japan,LEC,Ferrari,1.0,MEDIUM,15.0,15.0,95.903,34.939,42.157,18.807,True,R03_Japan_LEC_S1,16
R03_Japan,LEC,Ferrari,1.0,MEDIUM,16.0,16.0,95.307,35.102,41.942,18.263,True,R03_Japan_LEC_S1,16
R03_Japan,LEC,Ferrari,2.0,HARD,2.0,19.0,94.426,34.787,41.516,18.123,True,R03_Japan_LEC_S2,29
R03_Japan,LEC,Ferrari,2.0,HARD,3.0,20.0,94.266,34.695,41.458,18.113,True,R03_Japan_LEC_S2,29
R03_Japan,LEC,Ferrari,2.0,HARD,4.0,21.0,94.132,34.478,41.616,18.038,True,R03_Japan_LEC_S2,29
R03_Japan,LEC,Ferrari,2.0,HARD,11.0,28.0,95.287,35.331,41.904,18.052,True,R03_Japan_LEC_S2,29
R03_Japan,LEC,Ferrari,2.0,HARD,12.0,29.0,93.666,34.302,41.486,17.878,True,R03_Japan_LEC_S2,29
R03_Japan,LEC,Ferrari,2.0,HARD,13.0,30.0,93.696,34.331,41.368,17.997,True,R03_Japan_LEC_S2,29
R03_Japan,LEC,Ferrari,2.0,HARD,14.0,31.0,93.915,34.399,41.644,17.872,True,R03_Japan_LEC_S2,29
R03_Japan,LEC,Ferrari,2.0,HARD,15.0,32.0,93.494,34.121,41.499,17.874,True,R03_Japan_LEC_S2,29
R03_Japan,LEC,Ferrari,2.0,HARD,16.0,33.0,93.444,34.154,41.412,17.878,True,R03_Japan_LEC_S2,29
R03_Japan,LEC,Ferrari,2.0,HARD,17.0,34.0,93.508,34.361,41.287,17.86,True,R03_Japan_LEC_S2,29
R03_Japan,LEC,Ferrari,2.0,HARD,18.0,35.0,93.252,34.17,41.246,17.836,True,R03_Japan_LEC_S2,29
R03_Japan,LEC,Ferrari,2.0,HARD,19.0,36.0,93.663,34.397,41.35,17.916,True,R03_Japan_LEC_S2,29
R03_Japan,LEC,Ferrari,2.0,HARD,20.0,37.0,93.744,34.335,41.364,18.045,True,R03_Japan_LEC_S2,29
R03_Japan,LEC,Ferrari,2.0,HARD,21.0,38.0,93.128,34.033,41.13,17.965,True,R03_Japan_LEC_S2,29
R03_Japan,LEC,Ferrari,2.0,HARD,22.0,39.0,93.457,34.273,41.215,17.969,True,R03_Japan_LEC_S2,29
R03_Japan,LEC,Ferrari,2.0,HARD,23.0,40.0,93.705,34.127,41.414,18.164,True,R03_Japan_LEC_S2,29
R03_Japan,LEC,Ferrari,2.0,HARD,24.0,41.0,94.154,34.659,41.387,18.108,True,R03_Japan_LEC_S2,29
R03_Japan,LEC,Ferrari,2.0,HARD,25.0,42.0,93.418,34.046,41.392,17.98,True,R03_Japan_LEC_S2,29
R03_Japan,LEC,Ferrari,2.0,HARD,26.0,43.0,93.205,34.035,41.101,18.069,True,R03_Japan_LEC_S2,29
R03_Japan,LEC,Ferrari,2.0,HARD,27.0,44.0,93.304,34.186,41.07,18.048,True,R03_Japan_LEC_S2,29
R03_Japan,LEC,Ferrari,2.0,HARD,28.0,45.0,93.607,34.179,41.274,18.154,True,R03_Japan_LEC_S2,29
R03_Japan,LEC,Ferrari,2.0,HARD,29.0,46.0,93.16,33.994,41.12,18.046,True,R03_Japan_LEC_S2,29
R03_Japan,LEC,Ferrari,2.0,HARD,30.0,47.0,93.122,33.936,41.208,17.978,True,R03_Japan_LEC_S2,29
R03_Japan,LEC,Ferrari,2.0,HARD,31.0,48.0,93.011,33.676,41.14,18.195,True,R03_Japan_LEC_S2,29
R03_Japan,LEC,Ferrari,2.0,HARD,32.0,49.0,93.486,34.157,41.291,18.038,True,R03_Japan_LEC_S2,29
R03_Japan,LEC,Ferrari,2.0,HARD,33.0,50.0,94.173,34.173,41.289,18.711,True,R03_Japan_LEC_S2,29
R03_Japan,LEC,Ferrari,2.0,HARD,34.0,51.0,92.897,33.813,41.284,17.8,True,R03_Japan_LEC_S2,29
R03_Japan,LEC,Ferrari,2.0,HARD,35.0,52.0,93.201,34.047,41.137,18.017,True,R03_Japan_LEC_S2,29
R03_Japan,LEC,Ferrari,2.0,HARD,36.0,53.0,92.634,33.905,40.919,17.81,True,R03_Japan_LEC_S2,29
R03_Japan,LIN,Racing Bulls,1.0,MEDIUM,2.0,2.0,96.174,35.265,42.825,18.084,True,R03_Japan_LIN_S1,16
R03_Japan,LIN,Racing Bulls,1.0,MEDIUM,3.0,3.0,96.233,35.347,42.792,18.094,True,R03_Japan_LIN_S1,16
R03_Japan,LIN,Racing Bulls,1.0,MEDIUM,4.0,4.0,96.039,35.296,42.736,18.007,True,R03_Japan_LIN_S1,16
R03_Japan,LIN,Racing Bulls,1.0,MEDIUM,5.0,5.0,98.053,35.528,43.293,19.232,True,R03_Japan_LIN_S1,16
R03_Japan,LIN,Racing Bulls,1.0,MEDIUM,6.0,6.0,97.489,36.77,42.663,18.056,True,R03_Japan_LIN_S1,16
R03_Japan,LIN,Racing Bulls,1.0,MEDIUM,7.0,7.0,96.39,35.836,42.575,17.979,True,R03_Japan_LIN_S1,16
R03_Japan,LIN,Racing Bulls,1.0,MEDIUM,8.0,8.0,96.083,35.615,42.431,18.037,True,R03_Japan_LIN_S1,16
R03_Japan,LIN,Racing Bulls,1.0,MEDIUM,9.0,9.0,96.39,35.568,42.811,18.011,True,R03_Japan_LIN_S1,16
R03_Japan,LIN,Racing Bulls,1.0,MEDIUM,10.0,10.0,96.491,35.732,42.676,18.083,True,R03_Japan_LIN_S1,16
R03_Japan,LIN,Racing Bulls,1.0,MEDIUM,11.0,11.0,97.139,36.015,42.75,18.374,True,R03_Japan_LIN_S1,16
R03_Japan,LIN,Racing Bulls,1.0,MEDIUM,12.0,12.0,98.709,36.17,44.055,18.484,True,R03_Japan_LIN_S1,16
R03_Japan,LIN,Racing Bulls,1.0,MEDIUM,13.0,13.0,96.242,35.425,42.63,18.187,True,R03_Japan_LIN_S1,16
R03_Japan,LIN,Racing Bulls,1.0,MEDIUM,14.0,14.0,96.534,35.72,42.676,18.138,True,R03_Japan_LIN_S1,16
R03_Japan,LIN,Racing Bulls,1.0,MEDIUM,15.0,15.0,97.289,35.76,42.641,18.888,True,R03_Japan_LIN_S1,16
R03_Japan,LIN,Racing Bulls,1.0,MEDIUM,16.0,16.0,96.823,35.876,42.795,18.152,True,R03_Japan_LIN_S1,16
R03_Japan,LIN,Racing Bulls,1.0,MEDIUM,17.0,17.0,96.552,35.749,42.723,18.08,True,R03_Japan_LIN_S1,16
R03_Japan,LIN,Racing Bulls,2.0,HARD,2.0,20.0,95.464,35.291,42.231,17.942,True,R03_Japan_LIN_S2,27
R03_Japan,LIN,Racing Bulls,2.0,HARD,10.0,28.0,96.421,35.618,42.743,18.06,True,R03_Japan_LIN_S2,27
R03_Japan,LIN,Racing Bulls,2.0,HARD,11.0,29.0,96.405,35.954,42.283,18.168,True,R03_Japan_LIN_S2,27
R03_Japan,LIN,Racing Bulls,2.0,HARD,12.0,30.0,95.724,35.576,41.947,18.201,True,R03_Japan_LIN_S2,27
R03_Japan,LIN,Racing Bulls,2.0,HARD,13.0,31.0,95.962,35.809,42.126,18.027,True,R03_Japan_LIN_S2,27
R03_Japan,LIN,Racing Bulls,2.0,HARD,14.0,32.0,95.137,35.129,41.998,18.01,True,R03_Japan_LIN_S2,27
R03_Japan,LIN,Racing Bulls,2.0,HARD,15.0,33.0,95.16,35.082,42.064,18.014,True,R03_Japan_LIN_S2,27
R03_Japan,LIN,Racing Bulls,2.0,HARD,16.0,34.0,95.225,35.135,42.058,18.032,True,R03_Japan_LIN_S2,27
R03_Japan,LIN,Racing Bulls,2.0,HARD,17.0,35.0,95.402,35.135,42.177,18.09,True,R03_Japan_LIN_S2,27
R03_Japan,LIN,Racing Bulls,2.0,HARD,18.0,36.0,94.96,35.085,41.897,17.978,True,R03_Japan_LIN_S2,27
R03_Japan,LIN,Racing Bulls,2.0,HARD,19.0,37.0,94.86,34.979,41.911,17.97,True,R03_Japan_LIN_S2,27
R03_Japan,LIN,Racing Bulls,2.0,HARD,20.0,38.0,94.723,34.81,41.924,17.989,True,R03_Japan_LIN_S2,27
R03_Japan,LIN,Racing Bulls,2.0,HARD,21.0,39.0,95.096,35.136,41.882,18.078,True,R03_Japan_LIN_S2,27
R03_Japan,LIN,Racing Bulls,2.0,HARD,22.0,40.0,94.521,34.906,41.714,17.901,True,R03_Japan_LIN_S2,27
R03_Japan,LIN,Racing Bulls,2.0,HARD,23.0,41.0,94.853,35.025,41.888,17.94,True,R03_Japan_LIN_S2,27
R03_Japan,LIN,Racing Bulls,2.0,HARD,24.0,42.0,94.964,35.04,41.929,17.995,True,R03_Japan_LIN_S2,27
R03_Japan,LIN,Racing Bulls,2.0,HARD,25.0,43.0,94.885,34.963,41.894,18.028,True,R03_Japan_LIN_S2,27
R03_Japan,LIN,Racing Bulls,2.0,HARD,26.0,44.0,94.769,34.864,41.786,18.119,True,R03_Japan_LIN_S2,27
R03_Japan,LIN,Racing Bulls,2.0,HARD,27.0,45.0,94.733,34.901,41.829,18.003,True,R03_Japan_LIN_S2,27
R03_Japan,LIN,Racing Bulls,2.0,HARD,28.0,46.0,94.676,34.943,41.86,17.873,True,R03_Japan_LIN_S2,27
R03_Japan,LIN,Racing Bulls,2.0,HARD,29.0,47.0,94.716,35.031,41.799,17.886,True,R03_Japan_LIN_S2,27
R03_Japan,LIN,Racing Bulls,2.0,HARD,30.0,48.0,94.872,34.954,41.968,17.95,True,R03_Japan_LIN_S2,27
R03_Japan,LIN,Racing Bulls,2.0,HARD,31.0,49.0,95.229,35.134,42.023,18.072,True,R03_Japan_LIN_S2,27
R03_Japan,LIN,Racing Bulls,2.0,HARD,32.0,50.0,94.845,34.92,41.918,18.007,True,R03_Japan_LIN_S2,27
R03_Japan,LIN,Racing Bulls,2.0,HARD,33.0,51.0,94.6,34.881,41.792,17.927,True,R03_Japan_LIN_S2,27
R03_Japan,LIN,Racing Bulls,2.0,HARD,34.0,52.0,94.585,34.959,41.698,17.928,True,R03_Japan_LIN_S2,27
R03_Japan,LIN,Racing Bulls,2.0,HARD,35.0,53.0,94.314,34.946,41.569,17.799,True,R03_Japan_LIN_S2,27
R03_Japan,NOR,McLaren,1.0,MEDIUM,1.0,1.0,97.206,,42.011,18.104,True,R03_Japan_NOR_S1,15
R03_Japan,NOR,McLaren,1.0,MEDIUM,2.0,2.0,94.905,34.856,42.12,17.929,True,R03_Japan_NOR_S1,15
R03_Japan,NOR,McLaren,1.0,MEDIUM,3.0,3.0,96.301,36.026,42.108,18.167,True,R03_Japan_NOR_S1,15
R03_Japan,NOR,McLaren,1.0,MEDIUM,4.0,4.0,95.451,35.147,42.19,18.114,True,R03_Japan_NOR_S1,15
R03_Japan,NOR,McLaren,1.0,MEDIUM,5.0,5.0,95.17,34.925,42.206,18.039,True,R03_Japan_NOR_S1,15
R03_Japan,NOR,McLaren,1.0,MEDIUM,6.0,6.0,95.051,34.901,42.063,18.087,True,R03_Japan_NOR_S1,15
R03_Japan,NOR,McLaren,1.0,MEDIUM,7.0,7.0,95.045,34.741,42.156,18.148,True,R03_Japan_NOR_S1,15
R03_Japan,NOR,McLaren,1.0,MEDIUM,8.0,8.0,95.247,34.769,42.234,18.244,True,R03_Japan_NOR_S1,15
R03_Japan,NOR,McLaren,1.0,MEDIUM,9.0,9.0,95.672,35.184,42.166,18.322,True,R03_Japan_NOR_S1,15
R03_Japan,NOR,McLaren,1.0,MEDIUM,10.0,10.0,95.228,34.968,42.231,18.029,True,R03_Japan_NOR_S1,15
R03_Japan,NOR,McLaren,1.0,MEDIUM,11.0,11.0,96.219,35.055,42.309,18.855,True,R03_Japan_NOR_S1,15
R03_Japan,NOR,McLaren,1.0,MEDIUM,12.0,12.0,95.457,35.369,42.136,17.952,True,R03_Japan_NOR_S1,15
R03_Japan,NOR,McLaren,1.0,MEDIUM,13.0,13.0,95.079,35.0,42.106,17.973,True,R03_Japan_NOR_S1,15
R03_Japan,NOR,McLaren,1.0,MEDIUM,14.0,14.0,95.339,35.006,42.32,18.013,True,R03_Japan_NOR_S1,15
R03_Japan,NOR,McLaren,1.0,MEDIUM,15.0,15.0,95.315,34.906,42.361,18.048,True,R03_Japan_NOR_S1,15
R03_Japan,NOR,McLaren,2.0,HARD,2.0,18.0,94.916,34.876,41.988,18.052,True,R03_Japan_NOR_S2,30
R03_Japan,NOR,McLaren,2.0,HARD,3.0,19.0,94.285,34.516,41.804,17.965,True,R03_Japan_NOR_S2,30
R03_Japan,NOR,McLaren,2.0,HARD,4.0,20.0,93.771,34.258,41.67,17.843,True,R03_Japan_NOR_S2,30
R03_Japan,NOR,McLaren,2.0,HARD,5.0,21.0,94.161,34.402,41.856,17.903,True,R03_Japan_NOR_S2,30
R03_Japan,NOR,McLaren,2.0,HARD,12.0,28.0,95.248,35.273,42.048,17.927,True,R03_Japan_NOR_S2,30
R03_Japan,NOR,McLaren,2.0,HARD,13.0,29.0,94.083,34.396,41.948,17.739,True,R03_Japan_NOR_S2,30
R03_Japan,NOR,McLaren,2.0,HARD,14.0,30.0,93.851,34.362,41.618,17.871,True,R03_Japan_NOR_S2,30
R03_Japan,NOR,McLaren,2.0,HARD,15.0,31.0,94.131,34.461,41.767,17.903,True,R03_Japan_NOR_S2,30
R03_Japan,NOR,McLaren,2.0,HARD,16.0,32.0,94.419,34.65,41.795,17.974,True,R03_Japan_NOR_S2,30
R03_Japan,NOR,McLaren,2.0,HARD,17.0,33.0,93.787,34.252,41.655,17.88,True,R03_Japan_NOR_S2,30
R03_Japan,NOR,McLaren,2.0,HARD,18.0,34.0,93.494,34.05,41.548,17.896,True,R03_Japan_NOR_S2,30
R03_Japan,NOR,McLaren,2.0,HARD,19.0,35.0,93.58,34.059,41.642,17.879,True,R03_Japan_NOR_S2,30
R03_Japan,NOR,McLaren,2.0,HARD,20.0,36.0,93.359,34.073,41.466,17.82,True,R03_Japan_NOR_S2,30
R03_Japan,NOR,McLaren,2.0,HARD,21.0,37.0,93.602,34.074,41.651,17.877,True,R03_Japan_NOR_S2,30
R03_Japan,NOR,McLaren,2.0,HARD,22.0,38.0,93.455,34.042,41.593,17.82,True,R03_Japan_NOR_S2,30
R03_Japan,NOR,McLaren,2.0,HARD,23.0,39.0,93.679,34.167,41.669,17.843,True,R03_Japan_NOR_S2,30
R03_Japan,NOR,McLaren,2.0,HARD,24.0,40.0,93.347,34.076,41.448,17.823,True,R03_Japan_NOR_S2,30
R03_Japan,NOR,McLaren,2.0,HARD,25.0,41.0,93.398,34.089,41.503,17.806,True,R03_Japan_NOR_S2,30
R03_Japan,NOR,McLaren,2.0,HARD,26.0,42.0,93.702,34.25,41.574,17.878,True,R03_Japan_NOR_S2,30
R03_Japan,NOR,McLaren,2.0,HARD,27.0,43.0,93.927,34.427,41.619,17.881,True,R03_Japan_NOR_S2,30
R03_Japan,NOR,McLaren,2.0,HARD,28.0,44.0,93.362,34.167,41.373,17.822,True,R03_Japan_NOR_S2,30
R03_Japan,NOR,McLaren,2.0,HARD,29.0,45.0,93.521,34.254,41.441,17.826,True,R03_Japan_NOR_S2,30
R03_Japan,NOR,McLaren,2.0,HARD,30.0,46.0,93.437,34.254,41.281,17.902,True,R03_Japan_NOR_S2,30
R03_Japan,NOR,McLaren,2.0,HARD,31.0,47.0,93.624,34.233,41.296,18.095,True,R03_Japan_NOR_S2,30
R03_Japan,NOR,McLaren,2.0,HARD,32.0,48.0,94.608,35.091,41.699,17.818,True,R03_Japan_NOR_S2,30
R03_Japan,NOR,McLaren,2.0,HARD,33.0,49.0,93.483,34.299,41.375,17.809,True,R03_Japan_NOR_S2,30
R03_Japan,NOR,McLaren,2.0,HARD,34.0,50.0,94.087,34.32,41.589,18.178,True,R03_Japan_NOR_S2,30
R03_Japan,NOR,McLaren,2.0,HARD,35.0,51.0,95.007,35.08,41.66,18.267,True,R03_Japan_NOR_S2,30
R03_Japan,NOR,McLaren,2.0,HARD,36.0,52.0,93.208,33.929,41.363,17.916,True,R03_Japan_NOR_S2,30
R03_Japan,NOR,McLaren,2.0,HARD,37.0,53.0,93.56,34.131,41.674,17.755,True,R03_Japan_NOR_S2,30
R03_Japan,OCO,Haas F1 Team,1.0,MEDIUM,2.0,2.0,96.654,35.386,42.561,18.707,True,R03_Japan_OCO_S1,17
R03_Japan,OCO,Haas F1 Team,1.0,MEDIUM,3.0,3.0,96.094,35.745,42.33,18.019,True,R03_Japan_OCO_S1,17
R03_Japan,OCO,Haas F1 Team,1.0,MEDIUM,4.0,4.0,95.956,35.434,42.395,18.127,True,R03_Japan_OCO_S1,17
R03_Japan,OCO,Haas F1 Team,1.0,MEDIUM,5.0,5.0,96.746,35.492,42.449,18.805,True,R03_Japan_OCO_S1,17
R03_Japan,OCO,Haas F1 Team,1.0,MEDIUM,6.0,6.0,96.55,35.711,42.569,18.27,True,R03_Japan_OCO_S1,17
R03_Japan,OCO,Haas F1 Team,1.0,MEDIUM,7.0,7.0,96.288,35.524,42.604,18.16,True,R03_Japan_OCO_S1,17
R03_Japan,OCO,Haas F1 Team,1.0,MEDIUM,8.0,8.0,95.822,35.434,42.322,18.066,True,R03_Japan_OCO_S1,17
R03_Japan,OCO,Haas F1 Team,1.0,MEDIUM,9.0,9.0,96.357,35.423,42.669,18.265,True,R03_Japan_OCO_S1,17
R03_Japan,OCO,Haas F1 Team,1.0,MEDIUM,10.0,10.0,96.43,35.578,42.565,18.287,True,R03_Japan_OCO_S1,17
R03_Japan,OCO,Haas F1 Team,1.0,MEDIUM,11.0,11.0,96.476,35.581,42.633,18.262,True,R03_Japan_OCO_S1,17
R03_Japan,OCO,Haas F1 Team,1.0,MEDIUM,12.0,12.0,96.593,35.653,42.664,18.276,True,R03_Japan_OCO_S1,17
R03_Japan,OCO,Haas F1 Team,1.0,MEDIUM,13.0,13.0,96.759,35.759,42.592,18.408,True,R03_Japan_OCO_S1,17
R03_Japan,OCO,Haas F1 Team,1.0,MEDIUM,14.0,14.0,96.706,35.739,42.639,18.328,True,R03_Japan_OCO_S1,17
R03_Japan,OCO,Haas F1 Team,1.0,MEDIUM,15.0,15.0,96.608,35.693,42.586,18.329,True,R03_Japan_OCO_S1,17
R03_Japan,OCO,Haas F1 Team,1.0,MEDIUM,16.0,16.0,96.779,35.75,42.699,18.33,True,R03_Japan_OCO_S1,17
R03_Japan,OCO,Haas F1 Team,1.0,MEDIUM,17.0,17.0,97.457,35.687,42.719,19.051,True,R03_Japan_OCO_S1,17
R03_Japan,OCO,Haas F1 Team,1.0,MEDIUM,18.0,18.0,96.456,35.804,42.384,18.268,True,R03_Japan_OCO_S1,17
R03_Japan,OCO,Haas F1 Team,2.0,HARD,9.0,28.0,96.64,35.637,42.438,18.565,True,R03_Japan_OCO_S2,26
R03_Japan,OCO,Haas F1 Team,2.0,HARD,10.0,29.0,94.428,34.967,41.652,17.809,True,R03_Japan_OCO_S2,26
R03_Japan,OCO,Haas F1 Team,2.0,HARD,11.0,30.0,94.872,34.906,42.002,17.964,True,R03_Japan_OCO_S2,26
R03_Japan,OCO,Haas F1 Team,2.0,HARD,12.0,31.0,94.631,34.816,41.835,17.98,True,R03_Japan_OCO_S2,26
R03_Japan,OCO,Haas F1 Team,2.0,HARD,13.0,32.0,94.665,34.937,41.793,17.935,True,R03_Japan_OCO_S2,26
R03_Japan,OCO,Haas F1 Team,2.0,HARD,14.0,33.0,94.697,34.877,41.879,17.941,True,R03_Japan_OCO_S2,26
R03_Japan,OCO,Haas F1 Team,2.0,HARD,15.0,34.0,94.773,34.848,41.837,18.088,True,R03_Japan_OCO_S2,26
R03_Japan,OCO,Haas F1 Team,2.0,HARD,16.0,35.0,94.881,34.875,41.765,18.241,True,R03_Japan_OCO_S2,26
R03_Japan,OCO,Haas F1 Team,2.0,HARD,17.0,36.0,94.717,35.01,41.69,18.017,True,R03_Japan_OCO_S2,26
R03_Japan,OCO,Haas F1 Team,2.0,HARD,18.0,37.0,94.858,34.796,41.713,18.349,True,R03_Japan_OCO_S2,26
R03_Japan,OCO,Haas F1 Team,2.0,HARD,19.0,38.0,94.878,35.085,41.782,18.011,True,R03_Japan_OCO_S2,26
R03_Japan,OCO,Haas F1 Team,2.0,HARD,20.0,39.0,94.348,34.724,41.705,17.919,True,R03_Japan_OCO_S2,26
R03_Japan,OCO,Haas F1 Team,2.0,HARD,21.0,40.0,94.789,34.907,41.793,18.089,True,R03_Japan_OCO_S2,26
R03_Japan,OCO,Haas F1 Team,2.0,HARD,22.0,41.0,94.787,34.891,41.848,18.048,True,R03_Japan_OCO_S2,26
R03_Japan,OCO,Haas F1 Team,2.0,HARD,23.0,42.0,94.903,35.039,41.7,18.164,True,R03_Japan_OCO_S2,26
R03_Japan,OCO,Haas F1 Team,2.0,HARD,24.0,43.0,94.863,35.056,41.752,18.055,True,R03_Japan_OCO_S2,26
R03_Japan,OCO,Haas F1 Team,2.0,HARD,25.0,44.0,94.968,35.191,41.683,18.094,True,R03_Japan_OCO_S2,26
R03_Japan,OCO,Haas F1 Team,2.0,HARD,26.0,45.0,94.967,35.109,41.755,18.103,True,R03_Japan_OCO_S2,26
R03_Japan,OCO,Haas F1 Team,2.0,HARD,27.0,46.0,94.785,35.019,41.713,18.053,True,R03_Japan_OCO_S2,26
R03_Japan,OCO,Haas F1 Team,2.0,HARD,28.0,47.0,94.917,35.092,41.752,18.073,True,R03_Japan_OCO_S2,26
R03_Japan,OCO,Haas F1 Team,2.0,HARD,29.0,48.0,94.692,34.981,41.62,18.091,True,R03_Japan_OCO_S2,26
R03_Japan,OCO,Haas F1 Team,2.0,HARD,30.0,49.0,94.766,35.057,41.698,18.011,True,R03_Japan_OCO_S2,26
R03_Japan,OCO,Haas F1 Team,2.0,HARD,31.0,50.0,94.669,34.997,41.675,17.997,True,R03_Japan_OCO_S2,26
R03_Japan,OCO,Haas F1 Team,2.0,HARD,32.0,51.0,94.389,35.044,41.452,17.893,True,R03_Japan_OCO_S2,26
R03_Japan,OCO,Haas F1 Team,2.0,HARD,33.0,52.0,94.268,34.846,41.504,17.918,True,R03_Japan_OCO_S2,26
R03_Japan,OCO,Haas F1 Team,2.0,HARD,34.0,53.0,94.256,34.859,41.56,17.837,True,R03_Japan_OCO_S2,26
R03_Japan,PER,Cadillac,1.0,MEDIUM,2.0,2.0,97.947,36.405,43.1,18.442,True,R03_Japan_PER_S1,18
R03_Japan,PER,Cadillac,1.0,MEDIUM,3.0,3.0,98.292,36.754,43.188,18.35,True,R03_Japan_PER_S1,18
R03_Japan,PER,Cadillac,1.0,MEDIUM,4.0,4.0,97.934,36.36,42.981,18.593,True,R03_Japan_PER_S1,18
R03_Japan,PER,Cadillac,1.0,MEDIUM,5.0,5.0,97.605,36.101,42.969,18.535,True,R03_Japan_PER_S1,18
R03_Japan,PER,Cadillac,1.0,MEDIUM,6.0,6.0,98.037,35.966,43.315,18.756,True,R03_Japan_PER_S1,18
R03_Japan,PER,Cadillac,1.0,MEDIUM,7.0,7.0,98.207,36.068,43.483,18.656,True,R03_Japan_PER_S1,18
R03_Japan,PER,Cadillac,1.0,MEDIUM,8.0,8.0,98.126,36.159,43.263,18.704,True,R03_Japan_PER_S1,18
R03_Japan,PER,Cadillac,1.0,MEDIUM,9.0,9.0,97.999,36.081,43.287,18.631,True,R03_Japan_PER_S1,18
R03_Japan,PER,Cadillac,1.0,MEDIUM,10.0,10.0,98.258,36.238,43.399,18.621,True,R03_Japan_PER_S1,18
R03_Japan,PER,Cadillac,1.0,MEDIUM,11.0,11.0,97.864,36.157,42.972,18.735,True,R03_Japan_PER_S1,18
R03_Japan,PER,Cadillac,1.0,MEDIUM,12.0,12.0,97.952,36.209,43.078,18.665,True,R03_Japan_PER_S1,18
R03_Japan,PER,Cadillac,1.0,MEDIUM,13.0,13.0,97.942,36.257,42.953,18.732,True,R03_Japan_PER_S1,18
R03_Japan,PER,Cadillac,1.0,MEDIUM,14.0,14.0,97.902,36.108,43.045,18.749,True,R03_Japan_PER_S1,18
R03_Japan,PER,Cadillac,1.0,MEDIUM,15.0,15.0,98.076,36.11,43.216,18.75,True,R03_Japan_PER_S1,18
R03_Japan,PER,Cadillac,1.0,MEDIUM,16.0,16.0,97.789,36.157,43.066,18.566,True,R03_Japan_PER_S1,18
R03_Japan,PER,Cadillac,1.0,MEDIUM,17.0,17.0,97.91,36.142,43.019,18.749,True,R03_Japan_PER_S1,18
R03_Japan,PER,Cadillac,1.0,MEDIUM,19.0,19.0,97.961,36.679,42.756,18.526,True,R03_Japan_PER_S1,18
R03_Japan,PER,Cadillac,1.0,MEDIUM,20.0,20.0,98.735,35.961,44.018,18.756,True,R03_Japan_PER_S1,18
R03_Japan,PER,Cadillac,2.0,HARD,7.0,28.0,96.988,35.861,42.705,18.422,True,R03_Japan_PER_S2,26
R03_Japan,PER,Cadillac,2.0,HARD,8.0,29.0,96.293,35.675,42.401,18.217,True,R03_Japan_PER_S2,26
R03_Japan,PER,Cadillac,2.0,HARD,9.0,30.0,96.86,35.791,42.817,18.252,True,R03_Japan_PER_S2,26
R03_Japan,PER,Cadillac,2.0,HARD,10.0,31.0,96.192,35.452,42.496,18.244,True,R03_Japan_PER_S2,26
R03_Japan,PER,Cadillac,2.0,HARD,11.0,32.0,96.564,35.572,42.567,18.425,True,R03_Japan_PER_S2,26
R03_Japan,PER,Cadillac,2.0,HARD,12.0,33.0,96.366,35.467,42.635,18.264,True,R03_Japan_PER_S2,26
R03_Japan,PER,Cadillac,2.0,HARD,13.0,34.0,96.37,35.418,42.607,18.345,True,R03_Japan_PER_S2,26
R03_Japan,PER,Cadillac,2.0,HARD,14.0,35.0,96.07,35.293,42.422,18.355,True,R03_Japan_PER_S2,26
R03_Japan,PER,Cadillac,2.0,HARD,15.0,36.0,96.238,35.308,42.528,18.402,True,R03_Japan_PER_S2,26
R03_Japan,PER,Cadillac,2.0,HARD,16.0,37.0,96.249,35.456,42.342,18.451,True,R03_Japan_PER_S2,26
R03_Japan,PER,Cadillac,2.0,HARD,17.0,38.0,96.365,35.413,42.431,18.521,True,R03_Japan_PER_S2,26
R03_Japan,PER,Cadillac,2.0,HARD,18.0,39.0,96.059,35.067,42.511,18.481,True,R03_Japan_PER_S2,26
R03_Japan,PER,Cadillac,2.0,HARD,19.0,40.0,96.26,35.202,42.536,18.522,True,R03_Japan_PER_S2,26
R03_Japan,PER,Cadillac,2.0,HARD,20.0,41.0,96.621,35.258,42.888,18.475,True,R03_Japan_PER_S2,26
R03_Japan,PER,Cadillac,2.0,HARD,21.0,42.0,96.226,35.361,42.323,18.542,True,R03_Japan_PER_S2,26
R03_Japan,PER,Cadillac,2.0,HARD,22.0,43.0,96.354,35.386,42.415,18.553,True,R03_Japan_PER_S2,26
R03_Japan,PER,Cadillac,2.0,HARD,23.0,44.0,96.229,35.373,42.342,18.514,True,R03_Japan_PER_S2,26
R03_Japan,PER,Cadillac,2.0,HARD,24.0,45.0,96.161,35.299,42.393,18.469,True,R03_Japan_PER_S2,26
R03_Japan,PER,Cadillac,2.0,HARD,25.0,46.0,96.088,35.315,42.305,18.468,True,R03_Japan_PER_S2,26
R03_Japan,PER,Cadillac,2.0,HARD,26.0,47.0,96.104,35.261,42.331,18.512,True,R03_Japan_PER_S2,26
R03_Japan,PER,Cadillac,2.0,HARD,27.0,48.0,95.96,35.222,42.185,18.553,True,R03_Japan_PER_S2,26
R03_Japan,PER,Cadillac,2.0,HARD,28.0,49.0,96.18,35.3,42.372,18.508,True,R03_Japan_PER_S2,26
R03_Japan,PER,Cadillac,2.0,HARD,29.0,50.0,96.069,35.36,42.25,18.459,True,R03_Japan_PER_S2,26
R03_Japan,PER,Cadillac,2.0,HARD,30.0,51.0,95.994,35.164,42.324,18.506,True,R03_Japan_PER_S2,26
R03_Japan,PER,Cadillac,2.0,HARD,31.0,52.0,95.704,35.165,42.243,18.296,True,R03_Japan_PER_S2,26
R03_Japan,PER,Cadillac,2.0,HARD,32.0,53.0,95.637,35.104,42.095,18.438,True,R03_Japan_PER_S2,26
R03_Japan,PIA,McLaren,1.0,MEDIUM,1.0,1.0,95.268,,41.939,18.112,True,R03_Japan_PIA_S1,17
R03_Japan,PIA,McLaren,1.0,MEDIUM,2.0,2.0,94.949,34.349,42.319,18.281,True,R03_Japan_PIA_S1,17
R03_Japan,PIA,McLaren,1.0,MEDIUM,3.0,3.0,94.999,34.51,42.299,18.19,True,R03_Japan_PIA_S1,17
R03_Japan,PIA,McLaren,1.0,MEDIUM,4.0,4.0,95.136,34.595,42.378,18.163,True,R03_Japan_PIA_S1,17
R03_Japan,PIA,McLaren,1.0,MEDIUM,5.0,5.0,95.124,34.698,42.189,18.237,True,R03_Japan_PIA_S1,17
R03_Japan,PIA,McLaren,1.0,MEDIUM,6.0,6.0,95.109,34.75,42.041,18.318,True,R03_Japan_PIA_S1,17
R03_Japan,PIA,McLaren,1.0,MEDIUM,7.0,7.0,95.078,34.677,42.099,18.302,True,R03_Japan_PIA_S1,17
R03_Japan,PIA,McLaren,1.0,MEDIUM,8.0,8.0,95.815,34.664,42.178,18.973,True,R03_Japan_PIA_S1,17
R03_Japan,PIA,McLaren,1.0,MEDIUM,9.0,9.0,94.793,34.579,42.047,18.167,True,R03_Japan_PIA_S1,17
R03_Japan,PIA,McLaren,1.0,MEDIUM,10.0,10.0,95.111,34.906,42.079,18.126,True,R03_Japan_PIA_S1,17
R03_Japan,PIA,McLaren,1.0,MEDIUM,11.0,11.0,95.419,34.898,42.258,18.263,True,R03_Japan_PIA_S1,17
R03_Japan,PIA,McLaren,1.0,MEDIUM,12.0,12.0,95.108,34.982,41.999,18.127,True,R03_Japan_PIA_S1,17
R03_Japan,PIA,McLaren,1.0,MEDIUM,13.0,13.0,94.856,34.656,42.081,18.119,True,R03_Japan_PIA_S1,17
R03_Japan,PIA,McLaren,1.0,MEDIUM,14.0,14.0,95.095,34.746,42.149,18.2,True,R03_Japan_PIA_S1,17
R03_Japan,PIA,McLaren,1.0,MEDIUM,15.0,15.0,94.905,34.666,42.047,18.192,True,R03_Japan_PIA_S1,17
R03_Japan,PIA,McLaren,1.0,MEDIUM,16.0,16.0,94.885,34.712,41.994,18.179,True,R03_Japan_PIA_S1,17
R03_Japan,PIA,McLaren,1.0,MEDIUM,17.0,17.0,94.916,34.71,42.102,18.104,True,R03_Japan_PIA_S1,17
R03_Japan,PIA,McLaren,2.0,HARD,2.0,20.0,94.774,34.54,41.948,18.286,True,R03_Japan_PIA_S2,28
R03_Japan,PIA,McLaren,2.0,HARD,3.0,21.0,94.01,34.223,41.834,17.953,True,R03_Japan_PIA_S2,28
R03_Japan,PIA,McLaren,2.0,HARD,10.0,28.0,94.314,34.687,41.607,18.02,True,R03_Japan_PIA_S2,28
R03_Japan,PIA,McLaren,2.0,HARD,11.0,29.0,93.667,34.162,41.491,18.014,True,R03_Japan_PIA_S2,28
R03_Japan,PIA,McLaren,2.0,HARD,12.0,30.0,93.699,34.171,41.504,18.024,True,R03_Japan_PIA_S2,28
R03_Japan,PIA,McLaren,2.0,HARD,13.0,31.0,93.41,34.117,41.379,17.914,True,R03_Japan_PIA_S2,28
R03_Japan,PIA,McLaren,2.0,HARD,14.0,32.0,93.605,34.092,41.588,17.925,True,R03_Japan_PIA_S2,28
R03_Japan,PIA,McLaren,2.0,HARD,15.0,33.0,93.484,33.973,41.471,18.04,True,R03_Japan_PIA_S2,28
R03_Japan,PIA,McLaren,2.0,HARD,16.0,34.0,93.401,33.983,41.44,17.978,True,R03_Japan_PIA_S2,28
R03_Japan,PIA,McLaren,2.0,HARD,17.0,35.0,93.509,34.01,41.429,18.07,True,R03_Japan_PIA_S2,28
R03_Japan,PIA,McLaren,2.0,HARD,18.0,36.0,93.411,34.037,41.413,17.961,True,R03_Japan_PIA_S2,28
R03_Japan,PIA,McLaren,2.0,HARD,19.0,37.0,93.708,34.143,41.53,18.035,True,R03_Japan_PIA_S2,28
R03_Japan,PIA,McLaren,2.0,HARD,20.0,38.0,93.712,34.06,41.632,18.02,True,R03_Japan_PIA_S2,28
R03_Japan,PIA,McLaren,2.0,HARD,21.0,39.0,93.467,34.091,41.454,17.922,True,R03_Japan_PIA_S2,28
R03_Japan,PIA,McLaren,2.0,HARD,22.0,40.0,93.469,33.973,41.488,18.008,True,R03_Japan_PIA_S2,28
R03_Japan,PIA,McLaren,2.0,HARD,23.0,41.0,93.764,34.144,41.495,18.125,True,R03_Japan_PIA_S2,28
R03_Japan,PIA,McLaren,2.0,HARD,24.0,42.0,93.513,34.093,41.428,17.992,True,R03_Japan_PIA_S2,28
R03_Japan,PIA,McLaren,2.0,HARD,25.0,43.0,93.518,34.075,41.509,17.934,True,R03_Japan_PIA_S2,28
R03_Japan,PIA,McLaren,2.0,HARD,26.0,44.0,93.431,34.012,41.389,18.03,True,R03_Japan_PIA_S2,28
R03_Japan,PIA,McLaren,2.0,HARD,27.0,45.0,93.523,34.114,41.348,18.061,True,R03_Japan_PIA_S2,28
R03_Japan,PIA,McLaren,2.0,HARD,28.0,46.0,93.329,34.061,41.333,17.935,True,R03_Japan_PIA_S2,28
R03_Japan,PIA,McLaren,2.0,HARD,29.0,47.0,93.197,34.033,41.308,17.856,True,R03_Japan_PIA_S2,28
R03_Japan,PIA,McLaren,2.0,HARD,30.0,48.0,93.371,34.061,41.467,17.843,True,R03_Japan_PIA_S2,28
R03_Japan,PIA,McLaren,2.0,HARD,31.0,49.0,92.996,33.887,41.221,17.888,True,R03_Japan_PIA_S2,28
R03_Japan,PIA,McLaren,2.0,HARD,32.0,50.0,93.266,34.063,41.329,17.874,True,R03_Japan_PIA_S2,28
R03_Japan,PIA,McLaren,2.0,HARD,33.0,51.0,93.826,34.227,41.683,17.916,True,R03_Japan_PIA_S2,28
R03_Japan,PIA,McLaren,2.0,HARD,34.0,52.0,93.012,33.922,41.214,17.876,True,R03_Japan_PIA_S2,28
R03_Japan,PIA,McLaren,2.0,HARD,35.0,53.0,93.294,34.027,41.299,17.968,True,R03_Japan_PIA_S2,28
R03_Japan,RUS,Mercedes,1.0,MEDIUM,1.0,1.0,97.823,,42.185,18.12,True,R03_Japan_RUS_S1,20
R03_Japan,RUS,Mercedes,1.0,MEDIUM,2.0,2.0,94.87,34.783,42.088,17.999,True,R03_Japan_RUS_S1,20
R03_Japan,RUS,Mercedes,1.0,MEDIUM,3.0,3.0,94.469,34.607,41.961,17.901,True,R03_Japan_RUS_S1,20
R03_Japan,RUS,Mercedes,1.0,MEDIUM,4.0,4.0,94.772,34.436,42.195,18.141,True,R03_Japan_RUS_S1,20
R03_Japan,RUS,Mercedes,1.0,MEDIUM,5.0,5.0,94.71,34.451,42.108,18.151,True,R03_Japan_RUS_S1,20
R03_Japan,RUS,Mercedes,1.0,MEDIUM,6.0,6.0,94.796,34.456,42.072,18.268,True,R03_Japan_RUS_S1,20
R03_Japan,RUS,Mercedes,1.0,MEDIUM,7.0,7.0,94.741,34.482,42.048,18.211,True,R03_Japan_RUS_S1,20
R03_Japan,RUS,Mercedes,1.0,MEDIUM,8.0,8.0,95.043,34.77,42.117,18.156,True,R03_Japan_RUS_S1,20
R03_Japan,RUS,Mercedes,1.0,MEDIUM,9.0,9.0,96.042,35.533,42.332,18.177,True,R03_Japan_RUS_S1,20
R03_Japan,RUS,Mercedes,1.0,MEDIUM,10.0,10.0,94.936,34.609,42.201,18.126,True,R03_Japan_RUS_S1,20
R03_Japan,RUS,Mercedes,1.0,MEDIUM,11.0,11.0,95.332,34.769,42.341,18.222,True,R03_Japan_RUS_S1,20
R03_Japan,RUS,Mercedes,1.0,MEDIUM,12.0,12.0,95.078,34.843,42.145,18.09,True,R03_Japan_RUS_S1,20
R03_Japan,RUS,Mercedes,1.0,MEDIUM,13.0,13.0,95.249,34.86,42.196,18.193,True,R03_Japan_RUS_S1,20
R03_Japan,RUS,Mercedes,1.0,MEDIUM,14.0,14.0,95.101,34.618,42.273,18.21,True,R03_Japan_RUS_S1,20
R03_Japan,RUS,Mercedes,1.0,MEDIUM,15.0,15.0,95.148,34.763,42.185,18.2,True,R03_Japan_RUS_S1,20
R03_Japan,RUS,Mercedes,1.0,MEDIUM,16.0,16.0,95.253,34.914,42.194,18.145,True,R03_Japan_RUS_S1,20
R03_Japan,RUS,Mercedes,1.0,MEDIUM,17.0,17.0,95.033,34.748,42.094,18.191,True,R03_Japan_RUS_S1,20
R03_Japan,RUS,Mercedes,1.0,MEDIUM,18.0,18.0,94.788,34.72,42.014,18.054,True,R03_Japan_RUS_S1,20
R03_Japan,RUS,Mercedes,1.0,MEDIUM,19.0,19.0,94.987,34.88,41.951,18.156,True,R03_Japan_RUS_S1,20
R03_Japan,RUS,Mercedes,1.0,MEDIUM,20.0,20.0,94.523,34.585,41.875,18.063,True,R03_Japan_RUS_S1,20
R03_Japan,RUS,Mercedes,2.0,HARD,7.0,28.0,95.242,35.424,41.895,17.923,True,R03_Japan_RUS_S2,26
R03_Japan,RUS,Mercedes,2.0,HARD,8.0,29.0,93.717,33.919,41.836,17.962,True,R03_Japan_RUS_S2,26
R03_Japan,RUS,Mercedes,2.0,HARD,9.0,30.0,93.612,33.938,41.724,17.95,True,R03_Japan_RUS_S2,26
R03_Japan,RUS,Mercedes,2.0,HARD,10.0,31.0,93.905,34.028,41.902,17.975,True,R03_Japan_RUS_S2,26
R03_Japan,RUS,Mercedes,2.0,HARD,11.0,32.0,93.405,33.931,41.545,17.929,True,R03_Japan_RUS_S2,26
R03_Japan,RUS,Mercedes,2.0,HARD,12.0,33.0,93.5,33.804,41.766,17.93,True,R03_Japan_RUS_S2,26
R03_Japan,RUS,Mercedes,2.0,HARD,13.0,34.0,93.485,34.014,41.605,17.866,True,R03_Japan_RUS_S2,26
R03_Japan,RUS,Mercedes,2.0,HARD,14.0,35.0,93.336,33.81,41.623,17.903,True,R03_Japan_RUS_S2,26
R03_Japan,RUS,Mercedes,2.0,HARD,15.0,36.0,93.673,34.147,41.53,17.996,True,R03_Japan_RUS_S2,26
R03_Japan,RUS,Mercedes,2.0,HARD,16.0,37.0,94.808,34.018,42.917,17.873,True,R03_Japan_RUS_S2,26
R03_Japan,RUS,Mercedes,2.0,HARD,17.0,38.0,93.527,34.004,41.656,17.867,True,R03_Japan_RUS_S2,26
R03_Japan,RUS,Mercedes,2.0,HARD,18.0,39.0,93.454,33.847,41.71,17.897,True,R03_Japan_RUS_S2,26
R03_Japan,RUS,Mercedes,2.0,HARD,19.0,40.0,93.661,33.965,41.732,17.964,True,R03_Japan_RUS_S2,26
R03_Japan,RUS,Mercedes,2.0,HARD,20.0,41.0,94.191,34.04,42.182,17.969,True,R03_Japan_RUS_S2,26
R03_Japan,RUS,Mercedes,2.0,HARD,21.0,42.0,94.031,34.295,41.822,17.914,True,R03_Japan_RUS_S2,26
R03_Japan,RUS,Mercedes,2.0,HARD,22.0,43.0,92.897,33.743,41.267,17.887,True,R03_Japan_RUS_S2,26
R03_Japan,RUS,Mercedes,2.0,HARD,23.0,44.0,93.053,33.855,41.297,17.901,True,R03_Japan_RUS_S2,26
R03_Japan,RUS,Mercedes,2.0,HARD,24.0,45.0,93.274,34.007,41.291,17.976,True,R03_Japan_RUS_S2,26
R03_Japan,RUS,Mercedes,2.0,HARD,25.0,46.0,93.146,33.932,41.317,17.897,True,R03_Japan_RUS_S2,26
R03_Japan,RUS,Mercedes,2.0,HARD,26.0,47.0,93.176,34.003,41.236,17.937,True,R03_Japan_RUS_S2,26
R03_Japan,RUS,Mercedes,2.0,HARD,27.0,48.0,93.046,33.952,41.302,17.792,True,R03_Japan_RUS_S2,26
R03_Japan,RUS,Mercedes,2.0,HARD,28.0,49.0,93.354,33.998,41.433,17.923,True,R03_Japan_RUS_S2,26
R03_Japan,RUS,Mercedes,2.0,HARD,29.0,50.0,93.217,34.23,41.327,17.66,True,R03_Japan_RUS_S2,26
R03_Japan,RUS,Mercedes,2.0,HARD,30.0,51.0,94.088,35.005,41.347,17.736,True,R03_Japan_RUS_S2,26
R03_Japan,RUS,Mercedes,2.0,HARD,31.0,52.0,93.11,33.943,41.21,17.957,True,R03_Japan_RUS_S2,26
R03_Japan,RUS,Mercedes,2.0,HARD,32.0,53.0,92.549,33.932,41.039,17.578,True,R03_Japan_RUS_S2,26
R03_Japan,SAI,Williams,1.0,MEDIUM,2.0,2.0,97.798,36.606,43.083,18.109,True,R03_Japan_SAI_S1,19
R03_Japan,SAI,Williams,1.0,MEDIUM,3.0,3.0,97.881,36.168,43.519,18.194,True,R03_Japan_SAI_S1,19
R03_Japan,SAI,Williams,1.0,MEDIUM,4.0,4.0,97.39,36.109,42.996,18.285,True,R03_Japan_SAI_S1,19
R03_Japan,SAI,Williams,1.0,MEDIUM,5.0,5.0,96.72,35.749,42.798,18.173,True,R03_Japan_SAI_S1,19
R03_Japan,SAI,Williams,1.0,MEDIUM,6.0,6.0,97.683,35.966,43.259,18.458,True,R03_Japan_SAI_S1,19
R03_Japan,SAI,Williams,1.0,MEDIUM,7.0,7.0,97.362,35.877,43.114,18.371,True,R03_Japan_SAI_S1,19
R03_Japan,SAI,Williams,1.0,MEDIUM,8.0,8.0,96.893,35.793,42.856,18.244,True,R03_Japan_SAI_S1,19
R03_Japan,SAI,Williams,1.0,MEDIUM,9.0,9.0,96.848,35.646,42.962,18.24,True,R03_Japan_SAI_S1,19
R03_Japan,SAI,Williams,1.0,MEDIUM,10.0,10.0,96.761,35.784,42.737,18.24,True,R03_Japan_SAI_S1,19
R03_Japan,SAI,Williams,1.0,MEDIUM,11.0,11.0,96.489,35.621,42.656,18.212,True,R03_Japan_SAI_S1,19
R03_Japan,SAI,Williams,1.0,MEDIUM,12.0,12.0,97.374,35.856,43.242,18.276,True,R03_Japan_SAI_S1,19
R03_Japan,SAI,Williams,1.0,MEDIUM,13.0,13.0,96.893,35.851,42.778,18.264,True,R03_Japan_SAI_S1,19
R03_Japan,SAI,Williams,1.0,MEDIUM,14.0,14.0,97.031,35.771,42.618,18.642,True,R03_Japan_SAI_S1,19
R03_Japan,SAI,Williams,1.0,MEDIUM,15.0,15.0,97.747,36.621,42.84,18.286,True,R03_Japan_SAI_S1,19
R03_Japan,SAI,Williams,1.0,MEDIUM,16.0,16.0,96.557,35.85,42.579,18.128,True,R03_Japan_SAI_S1,19
R03_Japan,SAI,Williams,1.0,MEDIUM,17.0,17.0,96.914,35.955,42.742,18.217,True,R03_Japan_SAI_S1,19
R03_Japan,SAI,Williams,1.0,MEDIUM,18.0,18.0,96.768,35.859,42.634,18.275,True,R03_Japan_SAI_S1,19
R03_Japan,SAI,Williams,1.0,MEDIUM,19.0,19.0,96.593,35.678,42.653,18.262,True,R03_Japan_SAI_S1,19
R03_Japan,SAI,Williams,1.0,MEDIUM,20.0,20.0,96.46,35.716,42.514,18.23,True,R03_Japan_SAI_S1,19
R03_Japan,SAI,Williams,2.0,HARD,6.0,28.0,96.533,35.828,42.618,18.087,True,R03_Japan_SAI_S2,26
R03_Japan,SAI,Williams,2.0,HARD,7.0,29.0,96.427,35.712,42.58,18.135,True,R03_Japan_SAI_S2,26
R03_Japan,SAI,Williams,2.0,HARD,8.0,30.0,96.134,36.039,42.123,17.972,True,R03_Japan_SAI_S2,26
R03_Japan,SAI,Williams,2.0,HARD,9.0,31.0,96.121,35.494,42.382,18.245,True,R03_Japan_SAI_S2,26
R03_Japan,SAI,Williams,2.0,HARD,10.0,32.0,95.583,35.249,42.18,18.154,True,R03_Japan_SAI_S2,26
R03_Japan,SAI,Williams,2.0,HARD,11.0,33.0,95.094,35.121,42.062,17.911,True,R03_Japan_SAI_S2,26
R03_Japan,SAI,Williams,2.0,HARD,12.0,34.0,95.138,35.11,42.027,18.001,True,R03_Japan_SAI_S2,26
R03_Japan,SAI,Williams,2.0,HARD,13.0,35.0,95.085,34.969,42.119,17.997,True,R03_Japan_SAI_S2,26
R03_Japan,SAI,Williams,2.0,HARD,14.0,36.0,94.903,35.041,41.875,17.987,True,R03_Japan_SAI_S2,26
R03_Japan,SAI,Williams,2.0,HARD,15.0,37.0,94.992,35.103,41.869,18.02,True,R03_Japan_SAI_S2,26
R03_Japan,SAI,Williams,2.0,HARD,16.0,38.0,94.514,34.883,41.694,17.937,True,R03_Japan_SAI_S2,26
R03_Japan,SAI,Williams,2.0,HARD,17.0,39.0,95.177,35.146,42.018,18.013,True,R03_Japan_SAI_S2,26
R03_Japan,SAI,Williams,2.0,HARD,18.0,40.0,94.926,35.058,41.928,17.94,True,R03_Japan_SAI_S2,26
R03_Japan,SAI,Williams,2.0,HARD,19.0,41.0,95.064,35.056,42.032,17.976,True,R03_Japan_SAI_S2,26
R03_Japan,SAI,Williams,2.0,HARD,20.0,42.0,95.071,35.004,42.007,18.06,True,R03_Japan_SAI_S2,26
R03_Japan,SAI,Williams,2.0,HARD,21.0,43.0,95.246,35.171,41.982,18.093,True,R03_Japan_SAI_S2,26
R03_Japan,SAI,Williams,2.0,HARD,22.0,44.0,95.054,35.049,41.858,18.147,True,R03_Japan_SAI_S2,26
R03_Japan,SAI,Williams,2.0,HARD,23.0,45.0,95.017,35.142,41.847,18.028,True,R03_Japan_SAI_S2,26
R03_Japan,SAI,Williams,2.0,HARD,24.0,46.0,95.307,35.025,42.169,18.113,True,R03_Japan_SAI_S2,26
R03_Japan,SAI,Williams,2.0,HARD,25.0,47.0,94.97,34.992,41.913,18.065,True,R03_Japan_SAI_S2,26
R03_Japan,SAI,Williams,2.0,HARD,26.0,48.0,95.021,35.043,41.931,18.047,True,R03_Japan_SAI_S2,26
R03_Japan,SAI,Williams,2.0,HARD,27.0,49.0,95.093,35.061,41.895,18.137,True,R03_Japan_SAI_S2,26
R03_Japan,SAI,Williams,2.0,HARD,28.0,50.0,95.218,35.137,42.003,18.078,True,R03_Japan_SAI_S2,26
R03_Japan,SAI,Williams,2.0,HARD,29.0,51.0,95.356,35.142,42.04,18.174,True,R03_Japan_SAI_S2,26
R03_Japan,SAI,Williams,2.0,HARD,30.0,52.0,94.661,34.997,41.652,18.012,True,R03_Japan_SAI_S2,26
R03_Japan,SAI,Williams,2.0,HARD,31.0,53.0,94.539,34.85,41.785,17.904,True,R03_Japan_SAI_S2,26
R03_Japan,STR,Aston Martin,1.0,MEDIUM,2.0,2.0,98.369,35.693,44.13,18.546,True,R03_Japan_STR_S1,19
R03_Japan,STR,Aston Martin,1.0,MEDIUM,3.0,3.0,98.229,36.126,43.543,18.56,True,R03_Japan_STR_S1,19
R03_Japan,STR,Aston Martin,1.0,MEDIUM,4.0,4.0,98.587,36.248,43.686,18.653,True,R03_Japan_STR_S1,19
R03_Japan,STR,Aston Martin,1.0,MEDIUM,5.0,5.0,98.426,36.258,43.604,18.564,True,R03_Japan_STR_S1,19
R03_Japan,STR,Aston Martin,1.0,MEDIUM,6.0,6.0,98.617,36.306,43.703,18.608,True,R03_Japan_STR_S1,19
R03_Japan,STR,Aston Martin,1.0,MEDIUM,7.0,7.0,98.462,36.301,43.619,18.542,True,R03_Japan_STR_S1,19
R03_Japan,STR,Aston Martin,1.0,MEDIUM,8.0,8.0,97.683,35.578,43.5,18.605,True,R03_Japan_STR_S1,19
R03_Japan,STR,Aston Martin,1.0,MEDIUM,9.0,9.0,98.199,36.017,43.604,18.578,True,R03_Japan_STR_S1,19
R03_Japan,STR,Aston Martin,1.0,MEDIUM,10.0,10.0,98.293,36.207,43.553,18.533,True,R03_Japan_STR_S1,19
R03_Japan,STR,Aston Martin,1.0,MEDIUM,11.0,11.0,98.051,36.153,43.493,18.405,True,R03_Japan_STR_S1,19
R03_Japan,STR,Aston Martin,1.0,MEDIUM,12.0,12.0,98.622,36.487,43.52,18.615,True,R03_Japan_STR_S1,19
R03_Japan,STR,Aston Martin,1.0,MEDIUM,13.0,13.0,98.454,36.333,43.528,18.593,True,R03_Japan_STR_S1,19
R03_Japan,STR,Aston Martin,1.0,MEDIUM,14.0,14.0,98.187,36.224,43.407,18.556,True,R03_Japan_STR_S1,19
R03_Japan,STR,Aston Martin,1.0,MEDIUM,15.0,15.0,98.853,36.307,43.705,18.841,True,R03_Japan_STR_S1,19
R03_Japan,STR,Aston Martin,1.0,MEDIUM,16.0,16.0,98.427,36.304,43.531,18.592,True,R03_Japan_STR_S1,19
R03_Japan,STR,Aston Martin,1.0,MEDIUM,17.0,17.0,98.576,36.566,43.4,18.61,True,R03_Japan_STR_S1,19
R03_Japan,STR,Aston Martin,1.0,MEDIUM,18.0,18.0,98.454,36.307,43.35,18.797,True,R03_Japan_STR_S1,19
R03_Japan,STR,Aston Martin,1.0,MEDIUM,19.0,19.0,98.372,36.404,43.347,18.621,True,R03_Japan_STR_S1,19
R03_Japan,STR,Aston Martin,1.0,MEDIUM,20.0,20.0,98.406,36.487,43.281,18.638,True,R03_Japan_STR_S1,19
R03_Japan,VER,Red Bull Racing,1.0,MEDIUM,2.0,2.0,96.628,35.473,42.663,18.492,True,R03_Japan_VER_S1,20
R03_Japan,VER,Red Bull Racing,1.0,MEDIUM,3.0,3.0,95.854,35.305,42.498,18.051,True,R03_Japan_VER_S1,20
R03_Japan,VER,Red Bull Racing,1.0,MEDIUM,4.0,4.0,95.867,35.056,42.81,18.001,True,R03_Japan_VER_S1,20
R03_Japan,VER,Red Bull Racing,1.0,MEDIUM,5.0,5.0,96.922,35.458,42.643,18.821,True,R03_Japan_VER_S1,20
R03_Japan,VER,Red Bull Racing,1.0,MEDIUM,6.0,6.0,96.551,35.563,42.653,18.335,True,R03_Japan_VER_S1,20
R03_Japan,VER,Red Bull Racing,1.0,MEDIUM,7.0,7.0,96.067,35.268,42.598,18.201,True,R03_Japan_VER_S1,20
R03_Japan,VER,Red Bull Racing,1.0,MEDIUM,8.0,8.0,95.725,35.14,42.393,18.192,True,R03_Japan_VER_S1,20
R03_Japan,VER,Red Bull Racing,1.0,MEDIUM,9.0,9.0,95.848,35.198,42.48,18.17,True,R03_Japan_VER_S1,20
R03_Japan,VER,Red Bull Racing,1.0,MEDIUM,10.0,10.0,95.727,35.185,42.363,18.179,True,R03_Japan_VER_S1,20
R03_Japan,VER,Red Bull Racing,1.0,MEDIUM,11.0,11.0,95.63,35.108,42.365,18.157,True,R03_Japan_VER_S1,20
R03_Japan,VER,Red Bull Racing,1.0,MEDIUM,12.0,12.0,95.699,35.114,42.493,18.092,True,R03_Japan_VER_S1,20
R03_Japan,VER,Red Bull Racing,1.0,MEDIUM,13.0,13.0,95.755,35.148,42.377,18.23,True,R03_Japan_VER_S1,20
R03_Japan,VER,Red Bull Racing,1.0,MEDIUM,14.0,14.0,95.773,35.216,42.33,18.227,True,R03_Japan_VER_S1,20
R03_Japan,VER,Red Bull Racing,1.0,MEDIUM,15.0,15.0,95.652,35.161,42.323,18.168,True,R03_Japan_VER_S1,20
R03_Japan,VER,Red Bull Racing,1.0,MEDIUM,16.0,16.0,95.587,35.182,42.293,18.112,True,R03_Japan_VER_S1,20
R03_Japan,VER,Red Bull Racing,1.0,MEDIUM,17.0,17.0,95.535,35.183,42.225,18.127,True,R03_Japan_VER_S1,20
R03_Japan,VER,Red Bull Racing,1.0,MEDIUM,18.0,18.0,95.608,35.281,42.174,18.153,True,R03_Japan_VER_S1,20
R03_Japan,VER,Red Bull Racing,1.0,MEDIUM,19.0,19.0,95.587,35.158,42.259,18.17,True,R03_Japan_VER_S1,20
R03_Japan,VER,Red Bull Racing,1.0,MEDIUM,20.0,20.0,95.6,35.168,42.207,18.225,True,R03_Japan_VER_S1,20
R03_Japan,VER,Red Bull Racing,1.0,MEDIUM,21.0,21.0,96.124,35.756,42.291,18.077,True,R03_Japan_VER_S1,20
R03_Japan,VER,Red Bull Racing,2.0,HARD,6.0,28.0,96.011,35.822,42.075,18.114,True,R03_Japan_VER_S2,26
R03_Japan,VER,Red Bull Racing,2.0,HARD,7.0,29.0,94.141,34.434,41.754,17.953,True,R03_Japan_VER_S2,26
R03_Japan,VER,Red Bull Racing,2.0,HARD,8.0,30.0,94.752,34.815,41.938,17.999,True,R03_Japan_VER_S2,26
R03_Japan,VER,Red Bull Racing,2.0,HARD,9.0,31.0,94.295,34.448,41.837,18.01,True,R03_Japan_VER_S2,26
R03_Japan,VER,Red Bull Racing,2.0,HARD,10.0,32.0,94.128,34.441,41.692,17.995,True,R03_Japan_VER_S2,26
R03_Japan,VER,Red Bull Racing,2.0,HARD,11.0,33.0,93.925,34.545,41.563,17.817,True,R03_Japan_VER_S2,26
R03_Japan,VER,Red Bull Racing,2.0,HARD,12.0,34.0,93.841,34.33,41.606,17.905,True,R03_Japan_VER_S2,26
R03_Japan,VER,Red Bull Racing,2.0,HARD,13.0,35.0,93.861,34.372,41.535,17.954,True,R03_Japan_VER_S2,26
R03_Japan,VER,Red Bull Racing,2.0,HARD,14.0,36.0,93.97,34.352,41.671,17.947,True,R03_Japan_VER_S2,26
R03_Japan,VER,Red Bull Racing,2.0,HARD,15.0,37.0,93.852,34.399,41.527,17.926,True,R03_Japan_VER_S2,26
R03_Japan,VER,Red Bull Racing,2.0,HARD,16.0,38.0,94.052,34.373,41.678,18.001,True,R03_Japan_VER_S2,26
R03_Japan,VER,Red Bull Racing,2.0,HARD,17.0,39.0,94.139,34.307,41.796,18.036,True,R03_Japan_VER_S2,26
R03_Japan,VER,Red Bull Racing,2.0,HARD,18.0,40.0,93.988,34.119,41.737,18.132,True,R03_Japan_VER_S2,26
R03_Japan,VER,Red Bull Racing,2.0,HARD,19.0,41.0,93.552,34.037,41.637,17.878,True,R03_Japan_VER_S2,26
R03_Japan,VER,Red Bull Racing,2.0,HARD,20.0,42.0,93.706,34.322,41.537,17.847,True,R03_Japan_VER_S2,26
R03_Japan,VER,Red Bull Racing,2.0,HARD,21.0,43.0,94.147,34.453,41.674,18.02,True,R03_Japan_VER_S2,26
R03_Japan,VER,Red Bull Racing,2.0,HARD,22.0,44.0,94.215,34.38,41.583,18.252,True,R03_Japan_VER_S2,26
R03_Japan,VER,Red Bull Racing,2.0,HARD,23.0,45.0,94.346,34.581,41.61,18.155,True,R03_Japan_VER_S2,26
R03_Japan,VER,Red Bull Racing,2.0,HARD,24.0,46.0,93.911,34.288,41.644,17.979,True,R03_Japan_VER_S2,26
R03_Japan,VER,Red Bull Racing,2.0,HARD,25.0,47.0,93.886,34.46,41.453,17.973,True,R03_Japan_VER_S2,26
R03_Japan,VER,Red Bull Racing,2.0,HARD,26.0,48.0,93.704,34.278,41.474,17.952,True,R03_Japan_VER_S2,26
R03_Japan,VER,Red Bull Racing,2.0,HARD,27.0,49.0,95.043,35.253,41.84,17.95,True,R03_Japan_VER_S2,26
R03_Japan,VER,Red Bull Racing,2.0,HARD,28.0,50.0,93.921,34.453,41.502,17.966,True,R03_Japan_VER_S2,26
R03_Japan,VER,Red Bull Racing,2.0,HARD,29.0,51.0,93.845,34.374,41.584,17.887,True,R03_Japan_VER_S2,26
R03_Japan,VER,Red Bull Racing,2.0,HARD,30.0,52.0,93.973,34.319,41.472,18.182,True,R03_Japan_VER_S2,26
R03_Japan,VER,Red Bull Racing,2.0,HARD,31.0,53.0,94.007,34.43,41.581,17.996,True,R03_Japan_VER_S2,26
